:020000040040BA
:10000000A55AA55A01000000FFFFFFFF0020400095
:10001000FFFFFFFF00204000FFFFFFFF0020400028
:10002000FFFFFFFF0000000000204000FFFFFFFF78
:10003000FFFFFFFFFFFFFFFFFFFFFFFFFFFFFFFFD0
:10004000FFFFFFFFFFFFFFFFFFFFFFFFFFFFFFFFC0
:10005000FFFFFFFFFFFFFFFFFFFFFFFFFFFFFFFFB0
:10006000FFFFFFFFFFFFFFFFFFFFFFFFFFFFFFFFA0
:10007000FFFFFFFFFFFFFFFFFFFFFFFFFFFFFFFF90
:10008000FFFFFFFFFFFFFFFFFFFFFFFFFFFFFFFF80
:10009000FFFFFFFFFFFFFFFFFFFFFFFFFFFFFFFF70
:1000A000FFFFFFFFFFFFFFFFFFFFFFFFFFFFFFFF60
:1000B000FFFFFFFFFFFFFFFFFFFFFFFFFFFFFFFF50
:1000C000FFFFFFFFFFFFFFFFFFFFFFFFFFFFFFFF40
:1000D000FFFFFFFFFFFFFFFFFFFFFFFFFFFFFFFF30
:1000E000FFFFFFFFFFFFFFFFFFFFFFFFFFFFFFFF20
:1000F000FFFFFFFFFFFFFFFFFFFFFFFFFFFFFFFF10
:1001000000000000000000000000000000000000EF
:1001100000000000000000000000000000000000DF
:1001200000000000000000000000000000000000CF
:1001300000000000000000000000000000000000BF
:1001400000000000000000000000000000000000AF
:10015000000000000000000000000000000000009F
:10016000000000000000000000000000000000008F
:10017000000000000000000000000000000000007F
:10018000000000000000000000000000000000006F
:10019000000000000000000000000000000000005F
:1001A000000000000000000000000000000000004F
:1001B000000000000000000000000000000000003F
:1001C000000000000000000000000000000000002F
:1001D000000000000000000000000000000000001F
:1001E000000000000000000000000000000000000F
:1001F00000000000000000000000000000000000FF
:1002000000000000000000000000000000000000EE
:1002100000000000000000000000000000000000DE
:1002200000000000000000000000000000000000CE
:1002300000000000000000000000000000000000BE
:1002400000000000000000000000000000000000AE
:10025000000000000000000000000000000000009E
:10026000000000000000000000000000000000008E
:10027000000000000000000000000000000000007E
:10028000000000000000000000000000000000006E
:10029000000000000000000000000000000000005E
:1002A000000000000000000000000000000000004E
:1002B000000000000000000000000000000000003E
:1002C000000000000000000000000000000000002E
:1002D000000000000000000000000000000000001E
:1002E000000000000000000000000000000000000E
:1002F00000000000000000000000000000000000FE
:1003000000000000000000000000000000000000ED
:1003100000000000000000000000000000000000DD
:1003200000000000000000000000000000000000CD
:1003300000000000000000000000000000000000BD
:1003400000000000000000000000000000000000AD
:10035000000000000000000000000000000000009D
:10036000000000000000000000000000000000008D
:10037000000000000000000000000000000000007D
:10038000000000000000000000000000000000006D
:10039000000000000000000000000000000000005D
:1003A000000000000000000000000000000000004D
:1003B000000000000000000000000000000000003D
:1003C000000000000000000000000000000000002D
:1003D000000000000000000000000000000000001D
:1003E000000000000000000000000000000000000D
:1003F00000000000000000000000000000000000FD
:1004000000000000000000000000000000000000EC
:1004100000000000000000000000000000000000DC
:1004200000000000000000000000000000000000CC
:1004300000000000000000000000000000000000BC
:1004400000000000000000000000000000000000AC
:10045000000000000000000000000000000000009C
:10046000000000000000000000000000000000008C
:10047000000000000000000000000000000000007C
:10048000000000000000000000000000000000006C
:10049000000000000000000000000000000000005C
:1004A000000000000000000000000000000000004C
:1004B000000000000000000000000000000000003C
:1004C000000000000000000000000000000000002C
:1004D000000000000000000000000000000000001C
:1004E000000000000000000000000000000000000C
:1004F00000000000000000000000000000000000FC
:1005000000000000000000000000000000000000EB
:1005100000000000000000000000000000000000DB
:1005200000000000000000000000000000000000CB
:1005300000000000000000000000000000000000BB
:1005400000000000000000000000000000000000AB
:10055000000000000000000000000000000000009B
:10056000000000000000000000000000000000008B
:10057000000000000000000000000000000000007B
:10058000000000000000000000000000000000006B
:10059000000000000000000000000000000000005B
:1005A000000000000000000000000000000000004B
:1005B000000000000000000000000000000000003B
:1005C000000000000000000000000000000000002B
:1005D000000000000000000000000000000000001B
:1005E000000000000000000000000000000000000B
:1005F00000000000000000000000000000000000FB
:1006000000000000000000000000000000000000EA
:1006100000000000000000000000000000000000DA
:1006200000000000000000000000000000000000CA
:1006300000000000000000000000000000000000BA
:1006400000000000000000000000000000000000AA
:10065000000000000000000000000000000000009A
:10066000000000000000000000000000000000008A
:10067000000000000000000000000000000000007A
:10068000000000000000000000000000000000006A
:10069000000000000000000000000000000000005A
:1006A000000000000000000000000000000000004A
:1006B000000000000000000000000000000000003A
:1006C000000000000000000000000000000000002A
:1006D000000000000000000000000000000000001A
:1006E000000000000000000000000000000000000A
:1006F00000000000000000000000000000000000FA
:1007000000000000000000000000000000000000E9
:1007100000000000000000000000000000000000D9
:1007200000000000000000000000000000000000C9
:1007300000000000000000000000000000000000B9
:1007400000000000000000000000000000000000A9
:100750000000000000000000000000000000000099
:100760000000000000000000000000000000000089
:100770000000000000000000000000000000000079
:100780000000000000000000000000000000000069
:100790000000000000000000000000000000000059
:1007A0000000000000000000000000000000000049
:1007B0000000000000000000000000000000000039
:1007C0000000000000000000000000000000000029
:1007D0000000000000000000000000000000000019
:1007E0000000000000000000000000000000000009
:1007F00000000000000000000000000000000000F9
:1008000000000000000000000000000000000000E8
:1008100000000000000000000000000000000000D8
:1008200000000000000000000000000000000000C8
:1008300000000000000000000000000000000000B8
:1008400000000000000000000000000000000000A8
:100850000000000000000000000000000000000098
:100860000000000000000000000000000000000088
:100870000000000000000000000000000000000078
:100880000000000000000000000000000000000068
:100890000000000000000000000000000000000058
:1008A0000000000000000000000000000000000048
:1008B0000000000000000000000000000000000038
:1008C0000000000000000000000000000000000028
:1008D0000000000000000000000000000000000018
:1008E0000000000000000000000000000000000008
:1008F00000000000000000000000000000000000F8
:1009000000000000000000000000000000000000E7
:1009100000000000000000000000000000000000D7
:1009200000000000000000000000000000000000C7
:1009300000000000000000000000000000000000B7
:1009400000000000000000000000000000000000A7
:100950000000000000000000000000000000000097
:100960000000000000000000000000000000000087
:100970000000000000000000000000000000000077
:100980000000000000000000000000000000000067
:100990000000000000000000000000000000000057
:1009A0000000000000000000000000000000000047
:1009B0000000000000000000000000000000000037
:1009C0000000000000000000000000000000000027
:1009D0000000000000000000000000000000000017
:1009E0000000000000000000000000000000000007
:1009F00000000000000000000000000000000000F7
:100A000000000000000000000000000000000000E6
:100A100000000000000000000000000000000000D6
:100A200000000000000000000000000000000000C6
:100A300000000000000000000000000000000000B6
:100A400000000000000000000000000000000000A6
:100A50000000000000000000000000000000000096
:100A60000000000000000000000000000000000086
:100A70000000000000000000000000000000000076
:100A80000000000000000000000000000000000066
:100A90000000000000000000000000000000000056
:100AA0000000000000000000000000000000000046
:100AB0000000000000000000000000000000000036
:100AC0000000000000000000000000000000000026
:100AD0000000000000000000000000000000000016
:100AE0000000000000000000000000000000000006
:100AF00000000000000000000000000000000000F6
:100B000000000000000000000000000000000000E5
:100B100000000000000000000000000000000000D5
:100B200000000000000000000000000000000000C5
:100B300000000000000000000000000000000000B5
:100B400000000000000000000000000000000000A5
:100B50000000000000000000000000000000000095
:100B60000000000000000000000000000000000085
:100B70000000000000000000000000000000000075
:100B80000000000000000000000000000000000065
:100B90000000000000000000000000000000000055
:100BA0000000000000000000000000000000000045
:100BB0000000000000000000000000000000000035
:100BC0000000000000000000000000000000000025
:100BD0000000000000000000000000000000000015
:100BE0000000000000000000000000000000000005
:100BF00000000000000000000000000000000000F5
:100C000000000000000000000000000000000000E4
:100C100000000000000000000000000000000000D4
:100C200000000000000000000000000000000000C4
:100C300000000000000000000000000000000000B4
:100C400000000000000000000000000000000000A4
:100C50000000000000000000000000000000000094
:100C60000000000000000000000000000000000084
:100C70000000000000000000000000000000000074
:100C80000000000000000000000000000000000064
:100C90000000000000000000000000000000000054
:100CA0000000000000000000000000000000000044
:100CB0000000000000000000000000000000000034
:100CC0000000000000000000000000000000000024
:100CD0000000000000000000000000000000000014
:100CE0000000000000000000000000000000000004
:100CF00000000000000000000000000000000000F4
:100D000000000000000000000000000000000000E3
:100D100000000000000000000000000000000000D3
:100D200000000000000000000000000000000000C3
:100D300000000000000000000000000000000000B3
:100D400000000000000000000000000000000000A3
:100D50000000000000000000000000000000000093
:100D60000000000000000000000000000000000083
:100D70000000000000000000000000000000000073
:100D80000000000000000000000000000000000063
:100D90000000000000000000000000000000000053
:100DA0000000000000000000000000000000000043
:100DB0000000000000000000000000000000000033
:100DC0000000000000000000000000000000000023
:100DD0000000000000000000000000000000000013
:100DE0000000000000000000000000000000000003
:100DF00000000000000000000000000000000000F3
:100E000000000000000000000000000000000000E2
:100E100000000000000000000000000000000000D2
:100E200000000000000000000000000000000000C2
:100E300000000000000000000000000000000000B2
:100E400000000000000000000000000000000000A2
:100E50000000000000000000000000000000000092
:100E60000000000000000000000000000000000082
:100E70000000000000000000000000000000000072
:100E80000000000000000000000000000000000062
:100E90000000000000000000000000000000000052
:100EA0000000000000000000000000000000000042
:100EB0000000000000000000000000000000000032
:100EC0000000000000000000000000000000000022
:100ED0000000000000000000000000000000000012
:100EE0000000000000000000000000000000000002
:100EF00000000000000000000000000000000000F2
:100F000000000000000000000000000000000000E1
:100F100000000000000000000000000000000000D1
:100F200000000000000000000000000000000000C1
:100F300000000000000000000000000000000000B1
:100F400000000000000000000000000000000000A1
:100F50000000000000000000000000000000000091
:100F60000000000000000000000000000000000081
:100F70000000000000000000000000000000000071
:100F80000000000000000000000000000000000061
:100F90000000000000000000000000000000000051
:100FA0000000000000000000000000000000000041
:100FB0000000000000000000000000000000000031
:100FC0000000000000000000000000000000000021
:100FD0000000000000000000000000000000000011
:100FE0000000000000000000000000000000000001
:100FF00000000000000000000000000000000000F1
:1010000000000000000000000000000000000000E0
:1010100000000000000000000000000000000000D0
:1010200000000000000000000000000000000000C0
:1010300000000000000000000000000000000000B0
:1010400000000000000000000000000000000000A0
:101050000000000000000000000000000000000090
:101060000000000000000000000000000000000080
:101070000000000000000000000000000000000070
:101080000000000000000000000000000000000060
:101090000000000000000000000000000000000050
:1010A0000000000000000000000000000000000040
:1010B0000000000000000000000000000000000030
:1010C0000000000000000000000000000000000020
:1010D0000000000000000000000000000000000010
:1010E0000000000000000000000000000000000000
:1010F00000000000000000000000000000000000F0
:1011000000000000000000000000000000000000DF
:1011100000000000000000000000000000000000CF
:1011200000000000000000000000000000000000BF
:1011300000000000000000000000000000000000AF
:10114000000000000000000000000000000000009F
:10115000000000000000000000000000000000008F
:10116000000000000000000000000000000000007F
:10117000000000000000000000000000000000006F
:10118000000000000000000000000000000000005F
:10119000000000000000000000000000000000004F
:1011A000000000000000000000000000000000003F
:1011B000000000000000000000000000000000002F
:1011C000000000000000000000000000000000001F
:1011D000000000000000000000000000000000000F
:1011E00000000000000000000000000000000000FF
:1011F00000000000000000000000000000000000EF
:1012000000000000000000000000000000000000DE
:1012100000000000000000000000000000000000CE
:1012200000000000000000000000000000000000BE
:1012300000000000000000000000000000000000AE
:10124000000000000000000000000000000000009E
:10125000000000000000000000000000000000008E
:10126000000000000000000000000000000000007E
:10127000000000000000000000000000000000006E
:10128000000000000000000000000000000000005E
:10129000000000000000000000000000000000004E
:1012A000000000000000000000000000000000003E
:1012B000000000000000000000000000000000002E
:1012C000000000000000000000000000000000001E
:1012D000000000000000000000000000000000000E
:1012E00000000000000000000000000000000000FE
:1012F00000000000000000000000000000000000EE
:1013000000000000000000000000000000000000DD
:1013100000000000000000000000000000000000CD
:1013200000000000000000000000000000000000BD
:1013300000000000000000000000000000000000AD
:10134000000000000000000000000000000000009D
:10135000000000000000000000000000000000008D
:10136000000000000000000000000000000000007D
:10137000000000000000000000000000000000006D
:10138000000000000000000000000000000000005D
:10139000000000000000000000000000000000004D
:1013A000000000000000000000000000000000003D
:1013B000000000000000000000000000000000002D
:1013C000000000000000000000000000000000001D
:1013D000000000000000000000000000000000000D
:1013E00000000000000000000000000000000000FD
:1013F00000000000000000000000000000000000ED
:1014000000000000000000000000000000000000DC
:1014100000000000000000000000000000000000CC
:1014200000000000000000000000000000000000BC
:1014300000000000000000000000000000000000AC
:10144000000000000000000000000000000000009C
:10145000000000000000000000000000000000008C
:10146000000000000000000000000000000000007C
:10147000000000000000000000000000000000006C
:10148000000000000000000000000000000000005C
:10149000000000000000000000000000000000004C
:1014A000000000000000000000000000000000003C
:1014B000000000000000000000000000000000002C
:1014C000000000000000000000000000000000001C
:1014D000000000000000000000000000000000000C
:1014E00000000000000000000000000000000000FC
:1014F00000000000000000000000000000000000EC
:1015000000000000000000000000000000000000DB
:1015100000000000000000000000000000000000CB
:1015200000000000000000000000000000000000BB
:1015300000000000000000000000000000000000AB
:10154000000000000000000000000000000000009B
:10155000000000000000000000000000000000008B
:10156000000000000000000000000000000000007B
:10157000000000000000000000000000000000006B
:10158000000000000000000000000000000000005B
:10159000000000000000000000000000000000004B
:1015A000000000000000000000000000000000003B
:1015B000000000000000000000000000000000002B
:1015C000000000000000000000000000000000001B
:1015D000000000000000000000000000000000000B
:1015E00000000000000000000000000000000000FB
:1015F00000000000000000000000000000000000EB
:1016000000000000000000000000000000000000DA
:1016100000000000000000000000000000000000CA
:1016200000000000000000000000000000000000BA
:1016300000000000000000000000000000000000AA
:10164000000000000000000000000000000000009A
:10165000000000000000000000000000000000008A
:10166000000000000000000000000000000000007A
:10167000000000000000000000000000000000006A
:10168000000000000000000000000000000000005A
:10169000000000000000000000000000000000004A
:1016A000000000000000000000000000000000003A
:1016B000000000000000000000000000000000002A
:1016C000000000000000000000000000000000001A
:1016D000000000000000000000000000000000000A
:1016E00000000000000000000000000000000000FA
:1016F00000000000000000000000000000000000EA
:1017000000000000000000000000000000000000D9
:1017100000000000000000000000000000000000C9
:1017200000000000000000000000000000000000B9
:1017300000000000000000000000000000000000A9
:101740000000000000000000000000000000000099
:101750000000000000000000000000000000000089
:101760000000000000000000000000000000000079
:101770000000000000000000000000000000000069
:101780000000000000000000000000000000000059
:101790000000000000000000000000000000000049
:1017A0000000000000000000000000000000000039
:1017B0000000000000000000000000000000000029
:1017C0000000000000000000000000000000000019
:1017D0000000000000000000000000000000000009
:1017E00000000000000000000000000000000000F9
:1017F00000000000000000000000000000000000E9
:1018000000000000000000000000000000000000D8
:1018100000000000000000000000000000000000C8
:1018200000000000000000000000000000000000B8
:1018300000000000000000000000000000000000A8
:101840000000000000000000000000000000000098
:101850000000000000000000000000000000000088
:101860000000000000000000000000000000000078
:101870000000000000000000000000000000000068
:101880000000000000000000000000000000000058
:101890000000000000000000000000000000000048
:1018A0000000000000000000000000000000000038
:1018B0000000000000000000000000000000000028
:1018C0000000000000000000000000000000000018
:1018D0000000000000000000000000000000000008
:1018E00000000000000000000000000000000000F8
:1018F00000000000000000000000000000000000E8
:1019000000000000000000000000000000000000D7
:1019100000000000000000000000000000000000C7
:1019200000000000000000000000000000000000B7
:1019300000000000000000000000000000000000A7
:101940000000000000000000000000000000000097
:101950000000000000000000000000000000000087
:101960000000000000000000000000000000000077
:101970000000000000000000000000000000000067
:101980000000000000000000000000000000000057
:101990000000000000000000000000000000000047
:1019A0000000000000000000000000000000000037
:1019B0000000000000000000000000000000000027
:1019C0000000000000000000000000000000000017
:1019D0000000000000000000000000000000000007
:1019E00000000000000000000000000000000000F7
:1019F00000000000000000000000000000000000E7
:101A000000000000000000000000000000000000D6
:101A100000000000000000000000000000000000C6
:101A200000000000000000000000000000000000B6
:101A300000000000000000000000000000000000A6
:101A40000000000000000000000000000000000096
:101A50000000000000000000000000000000000086
:101A60000000000000000000000000000000000076
:101A70000000000000000000000000000000000066
:101A80000000000000000000000000000000000056
:101A90000000000000000000000000000000000046
:101AA0000000000000000000000000000000000036
:101AB0000000000000000000000000000000000026
:101AC0000000000000000000000000000000000016
:101AD0000000000000000000000000000000000006
:101AE00000000000000000000000000000000000F6
:101AF00000000000000000000000000000000000E6
:101B000000000000000000000000000000000000D5
:101B100000000000000000000000000000000000C5
:101B200000000000000000000000000000000000B5
:101B300000000000000000000000000000000000A5
:101B40000000000000000000000000000000000095
:101B50000000000000000000000000000000000085
:101B60000000000000000000000000000000000075
:101B70000000000000000000000000000000000065
:101B80000000000000000000000000000000000055
:101B90000000000000000000000000000000000045
:101BA0000000000000000000000000000000000035
:101BB0000000000000000000000000000000000025
:101BC0000000000000000000000000000000000015
:101BD0000000000000000000000000000000000005
:101BE00000000000000000000000000000000000F5
:101BF00000000000000000000000000000000000E5
:101C000000000000000000000000000000000000D4
:101C100000000000000000000000000000000000C4
:101C200000000000000000000000000000000000B4
:101C300000000000000000000000000000000000A4
:101C40000000000000000000000000000000000094
:101C50000000000000000000000000000000000084
:101C60000000000000000000000000000000000074
:101C70000000000000000000000000000000000064
:101C80000000000000000000000000000000000054
:101C90000000000000000000000000000000000044
:101CA0000000000000000000000000000000000034
:101CB0000000000000000000000000000000000024
:101CC0000000000000000000000000000000000014
:101CD0000000000000000000000000000000000004
:101CE00000000000000000000000000000000000F4
:101CF00000000000000000000000000000000000E4
:101D000000000000000000000000000000000000D3
:101D100000000000000000000000000000000000C3
:101D200000000000000000000000000000000000B3
:101D300000000000000000000000000000000000A3
:101D40000000000000000000000000000000000093
:101D50000000000000000000000000000000000083
:101D60000000000000000000000000000000000073
:101D70000000000000000000000000000000000063
:101D80000000000000000000000000000000000053
:101D90000000000000000000000000000000000043
:101DA0000000000000000000000000000000000033
:101DB0000000000000000000000000000000000023
:101DC0000000000000000000000000000000000013
:101DD0000000000000000000000000000000000003
:101DE00000000000000000000000000000000000F3
:101DF00000000000000000000000000000000000E3
:101E000000000000000000000000000000000000D2
:101E100000000000000000000000000000000000C2
:101E200000000000000000000000000000000000B2
:101E300000000000000000000000000000000000A2
:101E40000000000000000000000000000000000092
:101E50000000000000000000000000000000000082
:101E60000000000000000000000000000000000072
:101E70000000000000000000000000000000000062
:101E80000000000000000000000000000000000052
:101E90000000000000000000000000000000000042
:101EA0000000000000000000000000000000000032
:101EB0000000000000000000000000000000000022
:101EC0000000000000000000000000000000000012
:101ED0000000000000000000000000000000000002
:101EE00000000000000000000000000000000000F2
:101EF00000000000000000000000000000000000E2
:101F000000000000000000000000000000000000D1
:101F100000000000000000000000000000000000C1
:101F200000000000000000000000000000000000B1
:101F300000000000000000000000000000000000A1
:101F40000000000000000000000000000000000091
:101F50000000000000000000000000000000000081
:101F60000000000000000000000000000000000071
:101F70000000000000000000000000000000000061
:101F80000000000000000000000000000000000051
:101F90000000000000000000000000000000000041
:101FA0000000000000000000000000000000000031
:101FB0000000000000000000000000000000000021
:101FC0000000000000000000000000000000000011
:101FD0000000000000000000000000000000000001
:101FE00000000000000000000000000000000000F1
:101FF00000000000000000000000000000000000E1
:102000000000022021244000D55C4100AD274000A3
:10201000D95C4100DB5C4100DD5C41000000000058
:10202000000000000000000000000000DF5C410034
:10203000E15C410000000000E35C4100E55C410020
:10204000E75C4100E75C4100E75C4100E75C410080
:10205000E75C4100E75C4100E75C4100E75C410070
:10206000E75C4100E75C4100E75C4100E75C410060
:10207000E75C4100E75C4100E75C4100E75C410050
:10208000E75C4100E75C4100E75C4100E75C410040
:10209000E75C4100E75C4100E75C4100E75C410030
:1020A000E75C4100E75C4100E75C4100E75C410020
:1020B000E75C4100E75C4100E75C4100E75C410010
:1020C000E75C4100E75C4100E75C4100E75C410000
:1020D000E75C4100E75C4100E75C4100E75C4100F0
:1020E000E75C4100E75C4100E75C4100E75C4100E0
:1020F000E75C4100E75C4100E75C4100E75C4100D0
:10210000E75C4100E75C4100E75C4100E75C4100BF
:10211000E75C4100E75C4100E75C4100E75C4100AF
:10212000E75C4100E75C4100E75C4100E75C41009F
:10213000E75C4100E75C4100E75C4100E75C41008F
:10214000E75C4100E75C4100E75C4100E75C41007F
:10215000E75C4100E75C4100E75C4100E75C41006F
:10216000E75C4100E75C4100E75C4100E75C41005F
:10217000E75C4100E75C4100E75C4100E75C41004F
:10218000E75C4100E75C4100E75C4100E75C41003F
:10219000E75C4100E75C4100E75C4100E75C41002F
:1021A000E75C4100E75C4100E75C4100E75C41001F
:1021B000E75C4100E75C4100E75C4100E75C41000F
:1021C000E75C4100E75C4100E75C4100E75C4100FF
:1021D000E75C4100E75C4100E75C4100E75C4100EF
:1021E000E75C4100E75C4100E75C4100E75C4100DF
:1021F000E75C4100E75C4100E75C4100E75C4100CF
:10220000E75C4100E75C4100E75C4100E75C4100BE
:10221000E75C4100E75C4100E75C4100E75C4100AE
:10222000E75C4100E75C4100E75C4100E75C41009E
:10223000E75C4100E75C4100E75C4100E75C41008E
:10224000E75C4100E75C4100E75C4100E75C41007E
:10225000E75C4100E75C4100E75C4100E75C41006E
:10226000E75C4100E75C4100E75C4100E75C41005E
:10227000E75C4100E75C4100E75C4100E75C41004E
:10228000E75C4100E75C4100E75C4100E75C41003E
:10229000E75C4100E75C4100E75C4100E75C41002E
:1022A000E75C4100E75C4100E75C4100E75C41001E
:1022B000E75C4100E75C4100E75C4100E75C41000E
:1022C000E75C4100E75C4100E75C4100E75C4100FE
:1022D000E75C4100E75C4100E75C4100E75C4100EE
:1022E000E75C4100E75C4100E75C4100E75C4100DE
:1022F000E75C4100E75C4100E75C4100E75C4100CE
:10230000E75C4100E75C4100E75C4100E75C4100BD
:10231000E75C4100E75C4100E75C4100E75C4100AD
:10232000E75C4100E75C4100E75C4100E75C41009D
:10233000E75C4100E75C4100E75C4100E75C41008D
:10234000E75C4100E75C4100E75C4100E75C41007D
:10235000E75C4100E75C4100E75C4100E75C41006D
:10236000E75C4100E75C4100E75C4100E75C41005D
:10237000E75C4100E75C4100E75C4100E75C41004D
:10238000E75C4100E75C4100E75C4100E75C41003D
:10239000E75C4100E75C4100E75C4100E75C41002D
:1023A000E75C4100E75C4100E75C4100E75C41001D
:1023B000E75C4100E75C4100E75C4100E75C41000D
:1023C000E75C4100E75C4100E75C4100E75C4100FD
:1023D000E75C4100E75C4100E75C4100E75C4100ED
:1023E000E75C4100E75C4100E75C4100E75C4100DD
:1023F000E75C4100E75C4100E75C4100E75C4100CD
:10240000E75C4100E75C410000BF00BF00BF00BFC8
:10241000FFF7FABF0000000000000000000000000D
:1024200072B64FF000004FF000014FF000024FF085
:1024300000034FF000044FF000054FF000064FF08E
:1024400000074FF0640001380028FCDC5C4801689C
:102450004FF0807201EA0201002924D15948016835
:102460004FF0807241EA02010160574801684FF065
:10247000010241EA02010160544845F6F021016081
:102480004AF20F510160504801684FF0010201EA21
:1024900002010129F7D04A4801684FF0807201EA31
:1024A00002010029F7D04A484CF2205101604DF654
:1024B000281101604748484901604848484901607F
:1024C0004849086820F0040040F0010008604649CF
:1024D000086820F0040040F001000860434800282C
:1024E00014D0434801684FF0010201EA02010029BB
:1024F00002D0404A404B01E0404A3F4B9A4205DA45
:1025000000200021E2E802019A42FBDB3C4800285F
:1025100016D03C4A12684FF07F4302EA03024FEAAA
:102520001262092A02D1384A384B01E0364A384B48
:102530009A4205DA00200021E2E802019A42FBDB20
:102540003448002816D02F4A12684FF47F0302EA5D
:1025500003024FEA1242082A02D12F4A2F4B01E010
:102560002D4A2F4B9A4205DA00200021E2E80201B1
:102570009A42FBDB2B4800684FF05A318842F9D071
:10258000294880F3088813F0D9FD284801684FF0E6
:102590000000814202D013F015FC01E013F0CCFBE7
:1025A0000E482349016013F045FC62B613F038FC75
:1025B00000F040F800BFFEE7AFF30080AFF300800B
:1025C00010C32D4030C32D4004C32D4000C02D400A
:1025D0001000274000002740400000FF08ED00E009
:1025E0000020400094EF00E090EF00E001000000C8
:1025F00000C028400000402000404420000040204F
:10260000010000001400264000000020000002200D
:102610000000012001000000000000000000010097
:1026200000800000E01C4020000002200400264042
:102630000000002038B5304805F018FA2F49132063
:1026400013F042F901220D212D4812F0AFFF2D4861
:102650000AF05FF92C4900200AF0B6FE2B49002051
:102660000AF0C8FE002108460AF066FF00F0B6F83E
:10267000044628B100220D21214812F097FFFEE701
:1026800000F026FE01F040F8054628B122460D2153
:102690001B4812F08BFFFEE701F0BEFD044628B197
:1026A0002A460D21164812F081FFFEE701F03AFF9D
:1026B00001F022FE00F06CFA00F022FA00F00AFFAE
:1026C00000F082FF00F0CEFA02F002F800F0D0FE37
:1026D00003210F4800F018FA0E4A214620460AF05E
:1026E000FBFE28B122460D21054812F05FFFFEE7F0
:1026F00000F026FAFCE700BFC0634100546B4100C4
:1027000000172940F46A4100506B4100406B4100C2
:10271000F0614100801A060000F024BE08B500F008
:10272000E7FD01F0BDFB00F0A7FF00F0D3FA00F0D9
:1027300037FE00F039FA01F0CFF801F025F901F089
:102740006DF901F023FA01F043FA01F043FD01F0C5
:1027500061FA01F09BFA01F011FBBDE8084001F0BD
:1027600065BB38B50F4C00F055F800F0CBF901F01F
:10277000F1FD23680133312B01D8236038BD0025DA
:102780002279256032B90D21074812F00FFF01238D
:102790002371F3E701220D21034812F007FF257191
:1027A000ECE700BF00004020001729404FF0E02276
:1027B000084BD2F82C1D9960D2F8281DD960D2F8A8
:1027C000341D1961D2F8381D5961D2F83C2D9A6137
:1027D000FEE700BF0000402000F0AAB908B50B4991
:1027E000012003F071FC08B1012008BD012003F0B5
:1027F00005F90028F8D1064903F066FC0028F3D15A
:1028000003F0FCF8003818BF0120EEE798624100A1
:102810002863410030B5534C97B02378002B5BD030
:102820006B4600222221012003F04CF8012102AB6B
:102830000022084603F046F804AB002220210120C4
:1028400003F040F806AB00222121012003F03AF802
:1028500008AB00220421012003F034F80AAB002267
:102860002321012003F02EF80CAB002224210120AB
:1028700003F028F89DF80130002B6ED09DF8093048
:10288000002B6AD09DF81130002B66D09DF81930CE
:10289000002B62D09DF82930002B5ED09DF831309E
:1028A000002B5AD0BDF804306380BDF80C30A380F3
:1028B000BDF81430E380BDF81C302381BDF82C3006
:1028C0006381BDF83430A3810123A3739DF82130C7
:1028D00013B1BDF824302382A37C8BB300220EAB4E
:1028E0001146104602F0EEFF002210AB0121104607
:1028F00002F0E8FF002212AB0321104602F0E2FFD3
:10290000002214AB0421104602F0DCFF9DF83930A0
:102910002BB39DF8413013B39DF84930FBB19DF8BE
:102920005130E3B1BDF83C30A382BDF84430E382BE
:10293000BDF84C302383BDF85430638301232377E3
:102940000021012002F034FF0021012508462570F6
:1029500002F02EFFA57417B030BD0023B5E70023A9
:10296000EDE700BF1C004020014B588880B2704743
:102970001C004020054B588840F6E44380B2584381
:1029800043F6FF73B0FBF3F080B270471C004020A9
:10299000014B988880B270471C004020014BD888BA
:1029A00080B270471C004020014B188980B27047EC
:1029B0001C004020014B188A80B270471C00402048
:1029C000054B188A40F6E44380B2584343F6FF7340
:1029D000B0FBF3F080B270471C004020014B5889D7
:1029E00080B270471C004020054B588940F6E443F4
:1029F00080B2584343F6FF73B0FBF3F080B27047E8
:102A00001C004020014B988980B270471C00402078
:102A1000054B988940F6E44380B2584343F6FF7370
:102A2000B0FBF3F080B270471C004020054B988843
:102A300040F6E44380B2584343F6FF73B0FBF3F033
:102A400080B270471C004020014B988A80B27047CA
:102A50001C004020014BD88A80B270471C004020E7
:102A6000014B188B80B270471C004020014B588BE3
:102A700080B270471C004020054B988A40F6E44322
:102A800080B2584343F6FF73B0FBF3F080B2704757
:102A90001C004020054BD88A40F6E44380B25843DE
:102AA00043F6FF73B0FBF3F080B270471C00402088
:102AB000054B188B40F6E44380B2584343F6FF734E
:102AC000B0FBF3F080B270471C004020054B588BE0
:102AD00040F6E44380B2584343F6FF73B0FBF3F093
:102AE00080B270471C004020014B987B704700BFAC
:102AF0001C004020014B187F704700BF1C00402085
:102B000000F0B0B800F0E6B808294FF0200228BF66
:102B1000082110B5054C206004F108006160002117
:102B200002F018FA0023A36210BD00BF3C00402051
:102B3000024A936A01339362704700BF3C00402011
:102B40002DE9F04172B6104E4FF00008B76AC6F892
:102B5000288062B60FB9BDE8F081013F0B4D00241B
:102B60007368A342F6D92B683268013302EBC401C3
:102B70002B6049688B4204D352F83430C5F800808A
:102B8000984701340435EBE73C00402044004020E6
:102B9000014B00221A60704768004020014B186802
:102BA000704700BF6800402070B5294C2368032B94
:102BB00006D8DFE803F00207203801F061FD80B39A
:102BC000032316E00025234B1D70234B1D7001F0DD
:102BD00057FD224A08B11570F2E7117861B3107001
:102BE00001F0A4FB012001F0A1FB022001F09EFBFB
:102BF0000223236020E00025164B184E1D7035700F
:102C000001F03EFD144A08B13570E4E7117899B13E
:102C1000107001F095FB012001F092FB022001F001
:102C20008FFB0123E5E70B4B1A782AB100221A70BB
:102C300001F026FD0028F4D023680F210848022B5C
:102C4000BDE870400CBF0022012212F0AFBC00BFF3
:102C5000680040206004402088014020800140201E
:102C60000017294070B54022194C00250026A018F5
:102C7000294626606660A660A585A563A587C4E988
:102C80000C5502F067F90F22294604F10C00C4F834
:102C90008060C4F88460C4F88860A4F88C5084F81C
:102CA0008E5002F057F90F22294604F11C0002F061
:102CB00051F9012384F89850A4F89A50C4F89C5014
:102CC000A4F8A050C4F8A430C4E9245570BD00BFD6
:102CD0006C0040202DE9F8432DED028BFFF704FF37
:102CE000924E0546924C002800F08D80337803F018
:102CF000FF05002B00F087808E4B9FED8F8A1B68AD
:102D00002360FFF771FE07EE900AF8EE677A87EE10
:102D1000887A84ED017AFFF77BFE07EE900A0023A4
:102D2000F8EE677A87EE887A84ED027AC4F8A430E8
:102D3000824B84F8A1501B6843B133784FF40021D3
:102D400003F0FF00002B60D101F0F6FB7C4B997C77
:102D5000DA7C187DC9B2D2B284F83C00587D84F880
:102D60003A1084F83D00987C84F83B202076587D0A
:102D700068B11868E0609888A08598682063D86872
:102D80006063187C5B7C84F8380084F839304FF439
:102D9000803001B1EABB01F01BFC94F83C304FF4E9
:102DA0000030CBBB01F014FC94F839304FF4802094
:102DB000ABB301F00DFC3278257E02F0FF0392B335
:102DC00085B3D4ED037A2B46DFED5B6AB8EEE77A84
:102DD000C7EE267A94ED007A67EE877A0026C4ED76
:102DE000077A84F8283084F8296084F82A60EDB9DD
:102DF0004FF48011284601F0ABFB4FF40011002086
:102E000001F0A6FB2CE0012390E7002001F0A0FBDD
:102E10009CE701F0E5FBC0E701F0E2FBC4E701F04D
:102E2000DFFBC8E72B46DFED477AD7E74FF4801189
:102E30003046E56801F0ACFB00285BD0424B9D4278
:102E400004DB4FF48011304601F082FB4FF4001197
:102E5000002001F09DFB002854D03C4B9D42CCDD6E
:102E60003B4D95F82830002B54D02946394A102381
:102E7000DFED317A31F8020B013B07EE100A13F057
:102E8000FF03B8EE477AC7EE276AE2EC016AF1D198
:102E90002B8C402007EE103A6B8CB8EE477AC7EEC9
:102EA000276A07EE103AAB8CB8EE477AC4ED206A79
:102EB000C7EE276A07EE103AEB8CA4F88C3001239A
:102EC000B8EE477A84F88E30C4ED216AC7EE276ADF
:102ED000C4ED226A01F084FB042001F08FFB6B8CAF
:102EE00000283DD141F29902934240D9042001F0DB
:102EF0006FFB3CE0184B9D42A8DA4FF4801101F0C3
:102F00001BFBA3E7154B9D42AADD4FF4001101F016
:102F100013FBA5E7402084F88E3001F059FB042014
:102F200001F05EFB082001F05BFB2AE04104402039
:102F30006C004020BC04402000007A44C0044020C3
:102F40005C0140200000000070A0FEFF7011010035
:102F50002E014020AC0040206179FEFF7F38010047
:102F600041F23602934202D8042001F039FB0820D6
:102F700001F044FB2A8C002879D040F68B239A423A
:102F8000D0D894F88E30002B79D14FF4004001F066
:102F900027FB002000F0DCF984F89600012000F007
:102FA000D7F984F89700022000F0D2F994F896300F
:102FB00084F8980023B1002000F0C0F9A4F8900034
:102FC00094F8973023B1012000F0B8F9A4F89200EA
:102FD00094F8983023B1022000F0B0F9A4F89400DE
:102FE00000235F4E6FF09B090320B64619469C46AE
:102FF0001F461A46A9EB0409A4F89A30C4F89C307D
:103000001EF8018FB8F1000F09D039F91E50002ABF
:1030100047D0AF42C4BF94462F468D4247DC0138AB
:1030200010F0FF00ECD10BB1A4F89C10BCF1000F24
:1030300001D0A4F89A7032B1B4F89C30B4F89A1068
:103040005B1AA4F89E30002584F8A02016F8013FF2
:103050004FF4005128466BBB01F06EFA1021284650
:1030600001F076FA2021284601F072FA3CE040F6A1
:10307000C4139A4285D8082001F0AAFA81E74FF4D8
:10308000004001F0BBFAAB8C10B1C82B81D87CE7B3
:10309000B3F5967FFFF47DAF4FF4004001F098FA4E
:1030A00077E743462946C4462F464246B7E71346CC
:1030B0002946B4E701F04CFA102104EB45032846F9
:1030C000B3F9907001F064FA58B340F29E739F42D6
:1030D00003DC1021284601F03BFA2021284601F0AC
:1030E00057FA30B39637BDDA0135032DAED1B4F8B7
:1030F000962040F201139A420BD194F8983043B1D4
:103100004FF4804001F07AFAB4F99E30C0B1642BDC
:1031100021DC4FF48040BDEC028BBDE8F84301F0A8
:103120005FBAB7F5FA6FD8DB1021284601F004FA30
:10313000D3E7C737D8DA2021284601F0FDF9D3E7D5
:10314000B3F5FA7F07DB4FF48040BDEC028BBDE89E
:10315000F84301F03DBABDEC028BBDE8F88300BF37
:1031600001014020004870476C00402013B560F01A
:103170007F0000230C4603228DF8000001A9684659
:103180008DF801308DF8023001F05EF828B9BDF8F5
:1031900005305BBA238002B010BD0120FBE707B504
:1031A00000F07F000B0A8DF8061003218DF8040053
:1031B00001A88DF8053001F063F803B05DF804FB59
:1031C00001B1D3E70120704701210846FFF7E7BFAF
:1031D00073B5054610B9012002B070BD012102206F
:1031E000FFF7DDFF0028F6D1AE1E10240DF1060119
:1031F0002046FFF7BBFF0028EDD10134BDF80630B3
:10320000E4B226F8023F1C2CF0D12883E4E700004A
:1032100007EE900ADFED266AB8EE677A10B5C7EEC2
:10322000267A0C462DED028BB7EE008AF5EEC07AB9
:10323000F1EE10FA35D9F4EE487A9FED1E7AF1EEF0
:1032400010FA67FE277A78EE676A9FED1B0A87EE11
:10325000A67A27EE007A87EE000A01F083FEDFED02
:10326000177A9FED177A00EE277AC8EE077A9FED5E
:10327000157A77EEC77AB2EE047A67EE877AFDEEBA
:10328000E77A17EE903A1BB213F5C87F0CDB40F2D9
:10329000E24293420ADD134601202380BDEC028BFB
:1032A00010BDDFED097ACEE7084BF5E70020F4E723
:1032B00000FC7F46EFFF7F3F00401C4693A19839FA
:1032C0000FCF5B3B33938843BD37863570FEFFFFDE
:1032D000044B00221A809A715A80DA719A801A720D
:1032E000704700BF1401402001B191E701207047F1
:1032F00073B5114D0024AE1F012CE3B214D0022B84
:1033000015D0FFF745FB0DF10601FFF781FF88B9E6
:10331000BDF8063026F814300123013405F8013BCE
:10332000032CE9D102B070BDFFF738FBEBE7FFF7E4
:103330003BFBE8E70023F0E71A014020C0B2022877
:103340009ABF024B33F9100000207047140140204F
:10335000C0B202289DBF024B1B189879002070470D
:103360001401402038B50D4CA3793BB1A3684EF64B
:103370005F2203F57A73934201D8A36038BD00231E
:10338000A588A360A389AB4200D8F7D0284601F0F6
:1033900011FA0028F2D0A581F0E700BF20014020FB
:1033A00008B5FFF7DFFE1D4BA8B3027E2AB390EDF0
:1033B000037AD3ED007AB8EEC77ADFED196A47EEEB
:1033C000267A9FED187AF4EEC77AF1EE10FA16DD40
:1033D00083ED007ADFED146AD3ED007A67EEA67A0A
:1033E000C7EE876AB2EE047AF6EE007A46EE877A86
:1033F000FCEEE77A17EE901A99809A7108BDF5EE07
:10340000C07ADFED0A6AF1EE10FA48BFF0EE667A94
:10341000C3ED007ADEE70246EFE700BF200140205F
:103420005304E9370050C3470000C84200000000C1
:103430000048704720014020B0F57A7F9FED097A5F
:10344000DFED096A28BF4FF47A70084B07EE900A47
:103450009880F8EE677A67EE877A87EEA67A83ED32
:10346000007A70470050C34700007A442001402092
:1034700007B50DF1060001F061F90A4A58B1BDF82F
:103480000600FFF7D9FF938893810023936093711F
:1034900003B05DF804FB044B13604FF4FA739380A0
:1034A000F1E700BF20014020005043470A88084B45
:1034B00010B523F81020421C4C8823F81240821CBF
:1034C0008C88033023F81240CA8823F8102010BDDE
:1034D0002E01402008B50B4B20220021184601F098
:1034E00039FD002280F82A2080F82B2080F82C203B
:1034F00080F82D20028442848284C28480F82820AF
:1035000008BD00BF2E014020F8B5002948D0072A89
:1035100046D96FF480631844032841D8DFE800F0EF
:10352000023441490020FFF7C1FF264B012283F8F6
:103530002A20244B93F82B2092B393F82C207AB3B3
:1035400093F82D2062B3198800251F4601200A46F2
:103550002E4637F8024F5FFA80FC01308C423CBFA8
:1035600066462146944284BF654622461028F0D123
:103570005A84521A19849A84012283F8266083F8A7
:10358000275083F828200BE00420FFF78FFF0D4B16
:10359000012283F82B200B4B93F82A30002BC8D143
:1035A000F8BD0820FFF782FF064B012283F82C208C
:1035B000F1E70C20FFF77AFF024B012283F82D2060
:1035C000E9E700BF2E014020094B00221A609A83D0
:1035D0009A80DA839A6083F82020DA6083F82120C9
:1035E0001A745A749A74DA741A755A759A61704713
:1035F0005C014020F2B1B0F5826F2AD1072919D9B8
:1036000011681C4B1960B2F90410998091791974F2
:10361000D27993F821105A7400229A8301229A7465
:1036200049B9197C83F8212083F820101A759A690A
:1036300001329A61704793F82020197C013202F020
:103640000F02511A4A424A411A751A7C83F8202007
:10365000EDE740F211439842ECD10729EAD911680D
:10366000044B99605268DA600022DA830122DA742E
:10367000DDE700BF5C014020114B9A8B092A9CBFFB
:1036800001329A83DA8B092A9CBF0132DA839A8B42
:10369000092A01D900229A74DA8B092A01D9002259
:1036A000DA74997C01F0FF0229B1D97C01F0FF02A4
:1036B00009B11A7DD2B202F001025A75704700BFFB
:1036C0005C014020B5EEC00AF1EE10FA14D9F2EE1A
:1036D000047A20EE270ADFED0B7AB4EEE70AF1EE6A
:1036E00010FA0BDCF6EE007A30EE270ABCEEC00AC8
:1036F00010EE103A98B27047002070474FF6FF70F6
:10370000704700BF00FF7F472DE9F843664C00205B
:10371000664A04F1080366496460E36006F088FBCA
:103720002061206910B10120BDE8F8834FF40073D7
:10373000604A012106F098FC206120690028F2D13E
:1037400040F201235B4A022106F08EFC20612069D1
:103750000028E8D107F04AFB206120690028E2D167
:10376000012304F11402194606F0C8FC6066606E7D
:103770000028D8D1012304F16802022106F0BEFC22
:10378000C4F8B800D4F8B830002BCCD14A4A012094
:103790004A4906F04DFBC4F8BC00D4F8BC30002BFD
:1037A000C1D1474E0425DFF80C9106F104083746D5
:1037B00058F8043B4A4617F8011B012006F054FC58
:1037C000C4F8BC00D4F8BC30002BACD1013D15F0DE
:1037D000FF05EDD1012007F009FBC4F8BC00D4F8C7
:1037E000BC50002D9FD1374F01233A4616F8011BDC
:1037F000184606F083FC04EB8503C3F80002D3F8F7
:103800000032002B8FD101355037042DECD12E4AD8
:1038100002202E4906F00CFBC4F81002D4F8103236
:10382000002B80D14FF48263224A0121022006F04E
:103830001BFCC4F81002D4F81032002B7FF473AFD5
:10384000022140F211431B4A084606F00DFCC4F861
:103850001002D4F81032002B7FF465AF022007F07D
:10386000C5FAC4F81002D4F81032002B7FF45BAF15
:103870000123174A0220194606F040FCC4F86402EE
:10388000D4F86432002B7FF44EAF02210123114A99
:10389000084606F033FCC4F86402D4F86402003829
:1038A00018BF012040E700BF800140208C6A410022
:1038B000000640207C1D4020246A41006012402008
:1038C0000862410040024020BC694100300C4020A9
:1038D00094034020E8034020F0B585B0FFF742FC98
:1038E000054600284AD0B0F99070B0F99260B0F95E
:1038F0009440FFF753F98DF80970C7F307278DF847
:103900000B60C6F307268DF80D40C4F307248DF82D
:1039100008008DF80E408DF80A708DF80C6000F0EC
:10392000AFFE044600F09CFE10B144F00204E4B285
:1039300095F8963013B144F00404E4B295F897304A
:1039400013B144F00804E4B295F8983013B144F090
:103950001004E4B200218DF80F40084607F00CFA7D
:1039600064230021064A019302AB084600934FF4FA
:10397000407306F0D3FF034BC3F8B80205B0F0BDA7
:10398000881D4020800140201FB5FFF7EBFB024659
:1039900000283DD090ED000AFFF794FE92ED010A59
:1039A0000446FFF78FFE92ED020A0146FFF78AFEFA
:1039B000D2F8A430ADF80840164C03F00F03ADF870
:1039C0000A1094F8BC12ADF80C0043EA0113002170
:1039D0008DF80E30084692F8A1308DF80F3007F0C0
:1039E000CBF9642300210C4A019302AB08460093F3
:1039F00040F2013306F092FFC4F8B802D4F8B832AE
:103A000033B994F8BC32013303F00F0384F8BC32AD
:103A100004B010BD80014020881D402030B5002436
:103A200089B02046CDE9064400F006FD8DF8180067
:103A3000012000F001FD8DF81900022000F0FCFCCF
:103A40008DF81A00204600F0FFFCC0F307238DF824
:103A50000C00C0F307408DF80D308DF80E000120EA
:103A600000F0F2FCC0F307238DF81000C0F307400C
:103A70008DF811308DF81200022000F0E5FCC0F343
:103A800007238DF81400C0F307408DF815309DF81A
:103A90000C308DF816002BB19DF81B3043F001035C
:103AA0008DF81B309DF80D302BB19DF81B3043F085
:103AB00002038DF81B309DF80E302BB19DF81B30A2
:103AC00043F004038DF81B309DF810302BB19DF8A6
:103AD0001C3043F001038DF81C309DF811302BB1E0
:103AE0009DF81C3043F002038DF81C309DF8123015
:103AF0002BB19DF81C3043F004038DF81C309DF869
:103B000014302BB19DF81D3043F001038DF81D30AA
:103B10009DF815302BB19DF81D3043F002038DF850
:103B20001D309DF816302BB19DF81D3043F0040375
:103B30008DF81D30134C002594F8BD3229462846D7
:103B40008DF81F5003F00F038DF81E3007F014F9A5
:103B500064230D4A29462846019306AB009340F2A0
:103B6000023306F0DBFEC4F8B802D4F8B83233B939
:103B700094F8BD32013303F00F0384F8BD3209B06D
:103B800030BD00BF80014020881D40201FB50020AF
:103B900000F0F4FC0446012000F0F0FC0021CDE927
:103BA0000240084607F0E8F864230021064A019322
:103BB00002AB0846009340F2033306F0AFFE034B1E
:103BC000C3F8B80204B010BD881D40208001402019
:103BD0001FB5022000F0D2FC044600F019FD0021C0
:103BE000CDE90240084607F0C7F864230021074AE0
:103BF000019302AB084600934FF4417306F08EFE2A
:103C0000034BC3F8B80204B010BD00BF881D4020AC
:103C1000800140201A4B30B593F8262085B093F8E8
:103C2000271002F00F02988C5C8C1D8C42EA011266
:103C3000ADF80C004FF40040ADF80A40ADF8085064
:103C400093F828408DF80E2000F0D8FC08B144F01D
:103C5000020400218DF80F40084607F08DF8642318
:103C60000021084A019302AB0846009340F2053355
:103C700006F054FE044BC3F8B80205B030BD00BFD7
:103C80002E014020881D4020800140201FB50023C8
:103C9000CDE90233FFF766FA002856D0C168B1F5C6
:103CA000481F54DA314B994254DB642391FBF3F102
:103CB0000269B2F5481F4FDA2C4B9A424FDB64235E
:103CC00092FBF3F24369B3F5481F4ADA274CA3424B
:103CD0004ADB642493FBF4F3ADF80A20ADF80C3012
:103CE000427E037EADF808108DF80E301AB143F015
:103CF00002038DF80E30837E2BB19DF80E3043F019
:103D000004038DF80E301A4C002194F8BE32084698
:103D100003F00F038DF80F3007F02EF86423002115
:103D2000144A019302AB0846009340F2063306F0B2
:103D3000F5FDC4F8B802D4F8B83233B994F8BE32FD
:103D4000013303F00F0384F8BE3204B010BD47F610
:103D5000FF71ADE70849ABE747F6FF72B2E7064AE5
:103D6000B0E747F6FF73B7E7034BB5E79DFFCDFF1D
:103D700080014020881D40200080FFFF1FB50023E8
:103D8000CDE90233FFF7EEF900283FD0D0ED077AF6
:103D90009FED227AF4EEC77AF1EE10FA38DC9FED4F
:103DA000207AF4EEC77AF1EE10FA34D4FDEEE77A19
:103DB00017EE903A029390F828302BB19DF80C3012
:103DC00043F001038DF80C30164C002194F8BF32FB
:103DD000084603F00F038DF80F3006F0CDFF642383
:103DE0000021114A019302AB0846009340F20733C9
:103DF00006F094FDC4F8B802D4F8B83233B994F898
:103E0000BF32013303F00F0384F8BF3204B010BD9A
:103E10006FF00043CEE74FF00043CBE70000004FC8
:103E2000000000CF80014020881D40201FB50023E6
:103E3000CDE90233FFF7FCFA60B38388ADF80830B0
:103E400083792BB19DF80A3043F001038DF80A30D5
:103E5000114C002194F8C032084603F00F038DF88E
:103E60000F3006F089FF642300210C4A019302AB56
:103E7000084600934FF4427306F050FDC4F8B802B0
:103E8000D4F8B83233B994F8C032013303F00F03D9
:103E900084F8C03204B010BD80014020881D40204D
:103EA0002DE9F84FC24C94F8C13263B1D4F8C43252
:103EB0006433B3F5FA7F35D34FF4FA73C4F8C432E0
:103EC000002384F8C1320121002006F0EFFE012119
:103ED000002006F08DFB6066626E002A48D1A3695F
:103EE000C4F8C83294F85C3084F8CC3294F8CC3200
:103EF000082B02D9082384F8CC3294F8CC12D3B220
:103F0000994215D8D4F8D8320133C4F8D832D4F84D
:103F1000C832B3F5007F11D0D4F8DC320133C4F8D5
:103F2000DC321EE0D4F8C4326433C4F8C432CAE7C9
:103F300023440132197F83F8CD12DEE794F8CC32A6
:103F4000002BE9D094F8CD32032BE5D8DFE813F04D
:103F5000090004000A010C0100220E21954811F00D
:103F600025FB0123944A0020194606F0C7F8606635
:103F70000221002006F09AFE0221002006F038FB04
:103F8000C4F8B800D4F8B820B2B994F8B0305BB136
:103F900094F87030022B00F0EB80032B00F0EC80E3
:103FA000012B01D1237022720123844A02210020B7
:103FB00006F0A4F8C4F8B800DFF810826FF40873B4
:103FC000DFF80CA2002508EB03074FF0500B1AF89E
:103FD000019B0120AE00494606F068FE49460120DB
:103FE00006F006FB04EB8503C3F80002D3F80022B9
:103FF00072BB7968C3F80413631997F8481083F803
:10400000141393F81413082902D9082183F8141300
:1040100061190BFB054C04EBC50E91F81403D3B2E8
:10402000984200F2AD802644D6F818330133C6F822
:104030001833D6F8040391F814234146FFF764FAC5
:1040400001233A464946184606F058F8C6F80002D9
:10405000013508F108085037042DB8D1012102209C
:1040600006F024FE0121022006F0C2FAC4F8640220
:10407000D4F8642222BBD4F8180294F85C12C4F875
:10408000280384F82C1394F82C33082B02D9082326
:1040900084F82C3394F82C53D3B29D4279D8D4F8B9
:1040A000383304F507720133C4F83833FFF7A2FA46
:1040B0000123434A0220194606F020F8C4F864029E
:1040C0000221084606F0F2FD0221084606F090FAA9
:1040D000C4F86402D4F86422002A41D1D4F86C02F6
:1040E00094F8B012C4F8280384F82C1394F82C33F5
:1040F000082B02D9082384F82C3394F82C53D3B21C
:104100009D424DD8D4F8383304F51C720133C4F8FD
:104110003833FFF76FFAD4F86C2240F211439A4219
:1041200016D1B4F870329FED277A07EE903A01234A
:10413000F8EE677A67EE877AC4EDCF7A84F8C132F9
:10414000D4F840330133C4F840330023C4F8C432F8
:10415000022101231C4A084605F0D0FFC4F864027E
:10416000BDE8F88F0122F8E60023C4F8D832F8E65B
:1041700001232372227017E7012384F8E03213E74A
:104180000CEB03007344013290F8C80083F8E1029D
:1041900043E72344013293F81C5283F82D5379E707
:1041A0002344013293F8705283F82D53A5E700BFE2
:1041B000800140200017294094014020E801402060
:1041C00094034020CDCCCC3DE80340206104402046
:1041D000086241001FB50D4A02AB1068516803C365
:1041E0000021012006F0C8FD6423094A0021019343
:1041F00002AB012000934FF4806306F08FFB054B68
:10420000C3F8440305B05DF804FB00BF88624100B9
:10421000881D40208001402038B5094C01250948FF
:10422000256008F059FF022360602360606818B1C0
:1042300003232846236038BD04232360FBE700BF27
:10424000C8044020086B4100134607B590B189B1FE
:1042500082B14FF47A7200920A460146064808F08D
:1042600053FD064B98609868003818BF012003B0D2
:104270005DF804FB0120FAE71C6B4100C8044020F4
:1042800000B50A4691B040B14B1E3F2B05D8694698
:10429000FFF7DAFF11B05DF804FB0120FAE713B570
:1042A0000A46044678B14B1E3F2B0CD80191FF21E2
:1042B000064800F04FFE019A2146044802B0BDE8CE
:1042C0001040FFF7C1BF012002B010BDD404402050
:1042D000034B142202FB00300023038283747047D7
:1042E000140540201422034B50431A181950002380
:1042F000D360704714054020F8B50B490024002610
:104300000F462546204601340D60143101F8105C3B
:1043100001F80F5C41F80C6C41F8085CFFF7D8FF1E
:10432000032CEFD1FE63F8BD14054020034B14228B
:1043300002FB003001238380704700BF140540203A
:10434000034B142202FB00304FF4807383807047CC
:1043500014054020F8B50025364C01262F46236869
:104360002846013B022B9EBFE3680A33E36000F05E
:104370001DF930B12846FFF7ABFF277167710621A1
:104380000AE000F04BF901460028F3D163793BB114
:104390002846FFF79DFF61712846FFF7A3FF2DE038
:1043A0002368062B42D8DFE803F0040D141D262EE7
:1043B00033002846FFF78CFF2379FBB101212771D9
:1043C0002674E9E7E3682674632B17D90221A674E3
:1043D000E2E7E3682674632BA67467740ED90321A1
:1043E0006674D9E7E3682674632B6674A67405D9EE
:1043F0000421A774D0E726746674A77401351434B9
:10440000032DACD1F8BD28460021FFF761FFC3E7BB
:104410002846FFF75DFF284600F0C8F80028EDD1D8
:1044200000F0FCF801460028E8D1B5E72846FFF780
:104430004FFFA4E71405402014235843014B18589C
:10444000704700BF14054020094B142282B002FBC4
:10445000003003690020DAB262F30700C3F30722D9
:10446000C3F3074362F30F2063F3174002B07047B2
:1044700014054020034B142202FB003080ED020A99
:10448000704700BF14054020014B83ED0F0A7047B1
:1044900014054020024B0022C3E900229A607047B5
:1044A0005405402002289CBF014B43F82010704760
:1044B0005405402002289ABF024B53F820000020E8
:1044C000704700BF540540200A4603280ED8DFE895
:1044D00000F00206080A0D21054811F067B80E2108
:1044E000FAE70F21F8E702210248F6E7704700BF1C
:1044F00000172940041729400021E5E70121E3E7DF
:1045000008B50020FFF7FAFF0120FFF7F7FF0220B0
:10451000FFF7F4FF0320BDE80840FFF7EFBFFFF708
:10452000EFBF00BF034B00221A605A609A60DA6046
:10453000704700BF60054020022805D8034A52F8A2
:104540002030194342F82010704700BF600540201A
:10455000022806D8034A52F8203023EA010142F823
:104560002010704760054020022803D8024B00222B
:1045700043F82020704700BF60054020022803D880
:10458000024B53F820007047002070476005402020
:10459000022807D8044B53F820300B4214BF0120E7
:1045A000002070470020704760054020022808D88E
:1045B000054B53F8203005481840003818BF01203B
:1045C00070470120704700BF600540205F3E3F00FC
:1045D000024AD3681843D060704700BF600540208E
:1045E000024AD36823EA0000D0607047600540208B
:1045F000014B0022DA60704760054020034BDB6806
:10460000034214BF01200020704700BF6005402016
:10461000014BD868704700BF60054020034B044839
:10462000DB681840003818BF012070476005402043
:104630005F3E3F00FFF7CCBFFFF7D2BFFFF772BF6F
:10464000014BD868704700BF60054020034BDB6812
:10465000184214BF01200020704700BF60054020B1
:10466000064BDA6842B91A6832B95A6822B99868B2
:10467000003818BF012070470120704760054020B6
:1046800008B5FFF7CBFF40B902461046FFF78EFF93
:1046900018B90132032AF8D108BD0120FCE700BF98
:1046A0000268094B9A420CD10389B3F57A7F08D886
:1046B0004268C0685A40054B53401B1A5842584143
:1046C00070470020704700BF31434F536B19EAF623
:1046D0007FB5174C00234FF08055164823700123F7
:1046E000C4E9015302F09AFA90B9134E6A461021B8
:1046F000284602F04DFB58B9029ADDE900310B4023
:104700001340039A1340013304D1012365602370E1
:1047100004B070BD6846FFF7C3FF20B1A3688B42A9
:104720009CBF0131A1601035B542DFD1EDE700BF7C
:1047300070054020B8634100002000101B4B1B781F
:104740002DE9F043054685B023B90024204605B085
:10475000BDE8F0830028F8D000244FF08059DFF83E
:104760005080264627466A461021484602F010FB34
:104770000028EAD1029ADDE900310B401340039A88
:10478000134001330ED06846FFF78AFF30B10CB1F9
:10479000B94203D9BDF8086004460F4609F1100973
:1047A000C145E0D1002CD0D02E80CFE7700540204D
:1047B0000020001030B5274C89B025781DB90025A0
:1047C000284609B030BDB0F57A7FF8D86268224B30
:1047D0009A42F4D2214B0021ADF808004FF6FF7247
:1047E0000093A368ADF80A20584001931C4B434046
:1047F0000846039302F0EEF903460028DFD16A462B
:104800001021606802F0DCFB0028D8D102F09CFA8D
:104810000128FBD00028D2D104AA1021606802F040
:10482000B7FA0028CBD1049A009B9A42C7D1059AC7
:10483000019B9A42C3D1069A029B9A42BFD1079A22
:10484000039B9A42BBD1636810336360A368013352
:10485000A360B5E7700540200020001031434F539E
:104860006B19EAF682B08DF807009DF807300BB996
:1048700000BEFDE702B070474FF0E023D3F8842D6F
:1048800042F00102C3F8842D0022C3F8502FBFF379
:104890004F8FBFF36F8F70474FF0E021D1F8843D09
:1048A00023F00103F0B5C1F8843DBFF34F8FD1F879
:1048B000803D0024D1F8802D43F6E076C3F34E33DB
:1048C000C2F3C9020133013206EA4415002045EA69
:1048D0008077C1F8607FBFF34F8FBFF36F8F0130D8
:1048E0008242F4D80134A342EED8BFF34F8FBFF316
:1048F0006F8FF0BD08B1FFF7BFBF70474FF0E022E8
:10490000D2F8843D23F00103F0B5C2F8843DBFF333
:104910004F8FD2F8803D43F6E076D2F8802DC3F376
:104920004E330F4CC2F3C9020E490133002808BFB1
:104930000C460132002006EA4015002145EA817745
:104940002760BFF34F8FBFF36F8F01318A42F5D8D5
:1049500001308342EFD8BFF34F8FBFF36F8FF0BDAD
:1049600074EF00E06CEF00E010B54FF0E024D4F8F5
:10497000803D91B103F0070301331B015A1E024031
:104980001144BFF34F8FC91AC4F8580F18440029B7
:10499000F9DCBFF34F8FBFF36F8F10BD10B54FF031
:1049A000E024D4F8843D23F00103C4F8843DBFF330
:1049B0004F8FD4F8803D91B103F0070301331B0101
:1049C0005A1E02401144BFF34F8FC91AC4F85C0F3E
:1049D00018440029F9DCBFF34F8FBFF36F8F10BD70
:1049E0000346084611460BB1FFF7BEBF704730B50E
:1049F0004FF0E025D5F8843D23F00103C5F8843D50
:104A0000BFF34F8FD5F8803D9AB103F00703013310
:104A10001B015C1E0C402244BFF34F8F50B1C5F800
:104A2000701FD21A1944002AF8DCBFF34F8FBFF36E
:104A30006F8F30BDC5F8681FF3E74FF0E022D2F862
:104A4000143D43F40033C2F8143DBFF34F8FBFF35E
:104A50006F8F70474FF0E022D2F8143D43F480335B
:104A6000C2F8143DBFF34F8FBFF36F8F7047BFF392
:104A70004F8FBFF36F8F4FF0E022D2F8143D23F435
:104A80000033C2F8143DBFF34F8FBFF36F8F7047F1
:104A90004FF0E022D2F8143D23F48033C2F8143DE5
:104AA000BFF34F8FBFF36F8F704700BF034AD368C8
:104AB00043F0804343F41273D360704700C0284032
:104AC000034AD36823F0804323F41273D360704702
:104AD00000C0284082B08DF807009DF807300BB960
:104AE00000BEFDE702B0704782B08DF807009DF868
:104AF00007300BB900BEFDE702B0704782B08DF8F9
:104B000007009DF807300BB900BEFDE702B0704703
:104B1000EFF310807047EFF310807047EFF31080D1
:104B20007047EFF310807047EFF310807047EFF39A
:104B300010807047EFF310807047EFF310807047DC
:104B4000EFF310807047EFF31080704782B08DF85C
:104B500007009DF807300BB900BEFDE702B07047B3
:104B600082B08DF807009DF807300BB900BEFDE755
:104B700002B070477BB972B90029BEBF00204FF068
:104B8000004106E008BF00281CBF6FF000414FF055
:104B9000FF3000F0C3B9ADF1080C6DE904CE002977
:104BA00009DB002B1ADB00F04DF8DDF804E0DDE94D
:104BB000022304B07047404261EB4101002B1BDB34
:104BC00000F040F8DDF804E0DDE9022304B04042E3
:104BD00061EB4101524263EB43037047524263EB86
:104BE000430300F02FF8DDF804E0DDE9022304B010
:104BF000404261EB41017047524263EB430300F0D6
:104C000021F8DDF804E0DDE9022304B0524263EB51
:104C10004303704753B94AB9002908BF00281CBF95
:104C20004FF0FF314FF0FF3000F078B9ADF1080CD4
:104C30006DE904CE00F006F8DDF804E0DDE90223BA
:104C400004B070472DE9F047089D0E4604460F4614
:104C5000002B4AD18A42944665D9B2FA82F242B117
:104C6000C2F12003974020FA03F30CFA02FC1F4321
:104C700094404FEA1C4E1FFA8CF6B7FBFEF1230C52
:104C80000EFB117743EA074301FB06F098420AD96D
:104C90001CEB030301F1FF3780F02081984240F2C2
:104CA0001D81023963441B1AA4B2B3FBFEF00EFB54
:104CB000103344EA034400FB06F6A6420AD91CEB73
:104CC000040400F1FF3380F00B81A64240F208811A
:104CD0006444023840EA0140A41B00211DB1D440C5
:104CE0000023C5E90043BDE8F0878B4208D9002DB9
:104CF00000F0F1800021C5E900060846BDE8F08714
:104D0000B3FA83F100294AD1B34202D3824200F2BE
:104D10000081841A66EB030201201746002DE2D0C1
:104D2000C5E90047DFE702B9FFDEB2FA82F2002AE6
:104D300040F09480A1EB0C034FEA1C471FFA8CFE55
:104D40000121B3FBF7F607FB1630230C43EA0043BF
:104D50000EFB06F0984208D91CEB030306F1FF385E
:104D600002D2984200F2D28046461B1AA4B2B3FB8C
:104D7000F7F007FB103344EA03440EFB00FEA645A0
:104D800008D91CEB040400F1FF3302D2A64500F25F
:104D9000BA801846A4EB0E0440EA06409EE7C1F133
:104DA00020078B4022FA07FC4CEA030C06FA01FEAE
:104DB00020FA07F426FA07F344EA0E0400FA01F891
:104DC0004FEA1C404FEA1449B3FBF0FE1FFA8CF681
:104DD00000FB1E3349EA03430EFB06F9994502FA2C
:104DE00001F20BD91CEB03030EF1FF3A80F089802E
:104DF000994540F28680AEF1020E6344A3EB0909A7
:104E0000A4B2B9FBF0F300FB139944EA094403FB95
:104E100006F6A64208D91CEB040403F1FF306CD25D
:104E2000A6426AD9023B644443EA0E40A41BA0FB9D
:104E300002E6B4427346B14656D353D0002D6AD031
:104E4000B8EB030264EB090422FA01F304FA07F752
:104E50001F43CC40C5E90074002144E7C2F12001A2
:104E600020FA01F30CFA02FC26FA01F196403343D2
:104E70004FEA1C471FFA8CFEB1FBF7F007FB101638
:104E8000190C41EA064100FB0EF68E4204FA02F4C8
:104E900008D91CEB010100F1FF3830D28E422ED927
:104EA00002386144891B9BB2B1FBF7F607FB161170
:104EB00043EA014306FB0EF1994208D91CEB0303B8
:104EC00006F1FF3817D2994215D9023E63445B1AA6
:104ED00046EA004135E72946284604E73946E2E636
:104EE0001846F7E6F045A9D2BEEB020366EB0C06C6
:104EF0000138B146A2E74646E9E7034694E7404653
:104F0000D0E7D6467AE76444023843E7023E63447A
:104F10002BE7084602E72946E5E600BF704700BFD9
:104F2000884210B501EB020402D98442234607D817
:104F3000431EA14208D011F8012B03F8012FF8E716
:104F4000024401468A4200D110BD13F8014D02F817
:104F5000014DF7E702440346934200D1704703F83E
:104F6000011BF9E708B52DED028BB0EE408A00F089
:104F70002FF8144B93F90030013314D0B4EE488A63
:104F8000F1EE10FA0FD6B5EEC08AF1EE10FA0ADC97
:104F9000B5EE408AF1EE10FA08D100F011F92223A3
:104FA0009FED090A0360BDEC028B08BD00F008F913
:104FB000BDEC028B21230360BDE80840034800F0EC
:104FC000F9B800BF981D4020000080FF90624100AA
:104FD00010EE103A33F0004206D19FED667ADFED15
:104FE000667A87EE270A7047002B02DA30EE407AA5
:104FF000F5E7B3F1FF4F02DB30EE000A7047B3F57F
:10500000000FB8BFDFED5D7A5D48BEBF60EE277A66
:105010006FF0180117EE903A4FEAE352C3F316030C
:105020001844A8BF00217F3A0A4400F4000181F02F
:105030007E51194300EE101A524902EBD05203F18F
:105040000F00F7EE007A014030EE670A89BBB5EE3B
:10505000400AF1EE10FA0FD1002A00F0878007EE27
:10506000902A9FED490A9FED497AF8EEE77A27EEFC
:10507000800AA7EE870A7047DFED456AF6EE007AF0
:10508000E0EE667A20EE007A27EE277A12B930EE4B
:10509000470A704707EE902ADFED3B6AF8EEE77AA1
:1050A000A7EEE67A37EE400A9FED387A97EE870A48
:1050B0007047F0EE007A70EE277ADFED365ADFEDBA
:1050C000364A364980EE276A1944C3F5571303F56B
:1050D00022730B43002B07EE902A26EE065AF8EEB9
:1050E000E76A25EE057ADFED2E7AE7EE257ADFED29
:1050F0002D5AE7EE875ADFED2C7AE7EE247ADFEDC2
:105100002B4AE7EE874ADFED2A7AE4EE877A67EEEC
:10511000857AE5EE877A1ADDB6EE007A20EE077A18
:1051200027EE007A77EE877A67EE867A12B937EE45
:10513000677AACE79FED146AE6EE867A37EE677A17
:1051400037EE400ADFED117A96EEA70A704770EE4F
:10515000677A67EE867A12B930EE670A70479FED7C
:105160000A7AE6EEC77A37EEC00AEBE79FED020A4D
:10517000704700BF000000CC000000000000004CA1
:1051800020FB4A00F0FF7F00D1F717378071313FD5
:10519000ABAAAA3E4FD01C3E9788173E305CCFFF8B
:1051A000298E633ECDCCCC3E25333A3E2549923EF6
:1051B000ABAA2A3F9FED010A704700BF0000C07FE5
:1051C000014B1868704700BF9C1D4020164A4FF4E1
:1051D000D27303FB00231B7B10B51BBB134B144C7A
:1051E00053F82030D3F8A033C3F34173E35C4FF49A
:1051F000D27489B204FB00225268012A4FF6FF7272
:1052000015BFC3F10F03C3F110039A409A401BBFAF
:10521000DBB2C2F30E0201EA020001EA0200184109
:1052200080B210BD0F23E2E71000432094794100C3
:105230001C6241002DE9F04F91B09946454B044660
:105240000BAE01920D4603F1100E3246186808337A
:1052500053F8041CB4467345ACE803006646F5D128
:105260001B882D044FF00008ACF8003005F44035E1
:10527000394B53F8246006F580731436039345F4D4
:10528000002345460293062303FB04230593334B77
:105290001B5D0693069B434503D8284611B0BDE825
:1052A000F08F4FEA48134FF0000ADBB2049304EB8F
:1052B00044030793059B33F81830534503D808F18E
:1052C00001080436E6E7049B07995344C3F34212EE
:1052D0005FFA83FB03F01F030A44214951F822209F
:1052E00022FA03F3DB0732D50FFA8BF3039A52F855
:1052F0002370029A07F430239A4228D1019B33B1DC
:1053000039462046FFF762FF019B23F81500B9F1EB
:10531000000F14D00623394620466B4309EB0302E5
:10532000CDE90823FFF752FF089A099BC7F3804194
:10533000908009F803B0C7F3C04391705370012304
:10534000013503FA0AF333601A9B9D42A5D20AF194
:10535000010AAFE72062410094794100C47941001D
:10536000A079410000B100477047084B084A53F844
:105370002030125CA43301EB8202914200D17047CD
:1053800051F8040B43F8040BF7E700BF9479410090
:10539000C4794100074B084A53F82030125CB433FB
:1053A00001EB8202914200D1704751F8040B43F89F
:1053B000040BF7E794794100C47941002DE9F041ED
:1053C0000F469846104B1546069E53F8204008F0AD
:1053D000A5FD012F08D0022F0ED08FB9226846EA12
:1053E000080322EA030305E0236823EA0503236098
:1053F00023683343236003E0236835431D4325605E
:10540000BDE8F04108F0A4BD947941008A4B2DE934
:10541000F04F53F820404FF4D273884F91B043437C
:10542000256A0646626B17F803A0BAF1000F00F078
:105430000F81236A2269D2061BD5D80619D50C2202
:105440007F49804B02FB0611002213F806E004F1AD
:1054500014039446724566D3BCF1000F09D01023A3
:1054600023614FF4D27303FB0673D3F89801FFF75F
:1054700079FF2369D9070BD5EA0709D501232361F1
:105480004FF4D27303FB0673D3F89001FFF76AFF62
:1054900023695B070BD5680709D5042323614FF403
:1054A000D27303FB0677D7F89401FFF75BFF664BD7
:1054B0000BAA03F1100C17461868083353F8041CA4
:1054C0001546634503C52A46F6D11B884FF00009EF
:1054D00004F53C782B80CB46236A226913404A4668
:1054E00003F00A030193062303FB06730693554B4F
:1054F0009B5D08931FFA89F30899994240F29180C5
:105500005B019BB20793A8F537730293A8F5337339
:105510000593A8F110030493002300934FF4D27372
:10552000734303936FE0D3F8108051F8040BD3F862
:10553000009000EA090018EA000F01D0D446186074
:105540000132043386E7079901270B44029998B288
:1055500003F01F039F40059B1B6809680F4210D092
:105560001F420ED0019B63B1029B039A1F60334B15
:105570001344D3F89C31002B51D0099098475246E0
:105580000998049B1968236BD4F834C0D8F80050EC
:105590003D4033D011EA070530D06921274D01FB8A
:1055A0000601043155F821E01FFA8EF149002CFA6A
:1055B00001F515F0010518BF23FA01F501F101010C
:1055C0002CFA01FC18BF05F001051CF0010F1FBFEC
:1055D000CB405B0003F002031D437DB11B4B0399DD
:1055E00003EA4E03C8F800709D40144B0B44D3F8F7
:1055F000A0311BB1294609929847099A009B4BEAB2
:10560000050B013300930699BDF8003031F81910ED
:10561000994298D809F1010908F104086AE752464D
:10562000AFE70AB1019B2361BBF1000F01D0C4F8C1
:1056300030B011B0BDE8F08F9479410010004320E4
:10564000A0794100C479410020624100FEFF0100C1
:105650002369D90603D5EB0601D5102323612369FD
:10566000DF0703D5E80701D5012323612369590723
:1056700003D56B0701D50423236123699F0703D555
:10568000A80701D5022323612369190703D52B0736
:1056900001D508232361236B134000D02363084BFB
:1056A00004F53C740022985DD3B29842C1D92368B6
:1056B00054F8101C0B4000D0236001320434F3E78F
:1056C000C479410012B1012A01D070474DE661E66C
:1056D000F8B5134B02F01F0754090D4653F820602C
:1056E00011B101290ED0F8BD08F07CFCA4360123CD
:1056F00056F82420BB40134346F82430BDE8F84058
:1057000008F08ABCB43608F003FDBD4056F82430DA
:105710001D4346F82450BDE8F84008F013BD00BF13
:1057200094794100F8B5144B02F01F0754090E4656
:1057300053F8205011B101290FD0F8BD08F084FCB6
:10574000A435012255F82430BA4023EA020345F873
:105750002430BDE8F84008F091BCB43508F00AFDEB
:10576000BE4055F8243023EA060345F82430BDE84E
:10577000F84008F019BD00BF9479410038B50B4BD3
:105780000D4653F8204063685B070DD108F0E6FE34
:10579000D4F8A03323F0604343EA4573C4F8A03340
:1057A000BDE8384008F0F4BE38BD00BF9479410030
:1057B00038B50D460A4B53F8204008F0C1F82DB11A
:1057C000012D08D0BDE8384008F0D4B8236843F074
:1057D00080732360F6E7236843F48013F9E700BF82
:1057E00094794100164B10B553F8204063689A0C29
:1057F000D90B02F0400201F480710A43590B01F009
:1058000080010A43991601F020010A430D4951F81D
:10581000201011F0040118BFD8094FEA431318BF34
:1058200000F4007003F4806318BF0243206913433F
:1058300019B900F00F00184310BD00F01F00FAE77F
:1058400094794100C8794100064A074B52F820205C
:1058500053F82030520754BF01F00F0101F01F012F
:1058600019617047C87941009479410013B5144615
:105870001A4600230094FFF7DDFC02B010BD07B507
:1058800000920022FFF7D6FC03B05DF804FB38B5A8
:105890000B4B0C4653F8205005F5807353F821103C
:1058A00011F400230AD0FFF791FC0123620904F0F0
:1058B0001F041435A34045F8223038BD1846FCE7D4
:1058C000947941002DE9F0471C4600230D46164609
:1058D000A3808246637001F01F08A370124B2170F1
:1058E00053F8209008F02CF809F5807309F1140999
:1058F00053F8257008F03EF86D0987EA064616F45D
:10590000403F0AD1C7F3C043394650466370C7F3DE
:105910008043A370FFF75AFCA080012303FA08F329
:1059200049F82530BDE8F08794794100F7B50021AA
:105930000446164807F064FC0646002007F04CFCBD
:10594000134B019053F8247000247D6808F056F939
:105950003B6805F0070523F001033B6008F068F998
:105960006DB1B44202D3022003B0F0BD7D680021C6
:1059700001A807F037FC05F007050444F0E7B4423E
:1059800034BF002001204000EEE700BFA0860100E8
:1059900094794100F7B500210446164807F030FC21
:1059A0000646002007F018FC134B019053F82470B2
:1059B00000247D6808F054F93B6805F0070543F0C2
:1059C00001033B6008F066F9012D0DD0B44202D30B
:1059D000022003B0F0BD7D68002101A807F002FCA1
:1059E00005F007050444EFE7B44234BF002001206E
:1059F0004000EEE7A0860100947941003E4B2DE97E
:105A0000F341054653F82040FFF7C4FFC0BB08F040
:105A1000C3F82268394B4FF4D2711A60384A2368B0
:105A200001FB052223F026039268520002F00602D1
:105A30001343236008F0CAF82846FFF777FFF8B948
:105A400008F05AFDD4F8A03323F0C05323F07103BB
:105A500043F07003C4F8A033D4F8A03343F0080334
:105A6000C4F8A033D4F8B43323F40043C4F8B433F7
:105A7000D4F8A03343F00103C4F8A03308F056FD76
:105A800000212048002607F0BBFB0746002007F056
:105A9000A3FB0190D4F8A0331B040AD5B74202D867
:105AA0004FF002080BE0002101A807F09BFB064421
:105AB000F0E7B742F4D9D4F8A033C3F3C0080F4BD2
:105AC00028461F68FFF766FF064608F065F823685A
:105AD00007F0260723F006031F43276008F076F837
:105AE00036B92846FFF722FF002814BF064646466F
:105AF000304602B0BDE8F081947941007C05402039
:105B000010004320A086010038B50C4B53F820301C
:105B10005B0754BF01F00F0401F01F041F21FFF7C2
:105B200093FE074B53F8205008F050FC2B6A234398
:105B30002B62BDE8384008F063BC00BFC879410063
:105B40009479410038B50B4B53F820305B070A4B72
:105B500053F8205054BF01F00F0401F01F0408F067
:105B600067FC2B6A23EA04032B62BDE8384008F087
:105B700079BC00BFC8794100947941002DE9F0411A
:105B80001746144B01F01F064C09FA0753F8205032
:105B90000CD508F085FB05F12408012358F82410E2
:105BA000B3400B4348F8243008F094FBBB070ED5F4
:105BB00008F012FB05F53875012355F82420B34091
:105BC000134345F82430BDE8F04108F01FBBBDE8A1
:105BD000F08100BF947941002DE9F0411646164B43
:105BE00001F01F084C09F20753F820500ED508F0B9
:105BF00089FB05F12407012157F8242001FA08F157
:105C000022EA010247F8242008F096FBB30710D5DA
:105C100008F014FB05F53875012255F8243002FA16
:105C200008F223EA020345F82430BDE8F04108F009
:105C30001FBBBDE8F08100BF94794100074B084AC3
:105C400053F82030125C94330A44914200D17047DB
:105C500011F8010B43F8040BF7E700BF94794100FA
:105C6000C47941000B4B70B553F8205014460E46D2
:105C700008F05AF864022B6804F4C06423F46063EB
:105C800044EAC6212B602B680B432B60BDE87040B3
:105C900008F064B8947941001D4B2DE9F0410746A6
:105CA0000D4653F820800E68FFF774FE044660BB73
:105CB00008F008F8D8F80030760023F0060306F064
:105CC00006061E43C8F8006008F016F83846FFF7CD
:105CD0002DFE0446C8B908F0FDFED8F89C332A7999
:105CE00023F4E0230AB143F44033C8F89C3308F0AE
:105CF0000BFF697A3846EA68FFF7B4FF2B7A691D13
:105D00003846C8F8C830FFF799FF2046BDE8F08153
:105D100094794100064B10B553F8204008F036F84E
:105D2000236843F040032360BDE8104008F048B802
:105D300094794100F7B505460C461B4800211646EC
:105D400007F05EFA0746002007F046FA174B01906D
:105D500053F8255008F04CF81EB92B6823F08073D7
:105D60002B602B6843F080032B6008F05BF8C4B114
:105D70006E68002406F080766EB1BC4202D3022029
:105D800003B0F0BD6E68002101A807F02BFA06F001
:105D900080760444F0E7BC4234BF0020012040007C
:105DA000EEE72046ECE700BFA086010094794100B1
:105DB000114B53F820309B0770B50D46144619D58A
:105DC0000E4B53F8206008F0FBFB012DD6F8803015
:105DD0000AD0022D0BD00DB964F34103C6F8803010
:105DE000BDE8704008F006BC64F3C303F6E764F353
:105DF0004513F3E770BD00BFC879410094794100B5
:105E000038B50E4B0C4653F820309B0714D50C4B7D
:105E100053F8205008F06AFC6109012305F184025F
:105E200004F01F0452F82100A340034342F821303C
:105E3000BDE8384008F074BC38BD00BFC8794100E7
:105E40009479410038B50E4B0C4653F820309B072F
:105E500015D50C4B53F8205008F07AFC600901214D
:105E600005F1840304F01F0453F82020A14022EA26
:105E7000010243F82020BDE8384008F083BC38BD5B
:105E8000C8794100947941000A4B53F820309B07B0
:105E900010B50ED5084B53F8204008F0C3FBD4F8DA
:105EA000803043F00103C4F88030BDE8104008F0B2
:105EB000D3BB10BDC8794100947941000A4B53F817
:105EC00020309B0710B50ED5084B53F8204008F042
:105ED000DBFBD4F8803023F00103C4F88030BDE848
:105EE000104008F0EBBB10BDC87941009479410027
:105EF000064B10B553F8204008F05CFC236C43F0CF
:105F000001032364BDE8104008F06EBC94794100A1
:105F1000064B10B553F8204008F07EFC236C23F0AC
:105F200001032364BDE8104008F090BC947941005F
:105F300038B50B4B0C4653F8205008F0D1FC6109E2
:105F4000012305F1440204F01F0452F82100A3408C
:105F5000034342F82130BDE8384008F0DBBC00BF05
:105F60009479410038B50B4B0C4653F8205008F09B
:105F7000E9FC6009012105F1440304F01F0453F812
:105F80002020A14022EA010243F82020BDE8384049
:105F900008F0F2BC947941002DE9F843104B044617
:105FA0000027DFF8448053F820600E4B443613F886
:105FB0000090FDB2A94501D8BDE8F88308F0F4FCD3
:105FC00056F8253004EB440201372A4458F82220C1
:105FD00023EA020346F8253008F000FDE9E700BF98
:105FE00094794100C4794100A079410038B50A4B49
:105FF0000C4653F8205008F041FC64002B6C04F070
:10600000020423F002032B642B6C1C432C64BDE8B8
:10601000384008F04DBC00BF94794100F8B5264BDC
:106020000C464FF4D271164653F82050234BB2F869
:1060300004C001FB0033578805F160021B7B6BBB7A
:10604000D5F8A0331E49C3F341731E48CB5C012130
:10605000C3F10F03DBB299400CFA03FC07FA03F318
:106060000139C3F30E0341EA0C0100EA01410B437D
:1060700042F82430640008F077F90122611CF079BD
:106080006B6B02FA01F180B10B43B179A24079B197
:1060900013436B63BDE8F84008F080B9094BC7F3C0
:1060A0000E0703EA0C433B43E2E723EA0103ECE774
:1060B00023EA0203EDE700BF94794100100043207A
:1060C0001C6241000000FF7FBD4B00222DE9F04F14
:1060D00053F8205091B00C4601210646FFF72AFEE6
:1060E0002B681F21304623F400332B60FFF7ACFBF5
:1060F000FFF750FC0746002840F0B1812B6822686A
:1061000023F00053520723F0060302F000521A4313
:10611000E368590094F8383001F006011143E26B4E
:1061200021F0200141EA431194F8393021F0004177
:1061300041EAC371930721F0804103F080430B4390
:10614000A04951F8269019F0040F08D0A16923F452
:106150004033012900F08781022900F08781E1693D
:10616000012900F08681022900F08681216A23F04E
:1061700080638F1E7842784143EA806359B194F876
:10618000241023F0006343EAC16394F8251023F040
:10619000007343EA416394F8431023F40063DFF88B
:1061A0003082304643EAC123616C490223F4C06364
:1061B00001F4C06119434FF4D27303FB06832960D5
:1061C0005A60FFF7B3FB0746002840F04881A369F7
:1061D000022B03D12B6843F480332B60D5F89C331A
:1061E000227D23F4E0230AB143F44033C5F89C3305
:1061F00004F126013046FFF721FD94F8423019F0F2
:10620000010FC5F8C83003D0B4F84030C5F8C43029
:1062100004F154013046FFF7A8F804F1600130465C
:10622000FFF7B8F861683046FFF7A8FAA36FB3B17B
:1062300094F874309BB14FF00009A36F5FFA89F1B5
:1062400009F10109304603EBC10213F83110FFF7E1
:10625000E5FE94F874205FFA89F39A42EDD82B6C2E
:1062600023F003032B6494F84C3043B1236D2A6C64
:106270005B0003F00203134343F001032B64206F20
:10628000002800F0A78094F86C300193002B00F0F8
:10629000A18006EB4602002305F52C7C02926922C0
:1062A0007243CDE90433CDE90633CDE90833CDE9B6
:1062B0000A33CDE90C33CDE90E33039202784FF067
:1062C000FF0902F018014FEAD20E09FA01FA029909
:1062D00001EB52193C4951F829901AEA090F1CD0D8
:1062E00002F007090FFA8EFE4FF0030A90F802B091
:1062F0004FEA89095CF82E100AFA09FA21EA0A0A1B
:106300000BF0030101FA09F141EA0A014CF82E10E1
:1063100003991144043148F821B04FEA521E01217B
:1063200002F01F020133063001FA02F210F8021CDB
:10633000002910A901EB8E0E14BF91464FF0000901
:106340005EF8301C41EA09014EF8301C10F8031CBD
:1063500000295EF8241C14BF91464FF0000941EA61
:1063600009014EF8241C10F8011C00295EF8181CC5
:1063700014BF91464FF0000941EA09014EF8181C7C
:1063800010F8051C00295EF80C1C08BF0022114300
:10639000DAB24EF80C1C019991428FD80B4B0DF1DB
:1063A000100E0DF11C0C0AA813F806A00DA905F19A
:1063B000240300225FFA82F9CA4560D80AE000BFD0
:1063C00094794100C8794100A0794100C479410025
:1063D00010004320D5F880300021304623F001031F
:1063E000C5F8803094F82930D5F880201343E26A4C
:1063F000C5F88030FFF7DCFC226B01213046FFF747
:10640000D7FC626B02213046FFF7D2FC4FF4D27208
:10641000E16F724308EB0203C3F89011D4F88010C7
:10642000C3F89411D4F88410C3F89811D4F88810E4
:10643000C3F89C11D4F88C10C3F8A011217A1973F9
:1064400021699960B4F84A10164B03EA014394F8A5
:1064500048100B43C5F8A833012308F8023038462A
:1064600011B0BDE8F08F43F4003378E643F44033D5
:1064700075E643F4800379E643F4C00376E65EF8FC
:10648000049B0132043343F8049C5CF8049BC3F87A
:10649000B89250F8049BC3F81C9051F8049BC3F8C1
:1064A0005C9087E70000FF03F0B50123A5B000244E
:1064B000054604931621404B00941E5C0DF1260006
:1064C000039432468DF814400894ADF82440CDE989
:1064D0000644FEF73FFD2146B2000BA8FEF73AFD49
:1064E000694628468DF82940ADF8384011948DF85A
:1064F0004840ADF84A408DF84C4014948DF86C40FB
:106500001C948DF874401E942394CDE90F44CDE97A
:106510001F44CDE92144FFF7D7FD00283DD1274B8B
:10652000014604464FF0FF3753F8253003F12402AB
:106530008E4234D803F5387200244FF0FF37C1B2D1
:106540008E4234D81E4A1F491A665A669A66DA661F
:106550000C226A438A58D1B211B10021C3F8B0129B
:1065600012F47F4F02D00021C3F8B41212F47F0F4F
:106570004FF0000401D0C3F8B84228465C631F21E5
:10658000FFF762F90121FFF7F9F84FF4D2730E4AD1
:1065900028466B43D454FFF7FDF925B0F0BD1460D5
:1065A000013142F8107C0432D461D465C0E7146034
:1065B000013017610432C2E7C47941009479410087
:1065C0000000FF7FA07941001000432038B50D4B3B
:1065D0000D4653F8204063685B0711D107F03AFC81
:1065E0002DB1012D08D0BDE8384007F04DBC23681F
:1065F00023F000532360F6E7236843F00053F9E7E4
:1066000038BD00BF947941001A4B70B553F8204053
:1066100005460E4607F050FC236823F40033236040
:1066200007F064FC2846FFF7B5F910BB124B53F88E
:1066300025305B0714D507F03FFC012E06D0022E53
:1066400013D05EB9236823F4403306E0236823F4B3
:1066500080332360236843F40033236007F046FC53
:106660002846BDE87040FFF761B9236843F4403322
:10667000F3E770BD94794100C879410007B5032A5A
:106680000BD8DFE802F0020D10174FF00063009303
:106690004FF080620023FEF791FE03B05DF804FB2B
:1066A0004FF00073F3E74FF0206300934FF08063E7
:1066B0001A46F0E74FF4800300934FF40013F7E716
:1066C000044B53F82000044B03EA01410A43C0F88D
:1066D000A8237047947941000000FF03034B53F84F
:1066E000203003F5807303EB8100704794794100FB
:1066F0000020FEF78BBE0120FEF788BE0220FEF7C9
:1067000085BE0000024B1B681B6803B11847704729
:10671000A8184020024B1B685B6803B118477047FC
:10672000A8184020A0F580030144B3F5800F08D2DB
:10673000A1F580000138B0F5800F2CBF00200120AA
:10674000704700F17043B3F5003F05D201F170408E
:106750000138B0F5003FF0E700F16540B0F5005FAB
:1067600005D201F165400138B0F5005FE5E7002092
:106770007047054A536823F04E6323F440231B0CF3
:106780001B045360704700BF00C02E40074B00221F
:10679000C3F800211A6842F480721A601A68D205A0
:1067A000FCD51A6822F480721A60704700C02E402F
:1067B00008B50DF06DF8084B1A6822F001021A6056
:1067C0005A681204FCD51A6822F498721A600DF007
:1067D00079F8002008BD00BF00C02E400E490F4AC6
:1067E0004B6813400E4A0FD04968490052BF02213E
:1067F0000C210020116058BF0846074A51680B4021
:10680000536003461846704718B9062313600223E5
:10681000F8E71360F6E700BF00C02E4000001073D9
:106820000C1E40200F280E4B03D8D3F890330B607A
:106830007047B0F5047F02D1D3F89833F7E71038EA
:10684000C0F3C71200F07F005F2804D8E63203EBE4
:1068500082035B68EBE7E03253F82230E7E700BFE2
:10686000008026400F2810B50AD820F00302124BF2
:10687000134400F003001B68C000C3400B7010BD40
:10688000B0F5047F15D01038C0F3C71200F07F00B8
:106890005F2807D8C008094B120120F003042344E5
:1068A000D2B2E5E76038064B520120F003042344DE
:1068B000F6E7044BDDE700BF408426408484264091
:1068C000C0832640808426400023B0F5047F37B57E
:1068D00004460D468DF80330019302D9002003B021
:1068E00030BD01A9FFF79EFF094B019A1B681A42B0
:1068F000F4D020460DF10301FFF7B4FF9DF803002B
:10690000FF28EBD0411B18BF01214800E7E700BF7B
:10691000B0184020034B1A6922F00E021A611A695E
:106920001A61704700802640014BC3F8000370478E
:1069300000802640024A136943F001031361704747
:1069400000802640014B1870704700BF081E402091
:10695000A0F580020146B2F5800F10B500F1654444
:1069600015D300F17043B3F5003F10D3B4F5005FC9
:106970002CBF00200120FDF775FFB4F5005F0ED39A
:1069800001F17041B1F5003F03D2480B10BD012069
:10699000F1E7B2F5800F05D2500B1030F6E74FF457
:1069A0000470F3E740F21120F0E700F16543B3F51E
:1069B000005F15D300F17043B3F5003F12D3A0F58B
:1069C0008003B3F5800F0FD2B0F5A00F0ED3B0F552
:1069D000C00F0DD3B0F5E00F34BF02200320704785
:1069E0000920704708207047FF207047002070473B
:1069F0000120704710B504460CF07CFF214A0F2C93
:106A00000FD8214B1268D3F890131143C3F8901399
:106A1000D3F850130A43C3F85023BDE810400CF0DC
:106A200083BFB4F5047F12680BD1174BD3F89813CA
:106A30001143C3F89813D3F858130A43C3F85823E3
:106A4000EBE7103CE30904F07F049B005F2C03F1AB
:106A5000804303F51A130AD8D3F89C131143C3F8E3
:106A60009C13D3F85C130A43C3F85C23D5E7D3F82F
:106A700080131143C3F88013D3F840130A43C3F8BB
:106A80004023CAE7B0184020008026400F2819D9BB
:106A9000B0F5047F18D0A0F1100303F07F035F2B43
:106AA00094BFDB08603B144A0F28144913604FF071
:106AB000010202FA03F2124B1A6007D8D1F8500310
:106AC000104070470346EEE70023ECE7B0F5047F83
:106AD00002D1D1F85803F3E7A0F11003D80903F06D
:106AE0007F035F2B04D8D63001EB80014868E7E7CD
:106AF000D03051F82000E3E7941840200080264071
:106B0000B0184020B0F5047F024608B58CBF0020C5
:106B10000120FDF7A7FEB2F5047F07D81046FFF766
:106B2000B5FF00280CBF09200A2008BD0420FCE79F
:106B3000B0F5047F37B505468CBF002001200191D8
:106B4000FDF790FE2846FFF7DDFF042804460AD033
:106B50000A280BD001992846FFF7B6FE044610B963
:106B60002846FFF747FF204603B030BD0024FAE770
:106B7000164B0F281A686FEA020206D81449D1F89A
:106B800050331340C1F850337047B0F5047F06D13D
:106B90000F49D1F858331340C1F8583370471038B3
:106BA000C30900F07F009B005F2803F1804303F5D9
:106BB0001A1305D8D3F85C130A40C3F85C23704756
:106BC000D3F840130A40C3F840237047B018402060
:106BD00000802640B0F5047F37B505468CBF002005
:106BE00001200191FDF73EFE2846FFF78BFF0428A8
:106BF00004460ED009280FD001992846FFF764FEFD
:106C0000044630B90CF0A8FE2846FFF7B1FF0CF09F
:106C1000BDFE204603B030BD0024FAE710B504469F
:106C2000003818BF0120FDF71DFEFFF783FEFFF7B8
:106C300071FEFFF7BDFD074B1A6822F480521A60FF
:106C40001A6822F400421A60FFF793FD024B1C60A1
:106C500010BD00BF00C02E40A8184020A8E5074B7B
:106C60005A68120408D5586800F45030B0F58040D6
:106C700018BF0120400070470120704700C02E401F
:106C8000B0F5047F0246F8B58CBF00200120FDF767
:106C9000E9FD0F2A0F4635D802F500456D03254B57
:106CA0000021B2F5047F19603DD8234C266816F404
:106CB000887631D1D4F894308B422DDB1046FFF723
:106CC00021FF092828D10CF079FEFFF752FD1B4B5C
:106CD0001B4A1D60C2F800532368C3F307439F4259
:106CE000F8D10023C4F80031236843F01003236077
:106CF000144B1B789BB1FFF705FD236843F001039C
:106D000023600CE0B2F5047F02D202F5F875C5E706
:106D10000DD14FF0D855C2E702260CF04FFE0CF013
:106D200067FE3046F8BD04260CF048FEF7E704265F
:106D3000F7E700BF9818402000C02E409C18402064
:106D400000802640081E402010B5FFF788FF01286C
:106D5000044614D00CF0C8FE0A4B1A6822F0010257
:106D60001A601A6822F480721A600CF0D7FE064B83
:106D7000064A04211B680120126800F0A6FA20468A
:106D800010BD00BF00C02E40A0184020A418402015
:106D90002DE9F0410646081E0C46154618BF012095
:106DA000DFF89880FDF75EFD101E18BF0120FDF78B
:106DB00059FD3046FFF7B6FCFDF754FD32B9042308
:106DC000C8F80030D8F80000BDE8F081002CF6D0FB
:106DD0000120234632460421C8F8000000F075FA6D
:106DE000154B00221A600CF0E3FEFFF7C2FCFFF720
:106DF00089FC45EA06039A0711D1032C0FD93368A1
:106E000004272B60FFF786FC0120FFF7E7FC18B989
:106E1000E41B3E443D44E8D10CF0E4FED2E7DB073E
:106E200005D4012C03D0338802272B80EAE733787E
:106E300001272B70E6E700BF981840200C1E402069
:106E40002DE9F8430446081E0D46164618BF0120DA
:106E5000444FFDF707FD2046FFF764FCFDF702FDF8
:106E600025B904233B603868BDE8F8833E4B002217
:106E7000012004211A602B462246386000F025FAD2
:106E80000CF064FE002E3CD14FF6FF78FFF771FC4A
:106E9000FFF738FCA60751D1032D4FD926684FF0D4
:106EA0000409701C46424641FFF734FC3046FFF7A8
:106EB00095FC00283FD1B5EB09054C44E6D13AE0FA
:106EC000DB070DD4012D0BD0B4F800804FF0020980
:106ED0003388A8EB030EDEF1000848EB0E0823E030
:106EE00094F800804FF001093378A8EB030CDCF133
:106EF000000848EB0C0817E0B5EB09054C444E447C
:106F000019D0FFF736FCFFF7FDFB44EA06039907AB
:106F1000D6D1032DD4D920684FF004093368C21AA2
:106F2000D2F1000848EB0208FFF7F4FB4046FFF7F8
:106F300055FC0028E0D00CF023FE94E7E10709D4CB
:106F4000012D07D026884FF00209A6EB0802564211
:106F50005641A9E726784FF00109A6F1FF035E42EA
:106F60005E41A1E70C1E40209818402010B5FFF7A5
:106F700076FE012804461CD00CF052FD0E4B1A6818
:106F800022F001021A601A6822F010021A600CF056
:106F900061FD74B9094B22464FF400511868FFF7A0
:106FA0004FFF044628B10C2803D00B280CBF044621
:106FB0000524204610BD00BF00C02E409C18402074
:106FC0002DE9FF4104460F469846FFF7ABFBFDF75E
:106FD00049FC04F07F05644B164611221D60634B8B
:106FE0001A600022624B1A60FDF73CFC2046FFF756
:106FF000AFFC44EA07035B076FD13D44802D6CD89A
:10700000002F6AD0002E68D05A4B1A6812F488728A
:10701000019266D1D3F89430002B62DBFFF772FD4A
:1070200009285ED1019A39462046FFF709FF054637
:1070300078B10C280DD00B2808D005250CF022FDC6
:107040000CF03AFD284604B0BDE8F0810CF01AFDC2
:10705000F6E70CF017FD4849FFF78BFB454AC1F8EE
:1070600000431368C3F307439845F8D10DB10C2DC5
:10707000E6D1424B01201C60C4F38404404B1F60E6
:10708000FDF7F0FB16F0030F06F108033E442CD188
:10709000A20053F8081CB34204F1020402F180423A
:1070A00002F53B12C2F8001153F8041CC2F8041197
:1070B00003D01E2C03F10803EAD92E4C236843F4B5
:1070C000807323602F4B1B78002BB9D0FFF71AFB7E
:1070D000236843F001032360B2E704250CF0D2FCDF
:1070E000AEE702250CF0CEFCAAE713F8082CB34259
:1070F00013F8071C0392039A42EA012213F8061CB4
:107100000392039A42EA014213F8051C0392039A80
:1071100042EA016203924FEA8402039904F10204F5
:1071200002F1804202F53B12C2F8001113F8041C70
:1071300013F8030C0391039941EA002113F8020CA0
:107140000391039941EA004113F8010C039103995B
:1071500041EA006103910399C2F80411ADD01E2CDD
:1071600003F10803C1D9A8E7AC18402090184020CB
:107170009818402000C02E4000802640A4184020CF
:10718000A0184020081E40201F4A204B12681B698F
:10719000112A1F4808BF1F4A00EA830004BF126873
:1071A0008018002B07DA13F4002F0CBF4FF0FF30CC
:1071B0004FF0D850704703F0FC73B3F5800F1DD02B
:1071C0000BD8B3F5801F13D0B3F5001F13D0B3F560
:1071D000002F0AD04FF0FF307047B3F5000F10D0EA
:1071E000B3F1807FF6D10138704700F58000704719
:1071F00000F5A000704700F5C000704700F5E00002
:10720000704700F1805070479018402000C02E4019
:10721000F8FF1F00AC184020014B0B221A6070478A
:107220000C1E402038B505460C460BF099FA012D8E
:1072300003D1032C05D1FDF700FC0BF0ABFA0020C5
:1072400038BD042CF9D1FDF705FCF6E738B5054645
:107250000C460BF0B7FA012D03D1032C05D1FDF735
:1072600006FC0BF0C9FA002038BD042CF9D1FDF75B
:107270000FFCF6E738B505460C460BF0D5FA012DA4
:1072800003D1032C05D1FDF7F7FA0BF0E7FA002044
:1072900038BD042CF9D1FDF7FFFAF6E737B50546FE
:1072A0000C4601920BF0F2FA012D019803D1032C48
:1072B00006D1FDF71FFB0BF003FB002003B030BD30
:1072C000042CF8D1FDF71AFBF5E737B505460C4657
:1072D000019200930BF00CFB012DDDE9001003D1AE
:1072E000032C06D1FDF740FB0BF01CFB002003B084
:1072F00030BD042CF8D1FDF751FBF5E773B5054619
:107300000C46069E019200930BF024FB012DDDE953
:10731000001004D1032C07D13246FDF761FB0BF0BE
:1073200033FB002002B070BD042CF8D13246FDF7CB
:107330005EFBF4E770472DE9F047B54D01210446A7
:10734000286001F02DFE2B68002B40F03881E67B91
:10735000B04FDFF8FC82DFF8FC92002E40F036815F
:10736000A67CAD4FDFF8F082DFF8E892002E40F007
:107370003D81A67BA94FDFF8E482DFF8D892002E8A
:1073800040F07C81667BA64FDFF8D482DFF8C492A0
:10739000002E40F084813746DFF89C82DFF8C492EB
:1073A000DFF8B0A2237BBB4200F289812868002568
:1073B000022101F0F5FDE27CEBB29A4200F29181EC
:1073C000984B1D78002D38D10122974F2946284629
:1073D0001A707B689847BB688C208F4F9847934BF7
:1073E00028461B689847924B28461B6898478C4B49
:1073F00028461B6898477B6828469847BB688D4F8E
:107400002846984728463B68984729467B6828467F
:107410009847894B814F28461B6898477B682846C8
:107420009847BB68284698477A4B28465B68984738
:10743000824B294628461B68984701238049E27DF4
:107440009A4200F259810025754FDFF81482DFF867
:107450000492637BAB4200F256810025774FDFF840
:107460000882DFF8F091637DAB4200F25D81002578
:107470006F4FDFF8F881DFF8DC91637CAB4200F2FC
:1074800064810025694FDFF8E881DFF8C891237C2B
:10749000AB4200F26A810025654FDFF8D081DFF84A
:1074A000B491637CAB4200F2708100255B4FDFF842
:1074B000AC81DFF8A091A37BAB4200F2778100257D
:1074C000594FDFF88881DFF88C91A37DAB4200F241
:1074D0007F810025524FDFF88881DFF87891637B48
:1074E000AB4200F2878100254C4FDFF87081DFF856
:1074F0006491A37BAB4200F28E810025464FDFF8FA
:107500005881DFF85091A37CAB4200F296814D4D3B
:1075100001234D4F4FF000088C210420BB70FB70FD
:107520002B6887F8008087F80180984701F060FD9C
:107530002B688C21052098472B688C2106209847C2
:10754000DFF8D09001F0B4FBDFF804A12B684546CA
:10755000DFF820818C2107209847E37BAB4200F2C3
:107560007E813D78002D40F0B481324FDFF80881F4
:10757000DFF8E090237DAB4200F28B812A4D334F40
:10758000DFF8D080A37DB34200F29381204604212E
:10759000BDE8F04701F004BD1C22206C72430136A7
:1075A0008358104403EBC3034B445B7818F8033053
:1075B0001B01FB589847A37DB342EDD8C7E60026D0
:1075C000194FDFF88880DFF88C90F4E7606A013E9D
:1075D00050F8363000EBC60003EBC3034B445B7836
:1075E00018F8033057F833309847B6E6013E206B61
:1075F0000C223301C35800EB061003EBC3034B44CA
:107600005B7818F803305343FB589847AEE600BF49
:1076100044194020F88B41005C8B4100C88B41002D
:107620002C8B410048194020A88B4100088B410059
:107630001C8B4100688B4100788B4100F08B41002E
:10764000B8184020941D4020B4184020A48A41005E
:10765000B88A4100B8854100CC8A4100C28A410005
:10766000EA8A4100E08A4100AE8A4100F48A410082
:10767000FE8A410018834100D68A4100013E28223B
:10768000206A142172438358104403EBC3034B4414
:107690005B7818F803304B43FB5898476FE6013E80
:1076A0001422E06972438358104403EBC3034B4434
:1076B0005B7818F803301B01FB58984768E60C21EB
:1076C000A06901FB07F201378358104403EBC303A1
:1076D00053445B7819F803304B4358F8033098470C
:1076E00060E6616B1801013501EB03130858D3E91B
:1076F000022300F0C6FC5EE6626C52F833208B5425
:107700000133DBB29BE61422E0696A4301358358FA
:10771000104403EBC3034B445B7818F8033007EBCA
:1077200003135B68984794E61822E06B29466A4386
:1077300001358358104403EBC3034B445B7818F8BE
:10774000033057F8233098478DE60C22E06A6A43ED
:1077500001358358104403EBC3034B445B7818F89E
:10776000033057F83330984787E60C22A06A6A4303
:1077700001358358104403EBC3034B445B7818F87E
:10778000033057F82330984781E60C22E06A6A43B9
:1077900001358358104403EBC3034B445B7818F85E
:1077A000033007EBC3035B6898477AE62822206A18
:1077B00014216A4301358358104403EBC3034B443F
:1077C0005B7818F8033001FB03735B68984772E637
:1077D0001C22206C29466A4301358358104403EB70
:1077E000C3034B445B7818F8033007EB03135B6863
:1077F00098476AE61422E0696A43013583581044C9
:1078000003EBC3034B445B7818F8033007EB031317
:107810009B68984763E62822206A14216A43013551
:107820008358104403EBC3034B445B7818F80330D0
:1078300001FB0373DB6898475BE6206B2B010C228E
:10784000C35800EB0510013503EBC3034B445B78D1
:1078500018F8033002FB03735B68984753E6626ACB
:1078600002EBC500436858F82330032B0ED052F8C2
:107870003530194A03EBC30313445B781AF803301D
:1078800009EBC3035B689847013566E601233B704B
:10789000FAE7A06B50F8353000EBC500013503EB7B
:1078A000C3034B445B7818F8033057F833309847DC
:1078B00060E61C22206C724301368358104403EBAF
:1078C000C30343445B78FB5C05EB0313DB68984719
:1078D00058E6BDE8F08700BFB88541002DE9F047C4
:1078E0001F4F002502241F4EDFF88880B378AB427B
:1078F0001CD864BB1C4F2546DFF87C80DFF87C90E9
:10790000DFF868A0F3789D4221D257F8040B0C22CF
:1079100000EBC00353445B7819F8033002FB038388
:107920009B689847012811D00135EBE757F8040B05
:107930000E4B00EBC00213440D4A5B78D35C14225B
:1079400002FB03839B689847012803D1012420464A
:10795000BDE8F087022805F1010508BF0024C5E74E
:1079600014834100B418402010834100B8854100C1
:10797000C28A4100C88B41005C8B4100CC8A410027
:107980002DE9F0412F4D2B682BBBBDE8F0815B6AE0
:1079900003EBC400426856F82220032A0CD153F8A6
:1079A0003430294A03EBC30313445B7818F80330DF
:1079B00007EBC3035B68984701342B68DA7B94427A
:1079C000E5D3224B1B78002BDFD00024204E214F23
:1079D000DFF8748013E000241F4E204FDFF888800A
:1079E000EBE7986B50F8343000EBC400013403EB44
:1079F000C30343445B78FB5C56F8333098472B68ED
:107A00001A7D9442EDD30024154E164FDFF83880CE
:107A10002868837D9C4204D30421BDE8F04101F035
:107A2000BFBA1C22006C624301348358104403EB3C
:107A3000C30343445B78FB5C06EB0313DB689847A6
:107A4000E6E700BF44194020B8854100B418402043
:107A5000688B4100D68A410018834100F88B4100B1
:107A6000A88B4100A48A4100B88A410010B5FFF7F5
:107A700062FC064B1C782CB1FFF730FF044618B9A6
:107A8000FFF77EFF204610BD0124FBE7B41840201D
:107A9000054A00EBC0031344044A5B78D25C044BF4
:107AA00003EB02139B681847B8854100A48A410084
:107AB000A88B4100014B1860704700BF941D402007
:107AC000064A00EBC00301211344054A5B78D25CEF
:107AD000044B03EBC2035B68184700BFB885410045
:107AE000D68A4100688B4100064A00EBC0030021A2
:107AF0001344054A5B78D25C044B03EBC2035B681A
:107B0000184700BFB8854100D68A4100688B410004
:107B100008B5044B0221186801F042FABDE808409C
:107B200001F012BA4419402008B5044B022118682C
:107B300001F036FABDE8084001F00EBA44194020C1
:107B400008B5044B0221186801F02AFABDE8084084
:107B500001F010BA4419402008B5044B02211868FE
:107B600001F01EFABDE8084001F00CBA44194020AB
:107B7000014B1B68184700BF941D4020F8B507460D
:107B800000200E4614461D4605F026FB00213860F5
:107B90002846316005F034FB2060F8BD38B50C464E
:107BA0000021154605F01EFB23681844A8422060FA
:107BB00034BF0020012038BD704710B5D0B14368F4
:107BC000C3B10268013B0C4902EBC2021B04885C92
:107BD0008C180A4A03F47023617952F8302002EBC2
:107BE0008102D2F8801021F470210B4343F000434E
:107BF000C2F8803010BD00BFB885410064844100E8
:107C000098B10368094A03EBC303D25C084B53F8ED
:107C1000321043688A68012B22F0FC4238BF0123EE
:107C20005B0603F0FC4313438B607047B88541004B
:107C3000648441002DE9F043044685B0002858D003
:107C400003682D4D03EBC3032C4AE918887802EB37
:107C50000012D2E90207EA5C15250B7905FB023315
:107C6000274A4D7952F82360636806EB8505AA68B8
:107C7000002B35D0013BBB4053400340534043F001
:107C80000047DFF880804CF2503303AA02A901A814
:107C9000FFF774FFD8F8889102A9039A01A8FFF7AB
:107CA0007DFFB9F1000F1EDB0028F3D02168012011
:107CB000FFF75EFF4CF2503303AA02A901A8FFF7B9
:107CC0005DFFF56B02A9039A01A8FFF767FFEB07B9
:107CD0000DD50028F5D021680120FFF749FF08E005
:107CE00022F00047CDE70028E0D1AF60E2E70028AE
:107CF000F1D105B0BDE8F083B8854100C0804100F6
:107D00008084410000C02D407FB5044600283BD050
:107D100003681E4D03EBC3031D4AE918887802EB84
:107D20000012D2E90206EA5C15250B79497905FBB8
:107D30000233184A52F82350636805EB81018A68C0
:107D4000EBB1013BB340534003405A4042F0004284
:107D50008A604CF2503303AA02A901A8FFF70EFF74
:107D6000EE6B02A9039A01A8FFF718FFF30709D5E4
:107D70000028F5D021680120FFF7FAFE04E022F088
:107D80000042E5E70028F5D104B070BDB885410098
:107D9000C080410080844100704738B590B10368CD
:107DA00015250D4A03EBC303D118D45C4368097948
:107DB0000A4843B105FB0411FCF778FE012250F894
:107DC00021305A6338BD05FB041150F82120536B54
:107DD00023F001035363F5E7B88541008084410037
:107DE0007FB5044650B3436843B3036801A8144AFF
:107DF00003EBC303D118D25C0B79152101FB0233CD
:107E0000104A02A952F82350012303AAAB634CF293
:107E10005033FFF7B3FEEE6B02A9039A01A8FFF7F8
:107E2000BDFEF30706D50028F5D021680120FFF735
:107E30009FFE01E00028F8D1FCF742FE04B070BDBF
:107E4000B885410080844100704708B30389FBB1C5
:107E50000368104A03EBC303D25C0F4B53F82210A4
:107E60004389427C1B04920003F47F0302F0040266
:107E70001343027B43EAC273827B1201D2B21343E3
:107E8000427B120602F08072134343F001030B6041
:107E9000704700BFB88541007484410070B1038908
:107EA000012B0BD10368064A03EBC303D25C054BDD
:107EB00053F82220136843F001031360704700BF9A
:107EC000B88541007484410058B10368054A03EB4A
:107ED000C303D25C044B53F82220044B11680B40BF
:107EE00013607047B8854100748441003EFF00F084
:107EF00010B510B3038903B30368104A03EBC3033F
:107F0000D25C0F4B53F822104389827B1B040C6810
:107F1000920103F47F03D2B213430A4A224013436F
:107F2000827C920602F040621343C27C120602F089
:107F30004072134343F001030B6010BDB88541004C
:107F4000748441003EFF00F07FB5044618B3016819
:107F5000154A01EBC103D55C0389E3B1037BE3B9A7
:107F60004CF2503303AA02A901A8FFF707FE0F4BFA
:107F700053F825506E6802A9039A01A8FFF70EFE78
:107F8000002E06DB0028F5D021680120FFF7F0FD68
:107F900001E00028F8D104B070BD022004B0BDE8B3
:107FA0007040FFF7E5BD00BFB88541007484410013
:107FB0007FB5044628B30168164A01EBC103D55CBE
:107FC0000389F3B1437BE3B1037BE3B94CF2503354
:107FD00003AA02A901A8FFF7D1FD0F4B53F82550C2
:107FE0006E6802A9039A01A8FFF7D8FD002E06DBF0
:107FF0000028F5D021680120FFF7BAFD01E0002834
:10800000F8D104B070BD022004B0BDE87040FFF7A5
:10801000AFBD00BFB8854100748441007FB5044600
:1080200018B3036802A9124A01A803EBC303D25C88
:10803000104B53F8225003AA2B6823F001032B6046
:108040004CF25033FFF79AFD6E6802A9039A01A81B
:10805000FFF7A4FD002E06DA0028F5D021680120E4
:10806000FFF786FD01E00028F8D104B070BD00BF25
:10807000B885410074844100704700BF70470020FC
:1080800070477047704770472DE9FF41002800F0A6
:108090008A800668454B06EBC60281881344444A31
:1080A0009B7912F8338002EBC302424B5778546835
:1080B00053F8283000293BD053F827100C4272D1D6
:1080C00053F82710214343F827103B4B53F828500F
:1080D0002B6843F001032B606B6843F001036B6076
:1080E00000F0E8FD6A68354BD10753F8288058F84E
:1080F000273002D434EA030355D04CF2503303AA9C
:1081000002A901A8FFF73AFD039A02A901A8FFF707
:1081100045FD6A6858F82730D20702D434EA0303D1
:108120003FD00028F0D031460120FFF721FD3AE092
:1081300053F827100C4236D053F8271021EA0401D7
:1081400043F827101C4B53F828502B6843F00103C9
:108150002B606B6843F001036B6000F0ABFD174AC6
:108160006B6852F8288003F0010358F8272022405A
:10817000134318D04CF2503303AA02A901A8FFF709
:10818000FDFC039A02A901A8FFF708FD6B6858F8E7
:10819000272003F001032240134302D00028F0D02F
:1081A000C1E70028BFD104B0BDE8F081B885410027
:1081B000D879410090834100708341008083410061
:1081C00007B581F0010100906846ADF80410FFF793
:1081D0005BFF03B05DF804FB70477047024A936889
:1081E00043F001039360704700002D40024A9368FA
:1081F00023F001039360704700002D40024AD368CA
:1082000043F48073D360704700802C40024AD368E7
:1082100023F48073D360704700802C40F0B504468F
:1082200085B000282BD0C379013BDBB2022B26D8C6
:10823000174AD55C174B5B6E5B0F052B21D1164E91
:108240004CF2503303AA02A901A8FFF797FCD6F815
:10825000887102A9039A01A8FFF7A0FC002F06DB92
:108260000028F4D021680120FFF782FC07E00028F5
:10827000F8D1084A536E23F003031D43556605B039
:10828000F0BD01680A2005B0BDE8F040FFF770BC02
:108290003262410000C0394000C02D4030B18288B8
:1082A000054B22B19A6842F001029A6070479A68C1
:1082B00022F00102F9E700BF00002D4030B18288B2
:1082C000054B22B1DA6842F48072DA607047DA68EE
:1082D00022F48072F9E700BF00802C4000F020B942
:1082E00070477047704780B1037973B103681421F8
:1082F000064A03EBC30313441A7A054B01FB02330E
:108300001A69136843F0010313607047B885410090
:10831000A08341007FB500EBC0021B4B1421054632
:1083200013441A7A194B01FB02331C690BF020F934
:108330002368DA0714D54CF2503303AA02A901A826
:10834000FFF71CFC266902A9039A01A8FFF726FC87
:10835000F30609D40028F5D029460120FFF708FCD0
:108360000BF020F904B070BD0028F5D1236823F08C
:1083700001032360636923F00F036361236943F002
:1083800003032361ECE700BFB8854100A0834100EF
:1083900008B10068BEE770472DE9F74F074600288F
:1083A00000F0A9800379002B00F0A5800368554AEE
:1083B00003EBC300D7F81480024483EA080392F861
:1083C00008A0514A52F82100984200F08D8042F8EE
:1083D000213014214D4A4E4B01FB0A214D4C1B68A4
:1083E00048685B6C205CC96803EBC000615C456851
:1083F00003EBC1035B68002D76D0002B74D0B8F17D
:10840000000F71D005EB45043969013CB4FBF3F46E
:1084100005EB85030134013BB3FBF8F309339C42C0
:1084200038BF1C46642904D068D8012901D00A2924
:1084300007D1394BB3FBF1F3B5FBF3F39C4238BFE3
:108440001C46FB6842F210764FF00009009314239B
:1084500003FB0A229368D2F810B00193009BCBF87B
:108460000440981949EB0902A0FB080308FB0233FA
:10847000A0FB0401013804FB0311019B41F1FF3112
:10848000F21AA2FB052C63EB030305FB03C3FCF705
:10849000C1FB224B043041F10001834279EB010121
:1084A00038BF1846009BCBF80800F01A63EB0303B3
:1084B000A0FB080108FB0311019BA0FB040C9A1907
:1084C00004FB01C149F10009A2FB052305FB0933A7
:1084D000FCF7A0FB033861F10001032871F10001F2
:1084E00038BF0320CBF80C001422084B02FB0A33E0
:1084F000BA681B695A6103B0BDE8F08FB1F57A7FA5
:1085000096E700BFB88541004C194020A083410088
:1085100044194020B818402040420F00FCFFFF00E3
:10852000F8B50E4D00240E4E0E4F55F8042B6AB1CF
:10853000516913690B40316803F0030351B12BB14A
:1085400057F8241000201361FFF712FB0134072CA9
:10855000EBD1F8BD002BF9D01361F7E74884410057
:10856000441940202C844100704702207047704716
:1085700010B590B103680E4A03EBC303D25C0D4BF8
:1085800003EBC20153F8322000230C79D9B28C429C
:1085900004D8136843F00043136010BD02EB83005E
:1085A0000133D0F8801021F00041C0F88010EDE7D1
:1085B000B88541006484410010B5002844D0838808
:1085C000002B41D00368214A03EBC303047DD25C36
:1085D0001F4B53F83220437B91681B0321F4E14188
:1085E00003F4E04321F07F012343448A0B431949FC
:1085F000C4F30E04936013691940037F9B0703F0D3
:10860000804323430B431361417D837D8C075B07CC
:1086100004F0804403F000532343448BC4F30A0462
:108620002343048B0C4800EA04400343D360B1FAAF
:1086300081F390695B0920F4C07040EAC313936131
:10864000136823F00043136010BD00BFB8854100DC
:10865000648441000080FFBF0000FF0370B1838885
:10866000012B0BD10368064A03EBC303D25C054B15
:1086700053F83220136823F000431360704700BFA3
:10868000B8854100648441007FB500EBC003134A04
:108690000446D25C124B53F832502B68002B1BDB84
:1086A0004CF2503303AA02A901A8FFF767FA6E68DB
:1086B00002A9039A01A8FFF771FA730708D40028EA
:1086C000F5D001202146FFF753FA012004B070BD18
:1086D0000028F6D10220F9E70020F7E7B88541002D
:1086E0006484410070472DE9F04F85B0002800F008
:1086F000B080C7680568DFF8D8C1D0E90143D0E988
:10870000046802937B4085EA04020CEBC10E7340BF
:108710005CF831005340DEF80420424508BF98421F
:1087200000F09780644A05EBC50507EBC7074CF8D6
:108730003130624BD75D2A441B6892F807A0604A2B
:108740005B6C52785F4803EBC203CEF8048050F8AC
:108750002770D3F8049040F638135B48A6FB032536
:10876000A4FB000103FB0853E82505FB0411FCF7FB
:1087700051FA062871F1000370D3C82871F1000383
:108780006AD20B2871F1000368D3972871F10001B8
:1087900066D370254FF4FA11A5FB0923A6FB01044B
:1087A00001FB0841FCF736FA04468B4600232A46B3
:1087B0004FF4FA100021FCF72DFA201A4FF0000CAC
:1087C0004FF080446BEB010110F5807041F1000324
:1087D0000193A042019B73EB0C0343D300231A4681
:1087E00054EA0C0E44D19200029942EA9372A1FB22
:1087F00009019B00BF3342F10002DC09002344EA77
:108800004264324AFCF706FA4FF47A7104FB05FB26
:1088100080B24A4645EA0B4338600AEB4A05A6FB9C
:10882000010607EB850501FB08616B600023FCF77F
:10883000F1F9013401380C22ABFB0434C0F313000E
:1088400002FB0A775B08A86003F2E733C3F3130364
:10885000FB6005B0BDE8F08FB8259BE70C2599E7D4
:10886000302597E7A40844EA8C744FEA9C0CB0E7E3
:10887000E1184CEB020B03918842019971EB0B0E4E
:1088800010D30399B0EB010E0199704661EB0B0117
:1088900014EB040E01914CEB0C0B1EEB030E734614
:1088A00042EB0B025B08A40843EAC27344EA8C74EF
:1088B00052084FEA9C0C93E7B885410044194020C8
:1088C000B81840207C8441000010A5D440420F001D
:1088D00058194020704710B5C0B103680C4803EB2D
:1088E000C3030C4CC1188A781201A458C25C0B79DE
:1088F000152101FB0233084A52F823301A6842F06E
:1089000008021A601A6822EA04021A6010BD00BF49
:10891000B8854100C080410080844100DBE72DE93B
:10892000FF41044600286ED0384A394ED0E9003164
:10893000384803EBC30332F81150C1188A78170185
:1089400006EB0212F759D2F80480C25C0B791521AC
:1089500001FB0233304A52F8236073683B4023FA2C
:1089600008F3AB424FD04CF2503303AA02A901A83E
:10897000FFF704F902A9039A01A8FFF70FF973683A
:10898000D90304D50028F5D02168012039E000285A
:10899000FAD1336805FA08F503AA02A95D4001A8D7
:1089A0003D406B4043F0070333604CF25033FFF718
:1089B000E5F8039A02A901A8FFF7F0F873685A07CF
:1089C00002D40028F5D0DFE70028DDD14CF2503387
:1089D00003AA02A901A8FFF7D1F8039A02A901A8E6
:1089E000FFF7DCF87368DB0302D50028F5D0CBE78E
:1089F0000028C9D17368C3F34243012B03D0216817
:108A00000320FFF7B5F804B0BDE8F0810085410010
:108A1000C0804100B8854100808441002DE9FF41BC
:108A2000044600286ED0394A394ED0E90031394821
:108A300003EBC30332F81150C1188A78170106EB13
:108A40000212F759D2F80480C25C0B79152101FBA0
:108A50000233314A52F8236073683B4023FA08F32B
:108A6000AB424FD04CF2503303AA02A901A8FFF742
:108A700085F802A9039A01A8FFF790F87368D90353
:108A800004D50028F5D02168012039E00028FAD16A
:108A9000336805FA08F503AA02A95D4001A83D4024
:108AA0006B4043F0040333604CF25033FFF766F839
:108AB000039A02A901A8FFF771F873685A0702D454
:108AC0000028F5D0DFE70028DDD14CF2503303AAAF
:108AD00002A901A8FFF752F8039A02A901A8FFF71B
:108AE0005DF87368DB0302D50028F5D0CBE70028DA
:108AF000C9D17368C3F34243012B03D0216803201B
:108B0000FFF736F804B0BDE8F08100BF00854100F2
:108B1000C0804100B8854100808441002DE9FF41BB
:108B20000546002855D02C4A2C4CD0E900312C4861
:108B300003EBC30332F81160C1188A78170104EB04
:108B40000212E759D2F80480C25C01A80B79152102
:108B500001FB0233234A02A952F8234003AA2368E7
:108B600043F0040323604CF25033FFF707F8039AF5
:108B700002A901A8FFF712F863689A0304D5002838
:108B8000F5D0296801201FE00028FAD1236806FAF1
:108B900008F603AA02A95E4001A83E407340236084
:108BA000236823F00C0323604CF25033FEF7E6FFFA
:108BB000039A02A901A8FEF7F1FF63689B0306D49C
:108BC0000028F5D029680320FEF7D2FF01E0002835
:108BD000F8D104B0BDE8F08100854100C0804100BB
:108BE000B8854100808441002DE9FF4106460028F8
:108BF0003DD003681F4A2048D55C03EBC3031F4CDC
:108C0000C1188A78170104EB0212E759D2F80480E0
:108C1000C25C01A80B79152101FB0233184A02A995
:108C200052F8234003AA236843F00C0323604CF25C
:108C30005033FEF7A3FF039A02A901A8FEF7AEFF87
:108C400063689B0306D50028F5D031680120FEF744
:108C50008FFF0CE00028F8D1236805FA08F55D4085
:108C60003D406B402360236823F00C03236004B075
:108C7000BDE8F0812C854100B8854100C0804100ED
:108C8000808441004068064B064933F810304A683A
:108C90001B0322F4405203F4405313434B607047CC
:108CA000D48441000080284008B1FFF7EBBF704733
:108CB0000DF09ABA034B45F6F0221A604AF20F52B1
:108CC0001A60704700C02D401FB59E49D1F814337B
:108CD000DC0139D4D1F8343343F08073C1F8343334
:108CE000D1F8003343F00103C1F80033D1F8043365
:108CF00043F00103C1F80433FFF7DCFFD1F804337C
:108D0000D80703D4D1F81433D9011DD48D4C4CF2BB
:108D1000503303AA02A901A8FEF730FF039A02A963
:108D200001A8FEF73BFFD4F80433DA0703D4D4F8E4
:108D30001433DB0106D40028F0D007210120FEF710
:108D400017FF01E00028F8D17E49D1F814339C02C6
:108D500039D4D1F8343343F40013C1F83433D1F8A3
:108D6000003343F00103C1F80033D1F8043343F07A
:108D70000103C1F80433FFF79DFFD1F80433D8078E
:108D800003D4D1F8143399021DD46E4C4CF25033F5
:108D900003AA02A901A8FEF7F1FE039A02A901A8FD
:108DA000FEF7FCFED4F80433DA0703D4D4F8143306
:108DB0009B0206D40028F0D005210120FEF7D8FE42
:108DC00001E00028F8D15F49D1F814331C0339D4ED
:108DD000D1F8343343F40023C1F83433D1F80033ED
:108DE00043F00103C1F80033D1F8043343F0010329
:108DF000C1F80433FFF75EFFD1F80433D80703D47A
:108E0000D1F8143319031DD44E4C4CF2503303AA3D
:108E100002A901A8FEF7B2FE039A02A901A8FEF773
:108E2000BDFED4F80433DA0703D4D4F814331B039B
:108E300006D40028F0D006210120FEF799FE01E0BB
:108E40000028F8D13F49D1F814331C0439D4D1F8A3
:108E5000343343F40043C1F83433D1F8003343F0E2
:108E60000103C1F80033D1F8043343F00103C1F822
:108E70000433FFF71FFFD1F80433D80703D4D1F828
:108E8000143319041DD42F4C4CF2503303AA02A9F9
:108E900001A8FEF773FE039A02A901A8FEF77EFE61
:108EA000D4F80433DA0703D4D4F814331B0406D4FB
:108EB0000028F0D08C210120FEF75AFE01E00028A6
:108EC000F8D12049D1F81033DC0139D4D1F830334E
:108ED00043F08073C1F83033D1F8003343F001031D
:108EE000C1F80033D1F8043343F00103C1F804336F
:108EF000FFF7E0FED1F80433D80703D4D1F81033DC
:108F0000D9011DD40F4C4CF2503303AA02A901A879
:108F1000FEF734FE039A02A901A8FEF73FFED4F83B
:108F20000433DA0703D4D4F81033DB0106D4002865
:108F3000F0D08C210120FEF71BFE01E00028F8D1C3
:108F400004B010BD00C02D40024B01201B689B687F
:108F5000184700BF641940201FB5012301A8ADF8D0
:108F60000830034B1B685B68984705B05DF804FB4D
:108F700064194020024B03201B689B68184700BF00
:108F8000681940201FB5012301A8ADF80830034B34
:108F90001B685B68984705B05DF804FB68194020C2
:108FA000012917D0022917D10C4B1A78A2B9012236
:108FB0000B490C481A70CB780B4A03EB430302EBC6
:108FC000830303608B7803EB430302EB8302074BBD
:108FD0001A607047FFF778BE704700BF60194020E5
:108FE000E08A410068194020788B410064194020D4
:108FF0000DF0B2B870472DE9F74FCDE900010C989C
:10900000016909680429D0E90045D0E9026731D82F
:1090100000214FF6FF7EA44688B20234BCF80080DF
:10902000F04521D115F8018005EB010AB8F1FF0FD9
:109030001AD116F8018006EB0109B8F1FF0F13D120
:1090400017F801B007EB0108BBF1FF0F0CD1009935
:10905000ACF8001001998AF8001089F8002088F80F
:10906000003003B0BDE8F08F01310529D3D14FF6B0
:10907000FF70F6E7036A01221A70F8E730B54C6911
:109080004FF6FF7334F810209A420DD10A69D1E9E6
:109090000635198824F810101880136803B9288041
:1090A00001330020136030BD0120FCE72DE9F04FB3
:1090B0008DB0CDE90A23169B1A69CDE90801106825
:1090C000002870D01A684FF0000C4FF6FF714FF077
:1090D000FF0900925A6801929A680292DA68039234
:1090E0009A6914886700009A08982546D25BA246C0
:1090F0005E69824236F8144046D1019A0998525D61
:10910000824241D1029A0A98525D82423CD1039A2E
:109110000B98525D824237D11A68D3F810E004925E
:109120005A6805929A68D3E906C00692DA680792EF
:10913000BCF80020954203D1ACF80040F1530EE09A
:10914000B0F80080454525D106EB420B924636F833
:1091500012209045F8D1ABF80010A0F800A0DEF87E
:109160000020013ACEF8002012B9ACF800100180BE
:10917000049A4FF0010CD153059A5155069A02F802
:109180000590079A02F805908C42ABD160460DB06D
:10919000BDE8F08F06EB420836F812209245F9D16F
:1091A000A8F80040CAE78446F0E7F0B5C16900239B
:1091B0004FF6FF72D0E900C7D0E90265D0E905E4B7
:1091C0002EF813202CF81320FA54F254EA540133E9
:1091D000052BF5D12280036A0A8000221A70F0BDA7
:1091E0002DE9F74F0CF01EFE01900CF01BFE072836
:1091F0004FF0240A4FF0000328BF0720DFF88C91BE
:10920000DFF88C810A220AFB00F4DFF888C1534E94
:109210004243DFF884E109EB0401514F514D48F816
:10922000203008EB80084CF820300CEB800C46F81E
:10923000203006EB80060EF8003086443B5407448D
:109240002B540544484BC1F810801344DFF84C817F
:10925000DFF84CB149F80430904400EB8003C1F8CA
:1092600020E0C1F814809B44DFF83881DFF838E152
:10927000C1F804B008EB4008DFF830B19644C1F8FB
:1092800018809B44DFF82881C1F808B008EB40083B
:10929000DFF820B1C1F81C809B44DFF81C81C1F8C5
:1092A0000CB008EB040148F804E0C1F810C0DFF886
:1092B0000CC1DFF80CE194440F629E442B4FC1F8BF
:1092C00014C0DFF800C1C1F804E00CEB400CDFF87B
:1092D000F8E0C1F818C09E44DFF8F0C0C1F808E01B
:1092E0000CEB400CDFF8E8E0C1F81CC09E44DFF84E
:1092F000E4C0C1F80CE0391994440E6147F804C089
:109300001B4C1C444C601B4C1C448C601A4C23446A
:10931000CB601A4B134401224B61194B03EB400302
:109320008B61184B03EB4003CB610D62019C164B24
:10933000072C43F8202028BF07240AFB04F409EB7C
:109340000400FFF732FF08EB0400FFF72EFF381987
:1093500003B0BDE8F04FFFF728BF00BF540843201B
:1093600074094320A409432004084320F40A43203D
:1093700074084320540A4320EC084320A40A4320E5
:109380001C094320140C4320540943207405432036
:10939000BC094320240A432014094320FC04432031
:1093A000FC094320AC0943209C0843207C0A43204D
:1093B000EC094320240C4320E40643209406432078
:1093C0002C094320DC0943207C094320440A432024
:1093D0004C0543204C0C43202DE9F74306460F462D
:1093E000904699460CF01EFD072828BF0720054629
:1093F00072B60F4B53F820300BB9FFF7F1FE242360
:109400000C4C4246394603FB054430464B4600941B
:10941000FFF7F1FD4FF6FF73984206D02146FFF7A4
:109420002DFE62B603B0BDE8F0830120F9E700BF6E
:1094300054094320740543202DE9F74306460F469F
:10944000904699460CF0EEFC072828BF07200546F9
:1094500072B60F4B53F820300BB9FFF7C1FE24232F
:109460000C4C4246394603FB054430464B460094BB
:10947000FFF7C1FD4FF6FF73984206D02146FFF774
:10948000FDFD62B603B0BDE8F0830120F9E700BF3F
:1094900054094320E40643202DE9F74306460F46CE
:1094A000904699460CF0BEFC072828BF07200546C9
:1094B00072B60F4B53F820300BB9FFF791FE2423FF
:1094C0000C4C4246394603FB054430464B4600945B
:1094D000FFF791FD4FF6FF73984206D02146FFF744
:1094E000CDFD62B603B0BDE8F0830120F9E700BF0F
:1094F00054094320F40A432070B586B00646CDE9EE
:10950000042103930CF08EFC072828BF0720054692
:1095100072B60B48059950F82540DDE903322CB9A5
:10952000FFF75EFE204662B606B070BD24240548F3
:1095300004FB050000903046FFF7B8FDF3E700BFDD
:10954000540943207405432070B586B00646CDE922
:10955000042103930CF066FC072828BF072005466A
:1095600072B60B48059950F82540DDE903322CB955
:10957000FFF736FE204662B606B070BD24240548CB
:1095800004FB050000903046FFF790FDF3E700BFB5
:1095900054094320E406432070B586B00646CDE961
:1095A000042103930CF03EFC072828BF0720054642
:1095B00072B60B48059950F82540DDE903322CB905
:1095C000FFF70EFE204662B606B070BD24240548A3
:1095D00004FB050000903046FFF768FDF3E700BF8D
:1095E00054094320F40A432010B50CF01BFC072853
:1095F00028BF072072B60D4B53F820302BB9012439
:10960000FFF7EEFD62B6204610BD094B002253F86D
:10961000204043F820202422064BB4FA84F402FBB5
:1096200000306409FFF7C1FDECE700BF5409432097
:10963000BC0943207405432010B50CF0F3FB072848
:1096400028BF072072B60D4B53F820302BB90124E8
:10965000FFF7C6FD62B6204610BD094B002253F845
:10966000204043F820202422064BB4FA84F402FB65
:1096700000306409FFF799FDECE700BF540943206F
:10968000240A4320E406432010B50CF0CBFB072846
:1096900028BF072072B60D4B53F820302BB9012498
:1096A000FFF79EFD62B6204610BD094B002253F81D
:1096B000204043F820202422064BB4FA84F402FB15
:1096C00000306409FFF771FDECE700BF5409432047
:1096D00054084320F40A432001F01F0201231F29EC
:1096E00003FA02F301D803637047A1F120021F2A95
:1096F00001D8C362704740391F2900D843677047BB
:109700001F2906D8036B012088401840C840C0B20A
:109710007047A1F120031F2B03D8C36A01F01F017A
:10972000F1E7A1F140031F2B01D8436FF6E70020BA
:10973000EDE7D0F8042C104B13408A68C0F8043CC5
:1097400002F007020B6810B59B02D0F8044C03F43A
:10975000F8432243CC6813434A685201D2B2134300
:10976000064A02EA045213430A69120402F4E02290
:109770001343C0F8043C10BD188308C00000F03F3C
:10978000436823F007031B041B0C43600B6842680B
:1097900003F007031343CA6843EA02638A681204AA
:1097A00002F4E02213434A68D20402F46012134325
:1097B0000A69920502F44002134343607047036D47
:1097C0008A6803F0004302F01F0203650B6810B5BE
:1097D0009B02046D9BB22243CC6813434A6852013A
:1097E00002F478721343054A02EA445213430A69A9
:1097F000120402F4F8121343036510BD0000E07F69
:109800000246486838B50C68002300195B41441CC7
:1098100043F10003FF2C73F1000334BF012000204B
:10982000FBF758F9D2F8F40B124B03400869C2F861
:10983000F43B80058B6800F0FE50D2F8F45B1B030C
:1098400003F4FE230343E0B22B430343C2F8F43B8B
:10985000D2F8F03B23F47F7323F00303C2F8F03B0C
:10986000CB68D2F8F00BC3F309030343C2F8F03B13
:1098700038BD00BF000F38E0024638B5D1E90040DE
:10988000002304195B411F2C73F1000334BF012036
:109890000020FBF71FF9D2F8F80B134B034004F03C
:1098A0001F00C2F8F83B8B68D2F8F85B1B039BB231
:1098B00003430869C96880052B4300F070700343B7
:1098C000C2F8F83BD2F8F03B23F07F7323F4403327
:1098D000C2F8F03B054BD2F8F00B03EA0143034317
:1098E000C2F8F03B38BD00BFE00F3FFC0000FF03B3
:1098F000124B53F82030D3F80426012A1BD0104A0B
:10990000C3F8001652F820200120C3F80406D3F84B
:10991000200658B983F8080693F82C360BB90020B6
:1099200070474FF07043C2F8103C7047012808BFE1
:1099300083F80806F3E70220704700BF6C19402047
:10994000208C4100074B53F8203070B5D3F81846EF
:109950002CB1054E56F82050A047286A70BD20460D
:10996000FCE700BF6C194020208C41001D4BF7B56F
:1099700053F82040064694F824366BB36368012BF5
:109980002CD0194BD4F8205653F8207001232160B5
:109990009D42636008BF257215BB94F82C360146C2
:1099A0000622257238460093012302F040F994F80C
:1099B0002C360722314600933846012302F037F94E
:1099C00094F82C360522314600933846012302F0E4
:1099D0002EF9284603B0F0BD0125FAE70225F8E785
:1099E0000025F6E76C194020208C4100F8B51E4692
:1099F0000E4BDFF83CC0174653F820400D465CF88C
:109A00002000D4F8283694F8242602F0A3FC48B9A4
:109A100004EB05132A01586830B901215960A75099
:109A20001E72F8BD0420FCE70220FAE76C19402002
:109A3000208C41002DE9F0479846254B177986B0D8
:109A400053F820400D46234B164653F820904846C5
:109A500002F0CCF8874229468CBF00200120FBF79A
:109A600039F8D4F8283694F82426484602F072FCD7
:109A7000074650BB04EB051ADAF80400022821D08F
:109A800029464846FFF728FE022332682946CAF8CD
:109A90000430737ACAF80C708AF80830337A04926A
:109AA000002B8AF80930726814BF1C230C2305921E
:109AB000039301F09DFE0E9B424603A9009702F01E
:109AC00020FA384606B0BDE8F0870420FAE700BF68
:109AD0006C194020208C4100334B2DE9F04F53F896
:109AE00020700D01314B97B080460E4653F8204050
:109AF000635904EB011A0BB902AB6351631993F874
:109B00000890B9F1000F08D0B4F82436002B38D0F3
:109B10007B6B13F0C00334D072B63146384602F086
:109B200081F862593146384602F0A0F9314638468C
:109B3000FFF7D2FDBB68B9F1000F00D062B600217B
:109B40006319CAF80410D4F810B693F80890BBF162
:109B5000000F03D0234632464046D847DAF8043097
:109B60008BB925442B7AD3B901222A7294F82C267A
:109B7000009232464146384602F059F817B0BDE827
:109B8000F08F9946C9E7B9F1000FF7D125442B7A38
:109B9000002BF3D094F82C3600930023E9E7B9F1B9
:109BA000000FEBD1F6E700BF208C41006C1940207C
:109BB000F0B53B4B1C393B4E97B053F8205056F84C
:109BC0002040032941D8DFE801F00242525ED4F878
:109BD0000436012B39D1D4F8003613B902ABC4F8DE
:109BE0000036D4F80016019002F062FB4FF080536B
:109BF000D4F810760198C5F8143C4FF00053C5F81E
:109C0000143C4FF08043C5F8143C0023C4F80436DC
:109C100027B12346FF220521B8470198D4F804361E
:109C20009BB956F82040284602F0A4FBFAF752FFF1
:109C300094F8083623B9012284F80826C5F8103CA8
:109C40000023C4F80036C4F8043617B0F0BD4FF056
:109C50000053C5F8143CD4F81056002DF5D0234617
:109C6000FF220621AC4617B0BDE8F04060474FF038
:109C70008043C5F8143CD4F81056002DE5D0234697
:109C8000FF220721EEE74FF00043C5F8143CD4F85B
:109C90001056002DD9D02346FF220821E2E700BF4D
:109CA000208C41006C194020284B2DE9F74F53F8C8
:109CB00020500C46264B07464FEA041853F8206004
:109CC000284601F095FD2146D0F80090284602F084
:109CD000C7F8AB6806EB04135A7AD86022B1C9F30F
:109CE0000369B9F1040F03D121462846FFF7F4FCBC
:109CF00006EB08090023C9F80430D6F810B699F825
:109D000008A0BBF1000F04D0334622460421384698
:109D1000D847B04498F8083083B9D9F8043053B91B
:109D2000012288F8082096F82C260092224639460F
:109D3000284601F07CFF03B0BDE8F08FBAF1000FB8
:109D4000F9D196F82C3600935346EFE7208C41006A
:109D50006C1940202DE9F043334F99B0334B054641
:109D600057F8204053F8206023680BB904AB2360F8
:109D7000062943D007294DD005293CD1D4F80490B9
:109D8000B9F1010F37D12168304602F05FFA202384
:109D90000022D4F8108633636260B8F1000F03D05C
:109DA000234649462846C047636823BB01232372E4
:109DB00057F82540D4F82036D3B994F82C262946F4
:109DC000304603930092052201F031FF94F82C26CF
:109DD000039B294600923046062201F028FF94F8A2
:109DE0002C26039B294600923046072201F01FFFD4
:109DF00000232360636019B0BDE8F0834023336320
:109E0000D4F81066002EF6D0234600220221284600
:109E1000B047F0E780233363D4F81066002EEAD011
:109E2000234600220321F2E76C194020208C4100D8
:109E300005282DE9F04180468CBF002001200F4607
:109E4000FAF748FE101E154618BF0120FAF742FE29
:109E5000654B53F828402368002B45DA23682046D9
:109E600023F00043236001F0EEFD0646A8BB204628
:109E700002F0F7FB296A204602F096FB404602F00A
:109E8000D9FB236895F83010204623F4006395F839
:109E9000322043EAC12305F124012360D4F8003CB9
:109EA00023F0004343EAC273C4F8003CD4F8003CFA
:109EB00023F41F43C4F8003C01F061FEEB69022B60
:109EC00003D0236843F4003323602B7AD3B169684D
:109ED000204601F02DFE0646E8B1204601F0D6FCF2
:109EE000204601F053FD0AE0204601F0CFFC064673
:109EF00028B9204601F04AFD06460028AED030467B
:109F0000BDE8F0812B7E33B1E9682046D5E9042312
:109F100002F041FADFE72968204602F07FF80646A2
:109F20000028DAD1236D05F1340195F8302023F0B3
:109F3000004343EAC273236595F83130002B42D0C9
:109F4000636B204643F400536363FFF759FC95F8B5
:109F5000303023B105F148012046FFF78DFCE96957
:109F6000204602F0A8F8002239460120134607EBEC
:109F70000214013208721031602A41F8103C63600B
:109F800041F8043CF3D1EA6DC7F80436C7F820263F
:109F90002A6EC7F81436C7F810266A6EC7F81C3642
:109FA0002B7A87F8080687F824362B7EC7F8182600
:109FB00087F825362B6887F82C06C7F828360B4B10
:109FC00043F828709BE7636B204623F400536363D8
:109FD00032B1FFF7F4FB05F14801FFF7AAFBBEE73A
:109FE000FFF7CEFBBBE700BF208C41006C1940207F
:109FF00005282DE9F04385B004468CBF00200120E0
:10A0000003930E46DDF83090FAF764FD101E1546F6
:10A0100018BF0120FAF75EFD1148039B50F8247029
:10A02000786810F0080F16D10E4850F824802046AA
:10A03000CDF80090FFF7FEFC70B96B7A63B998F821
:10A040002C363246214638460C93012305B0BDE834
:10A05000F04301F0ECBD012005B0BDE8F08300BF86
:10A06000208C41006C19402005282DE9FF41044651
:10A070008CBF002001201E46FAF72CFD101E17464B
:10A080000D4618BF0120FAF725FD1A4B53F824207E
:10A09000194B53F82480D2F82836404692F82426EB
:10A0A00002F058F9044610BB40462946FFF714FB5E
:10A0B0003B6801AA29460293BB88ADF80C300F23F8
:10A0C0000193334601F084FE334601AA29464046F7
:10A0D000019401F07DFE0423404601AA0193294624
:10A0E000334601F075FE204604B0BDE8F08104203F
:10A0F000FAE700BF6C194020208C410005282DE9AB
:10A10000F34104468CBF002001201D46FAF7E2FC13
:10A110000C4B20460E4653F824700B4B53F824800A
:10A120002B46FFF763FC48B945B998F82C36324600
:10A13000214638460093012301F079FD02B0BDE8C5
:10A14000F08100BF208C41006C19402005282DE9CA
:10A15000F04786B004468CBF002001201F460E9EAB
:10A160000392FAF7B7FC32480D46002186428CBFB5
:10A1700000200120FAF7AEFC4FF47A70059170438D
:10A1800003F03EF82B4B8046039A53F8246029468F
:10A19000294B204653F824903B46FFF727FCE0B9B3
:10A1A0004FB996F82C362A4621464846009301239B
:10A1B00001F03DFDA8BB06EB051A002003F00CF8EA
:10A1C0000590DAF80430012B15D006EB05167068FF
:10A1D00058B300230320736027E0032823D1002F06
:10A1E000F3D196F82C362A462146484600930023A0
:10A1F00001F01DFDE9E747B129464846FFF780FA1F
:10A2000018B129462046FFF767FC002105A802F097
:10A21000E9FF8045E3D9A8EB0008D2E7022804D083
:10A22000D3E70328DDD00428F8D106B0BDE8F087D5
:10A23000378941006C194020208C4100052813B556
:10A2400004468CBF002001200191FAF743FC094B22
:10A2500053F8240002F096F8019928B1204602B084
:10A26000BDE81040FFF744BB204602B0BDE81040F7
:10A27000FFF77CBB208C410005282DE9F04387B017
:10A2800005468CBF002001200391FAF723FC674BA1
:10A29000914653F82570384602F074F80399002867
:10A2A00045D02846FFF724FB0446002840F099805B
:10A2B0005F4821465F4B814553F825808CBF0020C5
:10A2C0000120FAF707FC4FF47A70059400FB09F0BF
:10A2D00002F096FF06462046012402F07DFF05901D
:10A2E000D8F80436012B01D0002371E0D8F82036CD
:10A2F000012B14D14FF01F09D7F8142C04FA09F3DD
:10A300005FFA89F1134023FA09F3DBB213B128464F
:10A31000FFF74EFC09F1FF39B9F11B0FECD1002119
:10A3200005A802F05FFFB0424AD2361AD8E72846A5
:10A33000FFF71CFB0446002853D13D4821468145C8
:10A340008CBF00200120FAF7C5FB4FF47A70394B1F
:10A3500000FB09F053F82560059402F051FF804698
:10A36000204602F039FF05907368012B07D073680F
:10A37000B3B3012B20D100237360234630E0D6F81D
:10A380002036012B0FD14FF0070949463846FFF719
:10A39000B7F918B149462846FFF7DCFC09F1FF3947
:10A3A000B9F1040FF1D1002105A802F01BFF4045CF
:10A3B0001BD2A8EB0008D7E7012311E0012410E02D
:10A3C000D8F82036012B02D00023C7F8103C032315
:10A3D000D8F804462CB1012CF0D10022C8F804268C
:10A3E0001C46204607B0BDE8F083D6F82036012B86
:10A3F0001AD096F82C3605222946384600930023B9
:10A4000001F015FC96F82C360622294600933846B2
:10A41000002301F00CFC96F82C3607222946009305
:10A420003846002301F003FC0324A0E7208C410000
:10A43000378941006C19402005282DE9F041044678
:10A440008CBF002001200E461746FAF743FB12BBD3
:10A45000CA1E50425041FAF73DFB154B53F82450A9
:10A46000D5F80080B8F1000F17DA284601F03EFA5F
:10A4700004462B68DB0112D4012C38BF0124B8F14B
:10A48000000F05DA284601F081FA002818BF0446BB
:10A490002046BDE8F0810120DDE70024E9E7002C3B
:10A4A000EDD13A463146284601F020FEE7E700BFED
:10A4B000208C41002DE9F0418046B0FA80F00E4634
:10A4C0004009FAF707FB081E18BF0120FAF702FB44
:10A4D000144B53F828502F68284601F04BFFFAF729
:10A4E000F9FA002F14DA284601F000FA04462B6826
:10A4F000DB010FD4012C38BF0124002F05DA2846D8
:10A5000001F044FA002818BF04462046BDE8F08157
:10A510000024ECE7002CF0D13146404601F08DFFDD
:10A52000EBE700BF208C410005282DE9F0470646E7
:10A5300086B08CBF002001209A46FAF7CBFA101E95
:10A540000F46154618BF0120FAF7C4FA264B53F8F8
:10A550002680264BD8F8340053F8269080F400303B
:10A56000C0F34040FAF7B6FA1479404601F03EFBDA
:10A57000844239468CBF00200120FAF7ABFAD9F8A3
:10A58000283699F82426404601F0E4FE044630BB04
:10A590002B7939468DF815008DF814302B68ADF8FD
:10A5A0001600404604930A230393FFF795F83946B3
:10A5B00001F01EF92B7A524603A900930E9B01F07D
:10A5C000A0FC6B7A6BB999F82C363A463146404676
:10A5D0000093012301F02BFB06B0BDE8F0870420B7
:10A5E000FAE72046F8E700BF208C41006C194020B4
:10A5F0000528024608B58CBF00200120FAF76AFA48
:10A60000A1F16000C0B29E2894BF00200120FAF79B
:10A6100061FA0A4B5F2953F8223007D803EB011384
:10A620005868003818BF0120400008BDFF2902D13A
:10A63000D3F80406F5E70120F7E700BF6C194020C6
:10A6400005282DE9F04705468CBF002001201F4654
:10A65000FAF740FA5F2ADFF8848114468CBF0020A5
:10A660000120FAF737FA5C4B58F82560602253F85E
:10A6700025A00023914224D30FB3504601F082FE5F
:10A68000E8B158F825601F240127DAF8143C07FACE
:10A6900004F2E1B21340E340DBB26BB1DAF8103CF4
:10A6A0001340E340DBB23BB1002E47D0D6F8203652
:10A6B00013B92846FFF77CFA013C1B2CE5D1BDE815
:10A6C000F0871F2C13D8DAF82830DAF8302013403E
:10A6D00000228A4238BF0A46FBB1A242CAD804F01F
:10A6E0001F0923FA09F0C0072BD4013CF5E7A4F1B8
:10A6F00020001F2806D8DAF82430DAF82C2013407E
:10A700002022E6E7A4F140001F28E2D8DAF86C30F6
:10A71000DAF8742013404022DBE7002AACD0541E44
:10A72000A8E706EB04135B68012B03D121462846FA
:10A73000FFF7D2F9234611E0002227E0CAF8142CD3
:10A74000BAE7002E42D096F82436002BE9D0072C29
:10A75000E7D821462846FFF7FDFA002306EB03164B
:10A760007368022B03D121462846FFF79DFA214644
:10A770005046FEF7C5FF00283FF47EAF1F2CDBD804
:10A780000122DAF82830A2401A40E240A4F1200366
:10A790001F2B07D80122DAF8243002FA09F21A40F6
:10A7A00022FA09F2A4F140031F2B07D80122DAF89C
:10A7B0006C3002FA09F21A4022FA09F2D2B2002AE7
:10A7C0003FF45AAF7368002B7FF456AF21465046D2
:10A7D000FEF782FF50E700BF208C41006C1940203B
:10A7E0000528024608B58CBF00200120FAF772F94F
:10A7F000024B53F82230196208BD00BF208C410083
:10A800000528024608B58CBF00200120FAF762F93E
:10A81000024B53F82230186A08BD00BF208C41005B
:10A820000528024608B58CBF00200120FAF752F92E
:10A83000024B53F82230D869C0B208BD208C4100C9
:10A840000528024608B58CBF00200120FAF742F91E
:10A85000034B53F82230D869C0F3072008BD00BF6E
:10A86000208C41000528F8B505468CBF002001204A
:10A87000284EFAF72FF9284B56F8257053F8254043
:10A88000226A91070AD563685B0407D50223236215
:10A8900027B109212846FFF755F80246D0020AD50C
:10A8A000636B002B07DA4FF4801323621FB10A2178
:10A8B0002846FFF747F8226A56F8256091030BD522
:10A8C00063681B0508D54FF40033236226B10D21C0
:10A8D0002846FFF737F80246D7030BD563685805BB
:10A8E00008D54FF48033236226B10C212846FFF7A8
:10A8F00029F8024651070BD563681B0408D50423C9
:10A9000023622EB128460B21BDE8F840FFF71AB8A4
:10A91000F8BD00BF6C194020208C410005282DE9AE
:10A92000F04786B005468CBF002001200393914676
:10A93000DDF83CA0FAF7CEF8101E444A0C4618BFCA
:10A940000120FAF7C7F8424882458CBF0020012059
:10A95000FAF7C0F852F825603E4A304652F8258092
:10A960000022059200F044FF72680746039B12F034
:10A97000080F43D10E9A2846214600924A46FFF717
:10A9800059F8054650BB01464FF47A7000FB0AF0B7
:10A9900002F036FC8146284602F01EFC0590214656
:10A9A0003046FEF7ADFE01281CD100223B68B1689D
:10A9B000C3F30363082B03D0092B14BF15460325EB
:10A9C00008EB04122701527A0AB1042B03D1214665
:10A9D0003046FEF781FE474400237B60284606B0E0
:10A9E000BDE8F087002105A802F0FCFB814507D9EE
:10A9F000A9EB0009D3E7A9EB00091AE00125EDE76F
:10AA000008EB04135B68022B1ED121463046FEF78B
:10AA100063FE3B68002142F2107023F0706343F044
:10AA200010633B6002F0ECFB8146002002F0D4FB97
:10AA3000059021463046FEF763FE014620B905A881
:10AA400002F0D0FB8145D6D80322AFE7208C41002D
:10AA5000378941006C19402005280246F8B58CBFA3
:10AA600000200120FAF736F8104B0E4653F822501A
:10AA70002F68002F13DA284600F038FF04462B68B1
:10AA8000DB010ED4012C38BF0124002F05DA284643
:10AA900000F07CFF002818BF04462046F8BD0024C3
:10AAA000EDE7002CF1D12E61EFE700BF208C4100D3
:10AAB000024B53F8200000F0E9BE00BF208C41009B
:10AAC000024B53F8200000F037BF00BF208C41003C
:10AAD00005282DE9F04104468CBF002001200D46D9
:10AAE000F9F7F8FF184B174653F82460336803F062
:10AAF0007F03994225D85F2923D8D6F80080B8F182
:10AB0000000F15DA304600F0F1FE04463368DB0131
:10AB100010D4012C38BF0124B8F1000F05DA3046FB
:10AB200000F034FF002818BF04462046BDE8F0813D
:10AB30000024EBE7002CEFD105F5087546F82570E9
:10AB4000EAE70424F1E700BF208C41000528024613
:10AB5000F8B58CBF00200120F9F7BCFF104B0E4662
:10AB600053F822502F68002F13DA284600F0BEFE5B
:10AB700004462B68DB010ED4012C38BF0124002FC2
:10AB800005DA284600F002FF002818BF04462046D8
:10AB9000F8BD0024EDE7002CF1D1AE64EFE700BF73
:10ABA000208C41000528F8B507468CBF0020012005
:10ABB000F9F790FF374B53F82740204600F066FE28
:10ABC0000646002863D1204601F0D4FB38B14FF08F
:10ABD0007843C4F8143CC4F8106CC4F80C6C00251D
:10ABE0002D4B2046C4F8F85BC4F8FC5BC4F8045C49
:10ABF000C4F8003C4FF00D13C4F8FC3AC4F8EC5A0A
:10AC0000C4F8E85AC4F8E45A636B43F00053636332
:10AC1000D4F8E03A23F00043C4F8E03A1F4BC4F8FC
:10AC2000E03AD4F8E03A43F00043C4F8E03A636B0A
:10AC300023F00053636300F003FE402803D94FF074
:10AC4000FF336367E566204600F0FAFD202804D94B
:10AC50004FF0FF33E362002363624FF0FF330025C0
:10AC6000204623634FF48013A562256563630C4B74
:10AC700023620C4BE561A5606560C4F8F05BC4F825
:10AC8000F45B236000F082FE074B43F82750304608
:10AC9000F8BD00BF208C41000041008080000C0006
:10ACA00006B003000F0090D86C19402005280A4612
:10ACB00070B504468CBF00200120F9F70BFFA1F10D
:10ACC0006000C0B29E2894BF00200120F9F702FF67
:10ACD0001A4BFF2953F82460194B53F824500DD117
:10ACE000304601F04FFB40B3D6F8143CDA0024D5CF
:10ACF00020461C21BDE87040FEF75ABF95F8243667
:10AD00005BB1072909D8C1B9336B9B0615D520461D
:10AD10000521BDE87040FFF71DB811463046FEF72B
:10AD2000EFFC50B105EB02156B68012B05D12046F5
:10AD30001146BDE87040FEF7CFBE70BD208C4100CB
:10AD40006C194020052838B504468CBF002001202E
:10AD5000F9F7C0FE074B53F824502A6A530707D56A
:10AD60000B212046FEF7EEFD042300202B6238BDA8
:10AD70000120FCE7208C41000528024638B58CBF35
:10AD800000200120F9F7A6FE0A4B0C4653F822508A
:10AD9000094B53F82200FEF7B3FC50B105EB041544
:10ADA0006B68022B05D121461046BDE83840FEF7FE
:10ADB0007BBF38BD6C194020208C410008B5044B86
:10ADC00053F8200001F042FC003818BF012008BDF4
:10ADD000208C410008B5044B53F8200001F03AFCE8
:10ADE000003818BF012008BD208C4100052802460C
:10ADF00010B58CBF00200120F9F76CFE074B53F80B
:10AE0000224005F057F9236823F00043236005F042
:10AE10006BF92046BDE8104000F08EBD208C41004B
:10AE20000528024610B58CBF00200120F9F752FE1C
:10AE3000064B53F82240204600F028FD20B920465A
:10AE4000BDE8104000F0A2BD10BD00BF208C410045
:10AE500005280246F8B58CBF00200120F9F73AFE1C
:10AE6000154B0F4653F822502E68002E13DA284651
:10AE700000F03CFD04462B68DB010ED4012C38BFEA
:10AE80000124002E05DA284600F080FD002818BFB6
:10AE900004462046F8BD0024EDE7002CF1D105F072
:10AEA0003BF92B682FB923F480332B6005F04EF962
:10AEB000E7E743F48033F8E7208C41000528F7B535
:10AEC00004468CBF002001201646F9F703FE081E39
:10AED00018BF0120F9F7FEFD1D4B53F824402768E9
:10AEE000002F16DA2046019100F000FD0199054679
:10AEF0002368DB010FD4012D38BF0125002F05DAAF
:10AF0000204600F043FD002818BF0546284603B040
:10AF1000F0BD0025ECE70191002DEFD105F028FAF6
:10AF2000636B019923F4005343EA463363632EB104
:10AF30002046FEF765FC05F035FADFE7236D204675
:10AF4000002B02DAFEF73BFCF5E7FEF719FCF2E70F
:10AF5000208C41000528024608B58CBF0020012046
:10AF6000F9F7B8FD081E18BF0120F9F7B3FD254B0E
:10AF700053F822305A6B02F40052002A14BF012009
:10AF8000002015D000220A60D3F8F02BC2F309028A
:10AF9000CA60D3F8F42BD2B24A60D3F8F42BD3F8BA
:10AFA000F43BC2F30632C3F386538A600B6108BDDB
:10AFB0001A6D002A13DA1A6DC2F34952CA601A6D6B
:10AFC000C2F385220A601A6DC2F344124A601A6DF8
:10AFD0001B6D02F01F02C3F304438A60E6E75A6860
:10AFE000120ECA605A6802F007020A605A68C2F379
:10AFF000C2424A605A685B68C2F30242C3F381539B
:10B000008A60D3E7208C41000528024610B58CBF2A
:10B0100000200120F9F75EFD0C4B53F8224005F0AB
:10B02000ADF8636B9B0409D5D4F8FC3B43F40043B3
:10B03000C4F8FC3BBDE8104005F0BAB8D4F8003CB9
:10B0400043F48043C4F8003CF4E700BF208C410087
:10B050000528024608B58CBF00200120F9F73AFD0B
:10B06000074B53F822305A6B920404D5D3F8FC0BEB
:10B07000C0F3C03008BDD3F8000CC0F38030F9E74E
:10B08000208C41000528024608B58CBF0020012015
:10B09000F9F720FD074B53F822305A6B920403D581
:10B0A000D3F8FC0BC0B208BDD3F8000C00F03F0091
:10B0B000F9E700BF208C410005282DE9F84304463C
:10B0C0008CBF002001200E46F9F704FD081E9146B2
:10B0D00018BF0120F9F7FEFC264B53F824402768DF
:10B0E000D4F8008007F40067B8F1000F3DDA20467D
:10B0F00000F0FCFB0546A7B32368DA010ED4012D4E
:10B1000038BF0125B8F1000F05DA204600F03EFCFB
:10B11000002818BF05462846BDE8F883002DF1D168
:10B1200005F058F923683146204643F40063236054
:10B13000D4F8003C23F0004343EAC973C4F8003C50
:10B14000D4F8003C23F41F43C4F8003C636B9B0419
:10B1500004D5FEF791FB05F057F9D3E7FEF7E9FABE
:10B16000F9E70125D1E70125D5E7002FFBD0002520
:10B17000C2E700BF208C41000528024608B58CBFFD
:10B1800000200120F9F7A6FC081E18BF0120F9F7DE
:10B19000A1FC1E4B53F822305A6B02F40052002AD5
:10B1A00014BF0120002016D000220A60D3F8F82B2B
:10B1B00002F01F024A60D3F8F82BC2F303328A6010
:10B1C000D3F8F82BD3F8F03BC2F38352C3F309430F
:10B1D0000A61CB6008BDD3F8042CC2F30952CA60DF
:10B1E000D3F8042CC2F384220A60D3F8042CC2F3EF
:10B1F00042124A60D3F8042CD3F8043C02F0070250
:10B20000C3F302438A600B61E4E700BF208C410076
:10B2100005282DE9F04105468CBF00200120884615
:10B22000F9F758FC244B144653F825603768002F73
:10B2300014DA304600F05AFB05463368DA010FD4C1
:10B24000012D38BF0125002F05DA304600F09EFBA6
:10B25000002818BF05462846BDE8F0810025ECE728
:10B26000002DF0D105F0E8F8736B9B0413D5D6F8E8
:10B27000FC3B23F0004323F4FE03B8F1000F05D09C
:10B28000240404F4FE04234343F00043C6F8FC3BCB
:10B2900005F0ECF8D7E7D6F8003C23F41F43B8F1EB
:10B2A000000F05D0240204F4F854234343F4004370
:10B2B000C6F8003CECE700BF208C410005280246A0
:10B2C000F8B58CBF00200120F9F704FC154B0D46A2
:10B2D00053F822603768002F13DA304600F006FB7F
:10B2E00004463368DB010ED4012C38BF0124002F43
:10B2F00005DA304600F04AFB002818BF0446204615
:10B30000F8BD0024EDE7002CF1D105F0C7F8736B10
:10B31000ED0423F4780305F478051D43756305F007
:10B32000D7F8E4E7208C41000528024610B58CBF11
:10B3300000200120F9F7CEFB074BFF2953F822002C
:10B3400004D1D0F8140CC0F3807010BDFEF7D8F90A
:10B35000431E58425841F8E7208C41000528024618
:10B3600010B58CBF00200120F9F7B4FB064BFF2974
:10B3700053F8220004D14FF08043C0F8143C10BDB4
:10B38000BDE81040FEF7A8B9208C41000528014611
:10B3900038B58CBF00200120F9F79CFB0E4B53F809
:10B3A00021402368002B15DB0C4B204653F821501D
:10B3B00000F0F9FC95F808363BB9204600F0E2FFB2
:10B3C00018B14FF07043C4F8103C0123002085F8F9
:10B3D0002C3638BD0120FCE7208C41006C19402040
:10B3E0000528024638B58CBF00200120F9F772FB12
:10B3F0000C4B53F822402368002B10DB0A4B2046ED
:10B4000053F8225000F0C2FC204600F0BBFF00239E
:10B4100008B1C4F8103C002085F82C3638BD012056
:10B42000FCE700BF208C41006C194020052873B553
:10B4300005468CBF002001200C46F9F74BFB204B42
:10B4400053F825502E68002E06DB042C33D8DFE895
:10B4500004F0232C1D2012002846019200F046FA29
:10B46000019A0028F1D00446284600F08FFA0028FF
:10B4700018BF044607E04FF400410024284600F0BE
:10B48000AEFA002EF0DB204602B070BD4FF48041D2
:10B49000F3E744F20101F0E72B68D9010DD54FF431
:10B4A0008061284600F09BFAEBE72B68DB01E8D5CA
:10B4B0004FF40061E1E700BEFDE70124E1E700BFD2
:10B4C000208C410005282DE9F74305468CBF00205C
:10B4D00001200C46F9F7FEFAA1F16000C0B29E28E7
:10B4E00094BF00200120F9F7F5FA5F297DD8DFF835
:10B4F000088158F8253003EB01177A68002A76D0C6
:10B500003C4A93F82C3652F825600A4629463046C4
:10B5100000F0F8FB7B68012B1FD158F8258098F8C4
:10B520002436002B42D0736BC3F303635B000733F5
:10B530009C420AD92146304600F05AF9036823F0AC
:10B540007063036043F08063036034B998F82C366D
:10B5500005222946304600F0D5FB7B680025022BEA
:10B560003DD121463046019500F042F90368294655
:10B57000804623F0706343F01063036042F2107062
:10B5800001F03EFE8146284601F026FE019021464C
:10B590003046FEF7B5F80146A0B1D8F80030C3F345
:10B5A0000363082B0CBF0525002514E02146304617
:10B5B00000F01EF9036823F07063036043F08063BA
:10B5C0000360CAE701A801F00DFE484502D2A9EBCD
:10B5D0000009DCE7032521463046FEF77DF800230D
:10B5E0007B60284603B0BDE8F0830025F9E7052518
:10B5F000F7E700BF208C41006C1940200528024667
:10B60000F8B58CBF00200120F9F764FA104B0E4604
:10B6100053F822502F68002F13DA284600F066F9FD
:10B6200004462B68DB010ED4012C38BF0124002F07
:10B6300005DA284600F0AAF9002818BF044620467B
:10B64000F8BD0024EDE7002CF1D16E61EFE700BFFB
:10B65000208C410005280246F8B58CBF002001204F
:10B66000F9F738FA104B0E4653F822502F68002F86
:10B6700013DA284600F03AF904462B68DB010ED4B1
:10B68000012C38BF0124002F05DA284600F07EF98E
:10B69000002818BF04462046F8BD0024EDE7002C22
:10B6A000F1D1AE61EFE700BF208C410005280246D2
:10B6B000F8B58CBF00200120F9F70CFA144B0E46A8
:10B6C00053F822502F68002F13DA284600F00EF9A5
:10B6D00004462B68DB010ED4012C38BF0124002F57
:10B6E00005DA284600F052F9002818BF0446204623
:10B6F000F8BD0024EDE7002CF1D104F071FD6B687A
:10B7000023F0080343EAC6036B6004F083FDE6E719
:10B71000208C4100034B53F820305868C0F3C00020
:10B72000704700BF208C41000528024673B58CBFCE
:10B7300000200120F9F7CEF9194B002642F21070D3
:10B7400053F822403146019601F05AFD63680546E0
:10B75000590620D5236A9A0602D4002002B070BD93
:10B7600004F032FF636823F040036360636843F0D2
:10B770004003636004F042FF304601F02DFD01906C
:10B78000236A9B06E9D5002101A801F02BFD854223
:10B7900003D92D1AF4E70120E0E70320DEE700BF1C
:10B7A000208C4100012909D002290FD0D0F8002CAB
:10B7B0000823C2F301429340D8B27047D0F8003C4E
:10B7C000C3F3C143082000FA03F3F5E7D0F8003CC7
:10B7D000C3F38153F6E7082807D90938C0B2062811
:10B7E00002D8024B185C7047082070473562410050
:10B7F0002DE9F843002704460E464FF400783D46F5
:10B800004FF67E79F9B22046FFF7CCFF00F108032E
:10B810009BB2B8FBF3F2B24208D84D4507F10107DD
:10B820009EBF8035B61AADB2032FEBD19B0806FB45
:10B8300003F115FA81F304EB83008030BDE8F8834F
:10B84000104B984216D003F58043984214D003F56C
:10B850008043984212D003F58043984210D003F5FC
:10B86000804398420CD00023074A904208BF20230F
:10B87000184670476023F7E74023F5E74023F7E7D2
:10B880002023F5E7004030400080314037B50446C2
:10B89000002142F21070019101F0B2FC054604F063
:10B8A0000FFB236843F080432360236843F08053F9
:10B8B00023602368002B03DA236823F0004323600E
:10B8C00004F018FB002001F087FC0190216811F0C2
:10B8D000807102D0002003B030BD01A801F082FCCD
:10B8E000854201D92D1AF1E70320F4E773B500264C
:10B8F000044642F210703146019601F081FC054683
:10B9000004F010FB236823F00043236004F024FBC1
:10B91000304601F061FC0190216811F0807102D085
:10B92000002002B070BD01A801F05CFC854201D985
:10B930002D1AF1E70320F4E773B50026044642F21E
:10B9400010703146019601F05BFC054604F01CFBCB
:10B95000236823F080532360236823F0804323600F
:10B9600004F02CFB304601F037FC0190206810F009
:10B97000807001D102B070BD002101A801F032FC3D
:10B98000854201D92D1AF1E70320F3E773B50026AC
:10B99000044642F210703146019601F031FC2368F2
:10B9A0000546B34202DA002002B070BD04F01EFB6F
:10B9B000236843F00043236004F032FB304601F07B
:10B9C0000BFC0190216811F48011ECD101A801F069
:10B9D00009FC854201D92D1AF4E70320E4E770B58C
:10B9E000164604460D4604F033FB44F20103BEB193
:10B9F0009D4204D1636B43F0004363630CE0B5F5F3
:10BA0000806F02D0B5F5006F03D1236843F40013B3
:10BA1000236063682B436360BDE8704004F032BB71
:10BA20009D4203D1636B23F00043E6E7636823EA9A
:10BA300005036360636813F4406FEDD1236823F45A
:10BA400000132360E8E773B50026044642F2107045
:10BA50003146019601F0D4FB23680546304643F099
:10BA60000073236001F0B8FB0190216811F00071B0
:10BA70000CD12368204643F480532360FFF7E0FE97
:10BA800004F180030A4603EB001509E0002101A838
:10BA900001F0A8FB854244D92D1AE6E743F8042BB0
:10BAA000AB42FBD1002204F508651346904234D81E
:10BAB000626B202842F0805262632361A364636159
:10BAC000A361C4F88030626B22F0805262634FF051
:10BAD000FF3222616261A261A362226305D940281C
:10BAE0006362E26201D9E36662670F4B4FF4801232
:10BAF00023620023636062632365C4F8F03BC4F8EB
:10BB0000F43BC4F8F83BC4F8FC3BC4F8043C074BD6
:10BB1000C4F8003C084602B070BD013245F8043B51
:10BB2000C4E70321F6E700BF06003B0000410080A8
:10BB300038B50568044615F400651ED1FFF780FE90
:10BB40002368090643F0005301F070612360636BC2
:10BB500023F0706319434FF0FF3361636FF060416E
:10BB6000A3642B469AB2904201D8284638BD03F50B
:10BB70000872013344F82210F4E70125F5E708B50F
:10BB800003680246180557BF08680120B0FA80F024
:10BB90004009F8F7A9FF13681B0557BF4868012043
:10BBA000B0FA80F04009F8F79FFF1368180557BFF7
:10BBB00088680120B0FA80F04009F8F795FF136813
:10BBC0001B0512D5D2F8003C086823F4403343EA41
:10BBD00000434868896823F4C01343EAC04323F450
:10BBE000400343EA8153C2F8003C08BD2DE9F0410F
:10BBF000002406460F464FF400782546E1B2304651
:10BC0000FFF7D0FD00F108039BB2B8FBF3F3DA4372
:10BC1000AA4202D91D44BD4202D80134032CEDD101
:10BC2000BDE8F08108B5FFF7E3FD036808BD2DE925
:10BC3000F8431F2A88464FF0010502F01F0106460F
:10BC40009DF8207005FA01F520D8DFF8B4900C2497
:10BC50008BB104F055FC04FB08F159F801302B437B
:10BC600049F8013017B159F80130B36204F062FCB1
:10BC70000020BDE8F88304F043FC04FB08F159F808
:10BC8000013023EA050349F80130ECE7A2F1200175
:10BC90001F2921D81A4C4FF00C095BB104F030FC7D
:10BCA00009FB08414B682B434B60002FDED04B68EB
:10BCB0007362DBE704F024FC09FB08414B6823EACC
:10BCC00005034B60F3E704F01BFC09FB08418B689C
:10BCD00023EA05038B6010E0403A1F2AC8D8084CBD
:10BCE0004FF00C09002BEED004F00AFC09FB0841D0
:10BCF0008B682B438B60002FB8D08B68F366B5E759
:10BD000084194020F8B51F2A1D464FF0010702F0A4
:10BD10001F0304460E4607FA03F70FD804F092FA01
:10BD2000A26A0C23184922EA07027343CA500DB1D4
:10BD3000CB58A362BDE8F84004F09EBAA2F12003FC
:10BD40001F2B0ED804F07EFA626A0F4B0C2122EAF8
:10BD5000070201FB06335A60002DEBD05B6863627B
:10BD6000E8E7403A1F2A0ED804F06CFAE26E064B60
:10BD70000C2122EA070201FB06339A60002DD9D07C
:10BD80009B68E366D6E7F8BD8419402010B500240F
:10BD900001468462FFF754FD202803D940284C62F5
:10BDA00000D9CC6610BD0C2238B55143074B044670
:10BDB0005D185B588362FFF743FD202805D96B6847
:10BDC0004028636201D9AB68E36638BD841940201E
:10BDD00070B50646101E1C46154618BF0120F8F720
:10BDE00083FE3046FFF704FD0023036043606B6869
:10BDF000012B1FD1036824F0604443F40013036057
:10BE0000036823F480030360436803F060434360E6
:10BE100043681C4344602B680F2B0AD0036823F04F
:10BE2000706303602B6802681B0603F070631343A2
:10BE3000036070BD002BEED1036823F4C0030360E0
:10BE4000436823F0FF5323F4E0134360034B42683D
:10BE500003EA844313434360DDE700BF0000FC1F97
:10BE600008B5FFF7C5FC006880B208BD2DE9F843AE
:10BE70000746101E1446894618BF0120F8F734FE05
:10BE80003846FFF7B5FC06460068494604F1080845
:10BE9000C0F30340FFF79FFC05463846FFF7A6FEB8
:10BEA000A84204D249463846FFF7A0FE054684F86A
:10BEB00048503368990223609BB2726825F00301F1
:10BEC00058BF920CE364002362608B4205D3DA1DF5
:10BED0001444AB420CD3BDE8F88303F0FC0298088D
:10BEE00004330832DBB2B25812BA48F82020ECE72B
:10BEF00083F0030201330832DBB2B25C04F8012F95
:10BF0000E7E72DE9F0470446081E99469DF82070A2
:10BF100018BF0120F8F7E8FD4FF00063236000230D
:10BF200063600B7A402B97BF3A48FF26C018C6794A
:10BF3000B9F1000F3ED14868012848D1636822F06A
:10BF400060424FF4C00003F06043636063681A43CB
:10BF500062600B680F2B5BD032041C2B02F4702242
:10BF600042EA000243D142F4801242E04FEA950CCB
:10BF700005F0FC00043559F82CC00830EDB29CFAED
:10BF80008CFC44F800C09D42F0D304F1080A91F8FB
:10BF90000880A84512D83046FFF71DFC8045CAD25C
:10BFA00088F003038D7A08F101080AF803505FFA5C
:10BFB00088F8F3E7002523F00303E4E785F00303A3
:10BFC00019F8050001350AF80300EDB2DFE760B9A2
:10BFD000636823F0FF5323F4E01363600E4B65683E
:10BFE00003EA82432B436360B3E70020B1E7002FED
:10BFF000B9D11B0603F0706313434A7A1AB123F4D4
:10C00000801343F00043CA7A0AB143F080432360AF
:10C01000BDE8F087356241000000FC1F2DE9F041CA
:10C020000546081E01F1FF340F4618BF0120F8F73E
:10C030005BFD2846FFF704FC214606462846FFF72D
:10C04000D5FD804621462846FFF7D2FB00EB0803CA
:10C0500005EB06120833803293422AD8B74228D81B
:10C060002B6804F07F0423F07F0323432B602C68AC
:10C0700014F000541BD00020BDE8F0812146284672
:10C08000FFF7B6FB0646C0F800802146C0F80480E2
:10C090002846FFF7ABFD08360023984203D8013449
:10C0A000BC42EBD1E7E706F803800133F5E7A04691
:10C0B000F6E70420E0E701290BD002290DD0A1B951
:10C0C000436823F008034360436823F480534360CC
:10C0D0007047436843F00803F9E7436843F480532B
:10C0E0004360036823F4003303607047F8B50546E6
:10C0F0000E46144604F00AF92A68330222F440720C
:10C1000003F4407313432B6004F01AF9012E21D07D
:10C11000022E5CD0D6B9696B05F1E0002246494D8C
:10C12000C1F30361013104EB811114785678E407FF
:10C13000536866B15B0044F0804423F0404308320A
:10C1400023440430914240F8043CEED1F8BD05EAA6
:10C15000C343F4E7696B224605F1E00043F6F87645
:10C16000C1F30361384D013104EBC111354C92F834
:10C1700000C0177A92F801E04FEACC7CFF035368C5
:10C18000BEF1000F1BD005EA43034CF0804C634422
:10C1900092F809C00360D368BCF1000F12D0D0F848
:10C1A00000C0C3F3CD3347F480473B441032043022
:10C1B00043EA0C03914240F8043CD8D1C6E704EAB4
:10C1C000C343E4E7D0F800C006EAC303EDE7696BB8
:10C1D000224605F1E000C1F30361013104EB0121C6
:10C1E0005478536814B35B0D1B06547A0360D3680C
:10C1F000F4B104685B0903F47F032343547C0360B8
:10C200005369C4B104685B0B03F47F432343547E3A
:10C210000360D36994B10468C3F3475320322343C6
:10C2200004308A4240F8043CDAD18FE7DB08DBE7D0
:10C2300004685B03DFE704685B01E5E70468C3F3B8
:10C24000C703EBE70000F83F0000FF3F0246081E6F
:10C2500070B518BF012002F18805F8F745FCD2F847
:10C26000800001F10806C0F30340FFF7B4FA082884
:10C2700028BF0820C0B281F84800D2F8803013F4FB
:10C28000001F0B609BB2D2F88440D26C08BFA40C94
:10C29000CB64002381F849204C60984200D870BDDF
:10C2A0009908043355F8212012BA46F82120F4E702
:10C2B000F8B50446081E234D18BF0120F8F714FCFA
:10C2C00028682B68DB0233D4C0F30340FFF783FAFE
:10C2D000034613F003021C4E18BF012202EB930227
:10C2E000D2B256F82220286802F07F02870205D4D5
:10C2F0001648D0F80C0CC0F306400244144802F073
:10C300007F0201F1080700EBC410845C81F848301B
:10C310002A68E4B20A606868950292B281F84940DE
:10C3200058BF800CCA6400224860934202D8F8BD0E
:10C330000023CEE79008043256F8201009BA47F8D7
:10C340002010F2E70060304008603040004030408C
:10C35000CC19402099420BD242B1426BC2F3036226
:10C360005200073291428CBF0022012210467047D2
:10C370000122FBE7024BC31A58425841704700BFE5
:10C380000040304008B50246FFF7F4FF10B1D2F884
:10C390000C0CC00F08BD802938B504468CBF0020A6
:10C3A00001201D46F8F7A0FB402A8CBF0020012089
:10C3B000F8F79AFB23689B003DD42046FFF7DAFF8D
:10C3C000C8B3A1BBBAB3D4F80C3C05F01F0543F0C9
:10C3D0000043C4F80C3CD4F8143C43F00063C4F8A8
:10C3E000143CD4F8143C23F07043C4F8143C531E9E
:10C3F000D4F80C0C120403EB510120F47C5302F42A
:10C40000FE020902002001F47C511943C4F80C1CFF
:10C41000D4F80C3C23F4FE031A43C4F80C2CD4F8D3
:10C420000C3C23F01F031D43C4F80C5C02E011F028
:10C430000100C8D038BD0120FCE7574A4FF0000C7E
:10C440002DE9F04FD2F80C3C85B0D2F80C6C654663
:10C45000C3F30523514CC6F30646B3424FEA4602E6
:10C460002CBF9B1B002302F07E0228BF013302F584
:10C47000406228BF5B000292624628BFDBB23344B1
:10C480000393474B03EBC01301935FFA8CF7039BB5
:10C490009F4202DB05B0BDE8F08F01EB07134FEAC6
:10C4A000071993F804E0BEF1000F3FD105EB060E2B
:10C4B000019800F80E70029F93F8058005EB070EB7
:10C4C0009F794FEAC8684FEA8E0E0EF1402E0EF5A6
:10C4D000401E0FB148F400689F683248DB6800EAEC
:10C4E0000747C3F30A031F4351F8093047EA080717
:10C4F000012BCEF800700DD0022B10D0A3B9DEF8BE
:10C5000000307E2DCEF8003001D80135EDB20CF1AF
:10C51000010CBAE7DEF8003043F08043F1E7DEF8C3
:10C52000003043F00043ECE700BEFDE74FEA520E57
:10C53000019804EB820800F80E7017B2986893F81F
:10C5400005B020F0604E93F806A04EEA4B7E44F80A
:10C5500027E0DB6823F0604343EA4A73C8F80430FD
:10C5600051F80930012B0BD0022B0ED093B954F89F
:10C5700027307D2A44F827309CBF0232D2B2C6E76A
:10C5800054F8273043F08043F3E754F8273043F062
:10C590000043EEE700BEFDE7004030400070304051
:10C5A000CC1940200000FF07436B8A064CBF43F4C0
:10C5B000805323F480534A064363436B4CBF43F4D8
:10C5C000803323F480330A074363436B4CBF43F447
:10C5D000804323F480438A07436327D503681B0500
:10C5E00024D4436843F0800343604A0743684CBF48
:10C5F00023F0400343F04003CA074360436B4CBF42
:10C6000043F4003323F40033CA064363436B4CBF47
:10C6100023F4006343F400630A06436343684CBF9A
:10C6200043F0100323F0100343607047436823F086
:10C630008003D9E70C230449584300230A180B5000
:10C6400053609360704700BF841940200068C0F3B6
:10C6500000507047036813F0887F0CBF0120002052
:10C660007047436B43F000534363D0F8E03A23F044
:10C670000043C0F8E03AD0F8E03A23F08003C0F875
:10C68000E03AD0F8E03A43F48073C0F8E03AD0F8EA
:10C69000E03A43F40073C0F8E03A436B23F00053F0
:10C6A000436370470020FEF7DDB8002101231F22FD
:10C6B0000846FDF7C5BF00233F2220211846FDF79D
:10C6C000BFBF00235F2240211846FDF7B9BF0120FC
:10C6D000FEF7C8B800231F2201201946FDF7B0BF9E
:10C6E00000233F2220210120FDF7AABF0220FEF7F0
:10C6F000B9B800231F2202201946FDF7A1BF00236D
:10C700003F2220210220FDF79BBF0320FEF7AAB89D
:10C7100000231F2203201946FDF792BF0420FEF7D5
:10C72000A1B800231F2204201946FDF789BF052068
:10C73000FEF798B800231F2205201946FDF780BF99
:10C7400010B50446C043C00FF8F7D8F9D42C04F153
:10C750001004CCBF00200120F8F7D0F94FF0E023FF
:10C76000D3F8083D12B153F82400106043F82410A8
:10C77000BFF36F8FBFF34F8F10BD0246C04308B5A4
:10C78000C00FF8F7BBF9D42ACCBF00200120F8F77E
:10C79000B5F9BFF36F8FBFF34F8F0121530902F03B
:10C7A0001F02403301FA02F24FF0E02141F823204A
:10C7B000BFF36F8FBFF34F8F08BD0246C04308B56C
:10C7C000C00FF8F79BF9D42ACCBF00200120F8F75E
:10C7D00095F9BFF36F8FBFF34F8F0121530902F01B
:10C7E0001F02603301FA02F24FF0E02141F82320EA
:10C7F000BFF36F8FBFF34F8F08BD0246C04308B52C
:10C80000C00FF8F77BF9D42A02F1E022CCBF002058
:10C810000120F8F773F90F294FEA01118CBF0020AE
:10C820000120C9B2F8F76AF982F8001408BD02467F
:10C83000C04308B5C00FF8F761F9D42A02F1E0222D
:10C84000CCBF00200120F8F759F992F80004000944
:10C8500008BD0246C0430121C00F08B5F8F74EF9E4
:10C86000D42ACCBF00200120F8F748F9530902F080
:10C870001F02A03301FA02F24FF0E02141F8232019
:10C8800008BD0246C0430121C00F08B5F8F736F9CC
:10C89000D42ACCBF00200120F8F730F9530902F068
:10C8A0001F02803301FA02F24FF0E02141F8232009
:10C8B00008BD0246C0434FF0E021C00F08B5F8F7AD
:10C8C0001DF9D42ACCBF00200120F8F717F953092D
:10C8D00002F01F02803351F82300D04000F0010025
:10C8E00008BD0246C0434FF0E021C00F08B5F8F77D
:10C8F00005F9D42ACCBF00200120F8F7FFF853092E
:10C9000002F01F02C03351F82300D04000F00100B4
:10C9100008BDF8B5044600384FF000064FF00C078C
:10C9200018BF0120F8F7EAF8206892288CBF002091
:10C930000120F8F7E3F82368B34201D80020F8BDDE
:10C9400007FB06F563685859FFF783FF63685A19B8
:10C9500058595179FFF751FF636800225919585906
:10C960008968FFF7EDFE63685A19585912791AB1B0
:10C97000FFF703FF0136DEE7FFF71FFFFAE7FFF7D8
:10C98000DFBEFFF7FABEFFF718BFFFF736BFFFF7AE
:10C990004EBFFFF75EBFFFF774BF08B5FFF789FF13
:10C9A000003818BF012008BD08B5FFF79AFF00380E
:10C9B00018BF012008BD00000D4B53F820300020A7
:10C9C0009960596A988249690988082906D9102905
:10C9D00006D802F00101520801B101321A837047F2
:10C9E00002F0030192080029F8D0013292B2F5E773
:10C9F0009C0C43202DE9F84FDFF8D4B00F46334BA1
:10CA000081465BF82080154653F82040D8F8243042
:10CA10005B6993F802A0DE7808F0C0FA98F81D1060
:10CA2000F1B123695BF8292023F00103526A2361E5
:10CA3000D4F820C0606A236943F0020323612369AC
:10CA400023F002032361C4F820C06062636963615C
:10CA500093682364D3686364236943F0010323610B
:10CA6000D8F82420B305106943EACA535269034336
:10CA70001288013AC2F30B02134309B3236698F8F4
:10CA80002930013B88F8293008F0A2FA0023C8F8C1
:10CA90000C70A8F81630D8F824305B691B88082B76
:10CAA0000AD9102B95BF05F0010305F003036D08AB
:10CAB000AD080BB10135ADB2A8F81A50BDE8F88F3A
:10CAC0009A0248BF43F48013D8E700BF388C410076
:10CAD0009C0C43202DE9F0417C4B06467C4F53F8DB
:10CAE000204057F820305A68022A40F0ED806269F1
:10CAF000616912F4C05501F47C51616107D0D10421
:10CB000003D5226942F400722261012545E0E26DFD
:10CB100012F4E02FC2F3024C39D0BCF1040F1A8B8F
:10CB2000998A28BF4FF0040C521A9445C8BF5FFA87
:10CB300082FC21B993F82920013283F829209A68D0
:10CB4000002A63D0586A4069008808284CD9102808
:10CB500058D902EB81010022D0B284450FD9606F11
:10CB6000013241F8040BF7E79968D4F874E01144F6
:10CB7000013201F800E0D1B2988A8C45F4D89A8A43
:10CB800062449A8293F82920624483F8292093F81A
:10CB900029C0BCF1000F3DD10025998A1A8B914222
:10CBA00002D0002D00F090801B7F03B13DB108F052
:10CBB00027FA236923F00103236108F03BFA002DD3
:10CBC0004FF0000318BF0322A36108BF012257F8EA
:10CBD000263014BF012100215A601B69002B73D03D
:10CBE0003046BDE8F04118470022C4E70844D4F8B5
:10CBF00074E0013122F810E05FFA81FE988AF44572
:10CC0000F4D8BCE70021F7E7616F0132D1B28C455F
:10CC1000FAD8B4E75A8BD88A824244D0121A596A99
:10CC20009445D1F814E0D968CCBFD2B26246DEF8A0
:10CC30000480A1B3BEF800E0BEF1080F11D8014492
:10CC40005FFA85FE724506D81044ACEB0202D8822A
:10CC500083F82920A0E711F801EB0135C4F864E05E
:10CC6000EEE7BEF1100F0BD901EB80015FFA85FEF4
:10CC70007245E9D951F804EB0135C4F864E0F5E7F1
:10CC800001EB40015FFA85FE9645DDD231F802EBFB
:10CC90000135C4F864E0F5E70135C4F86480E9B211
:10CCA0008A42F9D8D0E7A2691D7F22F00102A26171
:10CCB000002D7FF471AF226E92027FF56DAF226E70
:10CCC00022F44012226668E7BDE8F081388C41000A
:10CCD0009C0C43200A4951F820305B68022B0CD091
:10CCE000084B53F82020136943F00203136100231B
:10CCF00041F820301846136170470120704700BF8B
:10CD00009C0C4320388C41002DE9F04F2DED028B17
:10CD100085B080468B460021109808EE102A1E46EA
:10CD2000DFF8409200F06CFA98F800708C4B002508
:10CD300059F8274053F827A00190039508F098F878
:10CD40006268022A07D108F0ADF8012005B0BDECF9
:10CD5000028BBDE8F08F0222C4F82480626008F0E4
:10CD6000A1F8626ACAF81C50594652683846CAF897
:10CD70001850CAF82020042284F829203246FFF7F0
:10CD800039FE324618EE101A3846FFF715FE2846CF
:10CD900000F022FA0390A08A218B884206D1002E4F
:10CDA00000F0D980012300206360CFE7DAF85C202F
:10CDB00012F4E02FC2F3024C3DD06246091A042A55
:10CDC00028BF04228A42C8BFCAB220B994F82910E9
:10CDD000013184F8291059F827108D68002D78D07A
:10CDE000486A4069008808285FD910286CD9B1F8D2
:10CDF00014E000205FFA80FC624513D900EB0E0CB2
:10CE0000DAF87430013045F82C30F3E78868DAF846
:10CE100074302844013500F80C30E8B2B1F814C081
:10CE20008242F3D8888A00251044888294F8291019
:10CE30000A4484F8292094F829204AB3618BE28AB5
:10CE400059F82700914278D0418BC58A90F829C0C3
:10CE5000491B426A8C45D2F814E0C268CCBFC9B203
:10CE60006146DEF80430002A62D0BEF800E0BEF170
:10CE7000080F39D82A444FF0000E5FFA8EF841456A
:10CE80002BD80D44ACEB010CC582002580F829C0DD
:10CE9000002103A800F0A6F9019B0544AB423FF630
:10CEA0007AAF002E57D0032056E00025B5E7844422
:10CEB000DAF87430013025F81C305FFA80FEB1F8E2
:10CEC00014C07245F3D8ADE70020F6E7DAF8740035
:10CED0000135E8B28242F9D8A4E712F8013B0EF11D
:10CEE000010ECAF86430C8E7BEF1100F0ED902EB8C
:10CEF00085024FF0000E5FFA8EF84145C1D952F815
:10CF0000043B0EF1010ECAF86430F4E702EB45026F
:10CF10004FF0000E5FFA8EF88845B2D232F8023B2D
:10CF20000EF1010ECAF86430F4E70132CAF8643039
:10CF30005FFA82FE7145F8D8A3E7027F002AA7D1E5
:10CF4000DAF860209302A3D5DAF8602022F44012C8
:10CF5000CAF860209CE7012003236360F6E600BF67
:10CF6000388C41009C0C43202DE9F0471F46067881
:10CF70001C4B80468A46914653F826401A4B53F87C
:10CF8000265007F0A7FF6368022B04D107F0BCFF0F
:10CF90000120BDE8F0870223C4F82480636007F015
:10CFA000B3FF636A3A4651465B6830462B62089B82
:10CFB0002361042384F82930FFF71CFD30463A46EC
:10CFC0004946FFF7F9FC00232068EB6118B10128FE
:10CFD00003D01846DDE7A861DBE741F60302AA614A
:10CFE000F7E700BF9C0C4320388C4100094B53F8F5
:10CFF00020301A6862B9084A52F82020516989071E
:10D0000005D45269D20703D593F8293003B161E5FD
:10D01000704700BF9C0C4320388C410038B50B4B47
:10D020000C46027853F8225007F022FF6B68022B5F
:10D0300003D107F037FF012038BD23782B776378C1
:10D040006B7707F02FFF0020F6E700BF9C0C432012
:10D050000278054B53F822305B68022B1BBF4369F3
:10D0600000200120198070479C0C43200278054B5A
:10D0700053F822305B68022B1BBF4369002001205C
:10D08000997070479C0C43200278054B53F822306E
:10D090005B68022B1BBF436900200120D9707047D9
:10D0A0009C0C43200278054B53F822305B68022B1E
:10D0B0001BBF436900200120596070479C0C43202E
:10D0C000044B53F820305A68022A1ABF0020196016
:10D0D000012070479C0C4320F8B5104A03460078A5
:10D0E0002C251C7C52F820100D4A0E4E04FB0527FF
:10D0F0005C6844F008043B6246F820700C619C6850
:10D100004C6202248C654FF48071B98301217960EF
:10D11000D968FFF7D5FF0020F8BD00BF388C41006B
:10D12000B40C43209C0C432038B5104B53F82040DE
:10D130000F4B53F8205007F0FFFE6B68022B11D104
:10D14000236923F001032361216A626A236943F0A2
:10D1500002032361236923F0020323610123216277
:10D1600062626B60BDE8384007F000BF388C410058
:10D170009C0C43200E4B53F82020936923F4FF634B
:10D1800010B423F004030B4CDB0454F82010DB0C28
:10D1900029B152691A4207D05DF8044B9AE45169EB
:10D1A00043F41C530B4053615DF8044B704700BFC0
:10D1B000388C41009C0C4320024B53F8200000B1F6
:10D1C000406870479C0C43200120FFF7D3BF08B193
:10D1D00000BEFDE700F01EB8012801D100F032B812
:10D1E0000020704719B1012903D100F03BB801209C
:10D1F000704700207047012901D100F043B8704703
:10D20000034621B1012901D100F050B8002318468E
:10D2100070470000074B1B680BB900BEFDE7064ACC
:10D22000012158681170054A1360054B186000F021
:10D230005FB800BF346B4100D01C4020D41C40209C
:10D24000CC1C4020054B1B780BB900BEFDE7044BFE
:10D250001B680BB900BEFDE700F055B8D01C40209C
:10D26000D41C4020054B1B780BB900BEFDE7044BD6
:10D270001B680BB900BEFDE700F04BB8D01C402086
:10D28000D41C4020064B1B780BB900BEFDE7054BB4
:10D290001B680BB900BEFDE7034B1860704700BF69
:10D2A000D01C4020D41C4020CC1C402008B50C4B86
:10D2B0001B780BB900BEFDE70A4B1B680BB900BE1B
:10D2C000FDE7094B1968094BA0FB0101994201D305
:10D2D00000BEFDE7054A0023F7F79CFC08BD00BF30
:10D2E000D01C4020D41C4020CC1C402040420F00C9
:10D2F0004FF0E02300226FF07F411A6159619A617B
:10D3000005221A6170474FF0E023986920F07F40B2
:10D3100070474FF0E0218A694B6922F07F429342C7
:10D320000AD30368934205D24969891A0B44026003
:10D33000184670479B1AFAE70023F8E7054B53F8A5
:10D34000203003EB0111D1F80C3143F00103C1F897
:10D350000C317047508C410070B505460C4616469E
:10D3600003F05EFA094B210153F825300B44D3F842
:10D3700008213EB142F00102C3F80821BDE8704027
:10D3800003F068BA22F00102F6E700BF508C4100BA
:10D39000034B103153F8203009015858704700BF33
:10D3A000508C4100074B042953F8203004D1D3F8A6
:10D3B000FC0000F00100704703EB0111D1F80C01F3
:10D3C000F7E700BF508C4100094B0A7853F8203032
:10D3D0001AB11A6822F002021A604A7822B11A6859
:10D3E00042F001021A6070471A6822F00102F9E760
:10D3F000508C410070B50C46002209780546FFF7B5
:10D40000ABFF267803F070FA104B53F8253003EB8E
:10D410000613D3F8082122F00202C3F8082103F012
:10D420007DFA227828461146FFF788FF084B02EB69
:10D4300085000121020103EB0010995463684360E9
:10D44000237A0372E368C36070BD00BF508C410053
:10D45000E00C43201D4B022853F82020F0B532D8B1
:10D460001B4B1C5C0344DB78BBB10023013C06254D
:10D47000C2F8F830E4B2C2F8F0300123C2F8FC3050
:10D48000144B4FF0010C03EB801000231946DEB261
:10D490001030B44203D81560F0BD0225F0E703F167
:10D4A000100602EB031701333601C7F8081191513A
:10D4B000C7F80CC100F8101C40F80C1C00F8081C40
:10D4C00040F8041CE3E70025E5E700BF508C41006D
:10D4D0007D624100E00C432038B50B4C0B4654F8FC
:10D4E000205005EB0114D4F8084114F0010408D1D0
:10D4F0001033013A1B01EA500122FFF72DFF2046AD
:10D5000038BD0120FCE700BF508C410038B504460F
:10D510000D460022FFF720FF29462046BDE838408F
:10D520000CE7044B103153F8203003EB01130021BA
:10D5300058687047508C410038B50C460546FFF7D7
:10D54000FDFE03F0D1F9074B53F8251001EB041150
:10D55000D1F8083143F00203C1F80831BDE8384082
:10D5600003F0DCB9508C410038B50C460546FFF796
:10D57000E5FE03F0B9F9074B53F8251001EB041150
:10D58000D1F8083123F00203C1F80831BDE8384072
:10D5900003F0C4B9508C4100254B0022012170B525
:10D5A00053F8204005464FF0FF36236843F002034E
:10D5B0002360FFF7D1FE03F097F9D4F8183123F078
:10D5C0000203C4F8183103F0A9F901212846FFF736
:10D5D000B5FEC4F8106103F055F9D4F8183143F0E2
:10D5E0000403C4F8183103F067F9012228461146F4
:10D5F000FFF7B2FE002228461146FFF7ADFE03F00A
:10D6000073F9D4F8083123F00203C4F8083103F0A9
:10D6100085F9002128460122FFF790FE0021C4F879
:10D620000061FFF799FE236823F00203236070BDB9
:10D63000508C410013B5044603F0B4FA074B53F87D
:10D640002430D3F8E010D3F8E4000191009003F007
:10D65000C3FADDE9000102B010BD00BF508C4100EB
:10D660002DE9F0471E4C0025DFF87890EEB200203F
:10D670003146FFF797FE60B394F800A003F066F917
:10D6800009EB051331460020D3F8083103F00208F6
:10D69000FFF788FE0746B8F1000F04D018B13146F5
:10D6A0000020FFF74BFE03F06BF9BAF1000F10D02A
:10D6B000B8F1000F0DD067B1E3686768012B94F8EB
:10D6C000088003D131460020FFF720FF0FB140460C
:10D6D000B84701351034042DC8D1BDE8F08700BF2C
:10D6E000E00C432000000B4008B508F09BFB094B01
:10D6F00053F820203AB9EFF31082D10700D472B664
:10D70000054941F8202053F82020013243F8202019
:10D7100008BD00BF40184320D00E432008B508F0D4
:10D7200081FB084B53F82020013A43F82020064A99
:10D7300052F82020D20703D453F8203003B962B640
:10D7400008BD00BF40184320D00E432008B508F0A4
:10D7500069FB094B53F820203AB9EFF31082D10747
:10D7600000D472B6054941F8202053F82020013238
:10D7700043F8202008BD00BF90144320001443202C
:10D7800008B508F04FFB084B53F82020013A43F846
:10D790002020064A52F82020D20703D453F8203024
:10D7A00003B962B608BD00BF9014432000144320A3
:10D7B00008B508F037FB094B53F820203AB9EFF3CE
:10D7C0001082D10700D472B6054941F8202053F8E1
:10D7D0002020013243F8202008BD00BFD00D432097
:10D7E0004019432008B508F01DFB084B53F82020D2
:10D7F000013A43F82020064A52F82020D20703D4E9
:10D8000053F8203003B962B608BD00BFD00D4320E5
:10D810004019432008B508F005FB094B53F82020B8
:10D820003AB9EFF31082D10700D472B6054941F836
:10D83000202053F82020013243F8202008BD00BFEB
:10D84000E00F43205011432008B508F0EBFA084BD5
:10D8500053F82020013A43F82020064A52F82020AD
:10D86000D20703D453F8203003B962B608BD00BF15
:10D87000E00F43205011432008B508F0D3FA094BBC
:10D8800053F820203AB9EFF31082D10700D472B6D2
:10D89000054941F8202053F82020013243F8202088
:10D8A00008BD00BFA0124320300E432008B508F089
:10D8B000B9FA084B53F82020013A43F82020064AD1
:10D8C00052F82020D20703D453F8203003B962B6AF
:10D8D00008BD00BFA0124320300E432008B508F059
:10D8E000A1FA094B53F820203AB9EFF31082D1077F
:10D8F00000D472B6054941F8202053F820200132A7
:10D9000043F8202008BD00BF3019432010184320E1
:10D9100008B508F087FA084B53F82020013A43F87D
:10D920002020064A52F82020D20703D453F8203092
:10D9300003B962B608BD00BF301943201018432058
:10D9400008B508F06FFA094B53F820203AB9EFF305
:10D950001082D10700D472B6054941F8202053F84F
:10D960002020013243F8202008BD00BFF00F4320E3
:10D97000B015432008B508F055FA084B53F820209D
:10D98000013A43F82020064A52F82020D20703D457
:10D9900053F8203003B962B608BD00BFF00F432032
:10D9A000B015432008B508F03DFA094B53F8202084
:10D9B0003AB9EFF31082D10700D472B6054941F8A5
:10D9C000202053F82020013243F8202008BD00BF5A
:10D9D000F01643200018432008B508F023FA084B3E
:10D9E00053F82020013A43F82020064A52F820201C
:10D9F000D20703D453F8203003B962B608BD00BF84
:10DA0000F01643200018432008B508F00BFA094B24
:10DA100053F820203AB9EFF31082D10700D472B640
:10DA2000054941F8202053F82020013243F82020F6
:10DA300008BD00BFD01043204010432008B508F0B7
:10DA4000F1F9084B53F82020013A43F82020064A08
:10DA500052F82020D20703D453F8203003B962B61D
:10DA600008BD00BFD01043204010432008B508F087
:10DA7000D9F9094B53F820203AB9EFF31082D107B6
:10DA800000D472B6054941F8202053F82020013215
:10DA900043F8202008BD00BFE0144320F0184320C5
:10DAA00008B508F0BFF9084B53F82020013A43F8B5
:10DAB0002020064A52F82020D20703D453F8203001
:10DAC00003B962B608BD00BFE0144320F01843203C
:10DAD00008B508F0A7F9094B53F820203AB9EFF33D
:10DAE0001082D10700D472B6054941F8202053F8BE
:10DAF0002020013243F8202008BD00BF200F432022
:10DB00002017432008B508F08DF9084B53F8202062
:10DB1000013A43F82020064A52F82020D20703D4C5
:10DB200053F8203003B962B608BD00BF200F432070
:10DB30002017432008B508F075F9094B53F8202049
:10DB40003AB9EFF31082D10700D472B6054941F813
:10DB5000202053F82020013243F8202008BD00BFC8
:10DB6000401743203014432008B508F05BF9084BF8
:10DB700053F82020013A43F82020064A52F820208A
:10DB8000D20703D453F8203003B962B608BD00BFF2
:10DB9000401743203014432008B508F043F9094BDF
:10DBA00053F820203AB9EFF31082D10700D472B6AF
:10DBB000054941F8202053F82020013243F8202065
:10DBC00008BD00BFC00E4320C017432008B508F0B1
:10DBD00029F9084B53F82020013A43F82020064A3F
:10DBE00052F82020D20703D453F8203003B962B68C
:10DBF00008BD00BFC00E4320C017432008B508F081
:10DC000011F9094B53F820203AB9EFF31082D107EC
:10DC100000D472B6054941F8202053F82020013283
:10DC200043F8202008BD00BF60134320B0144320F8
:10DC300008B508F0F7F8084B53F82020013A43F8EC
:10DC40002020064A52F82020D20703D453F820306F
:10DC500003B962B608BD00BF60134320B01443206F
:10DC600008B508F0DFF8094B53F820203AB9EFF374
:10DC70001082D10700D472B6054941F8202053F82C
:10DC80002020013243F8202008BD00BF500E432061
:10DC9000A011432008B508F0C5F8084B53F8202020
:10DCA000013A43F82020064A52F82020D20703D434
:10DCB00053F8203003B962B608BD00BF500E4320B0
:10DCC000A011432008B508F0ADF8094B53F8202007
:10DCD0003AB9EFF31082D10700D472B6054941F882
:10DCE000202053F82020013243F8202008BD00BF37
:10DCF00080134320D019432008B508F093F8084B4F
:10DD000053F82020013A43F82020064A52F82020F8
:10DD1000D20703D453F8203003B962B608BD00BF60
:10DD200080134320D019432008B508F07BF8094B35
:10DD300053F820203AB9EFF31082D10700D472B61D
:10DD4000054941F8202053F82020013243F82020D3
:10DD500008BD00BFA00F43205016432008B508F0AF
:10DD600061F8084B53F82020013A43F82020064A76
:10DD700052F82020D20703D453F8203003B962B6FA
:10DD800008BD00BFA00F43205016432008B508F07F
:10DD900049F8094B53F820203AB9EFF31082D10724
:10DDA00000D472B6054941F8202053F820200132F2
:10DDB00043F8202008BD00BFC01843202013432093
:10DDC00008B508F02FF8084B53F82020013A43F823
:10DDD0002020064A52F82020D20703D453F82030DE
:10DDE00003B962B608BD00BFC0184320201343200A
:10DDF00008B508F017F8094B53F820203AB9EFF3AB
:10DE00001082D10700D472B6054941F8202053F89A
:10DE10002020013243F8202008BD00BFA01343207A
:10DE20008015432008B507F0FDFF084B53F820206C
:10DE3000013A43F82020064A52F82020D20703D4A2
:10DE400053F8203003B962B608BD00BFA0134320C9
:10DE50008015432008B507F0E5FF094B53F8202053
:10DE60003AB9EFF31082D10700D472B6054941F8F0
:10DE7000202053F82020013243F8202008BD00BFA5
:10DE8000B01143208012432008B507F0CBFF084BA8
:10DE900053F82020013A43F82020064A52F8202067
:10DEA000D20703D453F8203003B962B608BD00BFCF
:10DEB000B01143208012432008B507F0B3FF094B8F
:10DEC00053F820203AB9EFF31082D10700D472B68C
:10DED000054941F8202053F82020013243F8202042
:10DEE00008BD00BF900E43203015432008B507F051
:10DEF00099FF084B53F82020013A43F82020064AA6
:10DF000052F82020D20703D453F8203003B962B668
:10DF100008BD00BF900E43203015432008B507F020
:10DF200081FF094B53F820203AB9EFF31082D10753
:10DF300000D472B6054941F8202053F82020013260
:10DF400043F8202008BD00BF60184320F011432093
:10DF500008B507F067FF084B53F82020013A43F853
:10DF60002020064A52F82020D20703D453F820304C
:10DF700003B962B608BD00BF60184320F01143200A
:10DF800008B507F04FFF094B53F820203AB9EFF3DB
:10DF90001082D10700D472B6054941F8202053F809
:10DFA0002020013243F8202008BD00BFA0104320EC
:10DFB0007011432008B507F035FF084B53F82020B7
:10DFC000013A43F82020064A52F82020D20703D411
:10DFD00053F8203003B962B608BD00BFA01043203B
:10DFE0007011432008B507F01DFF094B53F820209E
:10DFF0003AB9EFF31082D10700D472B6054941F85F
:10E00000202053F82020013243F8202008BD00BF13
:10E01000C01643205019432008B507F003FF084BF2
:10E0200053F82020013A43F82020064A52F82020D5
:10E03000D20703D453F8203003B962B608BD00BF3D
:10E04000C01643205019432008B507F0EBFE094BDA
:10E0500053F820203AB9EFF31082D10700D472B6FA
:10E06000054941F8202053F82020013243F82020B0
:10E0700008BD00BFB01343207015432008B507F05A
:10E08000D1FE084B53F82020013A43F82020064ADD
:10E0900052F82020D20703D453F8203003B962B6D7
:10E0A00008BD00BFB01343207015432008B507F02A
:10E0B000B9FE094B53F820203AB9EFF31082D1078B
:10E0C00000D472B6054941F8202053F820200132CF
:10E0D00043F8202008BD00BF1016432060104320E5
:10E0E00008B507F09FFE084B53F82020013A43F88B
:10E0F0002020064A52F82020D20703D453F82030BB
:10E1000003B962B608BD00BF10164320601043205B
:10E1100008B507F087FE094B53F820203AB9EFF312
:10E120001082D10700D472B6054941F8202053F877
:10E130002020013243F8202008BD00BFE012432018
:10E140007019432008B507F06DFE084B53F82020E6
:10E15000013A43F82020064A52F82020D20703D47F
:10E1600053F8203003B962B608BD00BFE012432067
:10E170007019432008B507F055FE094B53F82020CD
:10E180003AB9EFF31082D10700D472B6054941F8CD
:10E19000202053F82020013243F8202008BD00BF82
:10E1A000C01543208017432008B507F03BFE084BFD
:10E1B00053F82020013A43F82020064A52F8202044
:10E1C000D20703D453F8203003B962B608BD00BFAC
:10E1D000C01543208017432008B507F023FE094BE4
:10E1E00053F820203AB9EFF31082D10700D472B669
:10E1F000054941F8202053F82020013243F820201F
:10E2000008BD00BFE01143207012432008B507F09D
:10E2100009FE084B53F82020013A43F82020064A13
:10E2200052F82020D20703D453F8203003B962B645
:10E2300008BD00BFE01143207012432008B507F06D
:10E24000F1FD094B53F820203AB9EFF31082D107C2
:10E2500000D472B6054941F8202053F8202001323D
:10E2600043F8202008BD00BFF0144320500F432086
:10E2700008B507F0D7FD084B53F82020013A43F8C2
:10E280002020064A52F82020D20703D453F8203029
:10E2900003B962B608BD00BFF0144320500F4320FD
:10E2A00008B507F0BFFD094B53F820203AB9EFF34A
:10E2B0001082D10700D472B6054941F8202053F8E6
:10E2C0002020013243F8202008BD00BF0012432067
:10E2D0009018432008B507F0A5FD084B53F82020FF
:10E2E000013A43F82020064A52F82020D20703D4EE
:10E2F00053F8203003B962B608BD00BF00124320B6
:10E300009018432008B507F08DFD094B53F82020E5
:10E310003AB9EFF31082D10700D472B6054941F83B
:10E32000202053F82020013243F8202008BD00BFF0
:10E33000F01343208014432008B507F073FD084B09
:10E3400053F82020013A43F82020064A52F82020B2
:10E35000D20703D453F8203003B962B608BD00BF1A
:10E36000F01343208014432008B507F05BFD094BF0
:10E3700053F820203AB9EFF31082D10700D472B6D7
:10E38000054941F8202053F82020013243F820208D
:10E3900008BD00BFC01043206011432008B507F03E
:10E3A00041FD084B53F82020013A43F82020064A4B
:10E3B00052F82020D20703D453F8203003B962B6B4
:10E3C00008BD00BFC01043206011432008B507F00E
:10E3D00029FD094B53F820203AB9EFF31082D107F9
:10E3E00000D472B6054941F8202053F820200132AC
:10E3F00043F8202008BD00BF10144320600E4320C6
:10E4000008B507F00FFD084B53F82020013A43F8F8
:10E410002020064A52F82020D20703D453F8203097
:10E4200003B962B608BD00BF10144320600E43203C
:10E4300008B507F0F7FC094B53F820203AB9EFF381
:10E440001082D10700D472B6054941F8202053F854
:10E450002020013243F8202008BD00BFE0104320F7
:10E460009016432008B507F0DDFC084B53F8202038
:10E47000013A43F82020064A52F82020D20703D45C
:10E4800053F8203003B962B608BD00BFE010432046
:10E490009016432008B507F0C5FC094B53F820201F
:10E4A0003AB9EFF31082D10700D472B6054941F8AA
:10E4B000202053F82020013243F8202008BD00BF5F
:10E4C000D01243207013432008B507F0ABFC084B73
:10E4D00053F82020013A43F82020064A52F8202021
:10E4E000D20703D453F8203003B962B608BD00BF89
:10E4F000D01243207013432008B507F093FC094B5A
:10E5000053F820203AB9EFF31082D10700D472B645
:10E51000054941F8202053F82020013243F82020FB
:10E5200008BD00BFC00D43207010432008B507F0A0
:10E5300079FC084B53F82020013A43F82020064A82
:10E5400052F82020D20703D453F8203003B962B622
:10E5500008BD00BFC00D43207010432008B507F070
:10E5600061FC094B53F820203AB9EFF31082D10730
:10E5700000D472B6054941F8202053F8202001321A
:10E5800043F8202008BD00BFF0124320801943202B
:10E5900008B507F047FC084B53F82020013A43F830
:10E5A0002020064A52F82020D20703D453F8203006
:10E5B00003B962B608BD00BFF012432080194320A2
:10E5C00008B507F02FFC094B53F820203AB9EFF3B8
:10E5D0001082D10700D472B6054941F8202053F8C3
:10E5E0002020013243F8202008BD00BF100F432037
:10E5F000B00F432008B507F015FC084B53F8202056
:10E60000013A43F82020064A52F82020D20703D4CA
:10E6100053F8203003B962B608BD00BF100F432085
:10E62000B00F432008B507F0FDFB094B53F820203D
:10E630003AB9EFF31082D10700D472B6054941F818
:10E64000202053F82020013243F8202008BD00BFCD
:10E6500040164320D018432008B507F0E3FB084BD1
:10E6600053F82020013A43F82020064A52F820208F
:10E67000D20703D453F8203003B962B608BD00BFF7
:10E6800040164320D018432008B507F0CBFB094BB8
:10E6900053F820203AB9EFF31082D10700D472B6B4
:10E6A000054941F8202053F82020013243F820206A
:10E6B00008BD00BF10134320600F432008B507F0CA
:10E6C000B1FB084B53F82020013A43F82020064ABA
:10E6D00052F82020D20703D453F8203003B962B691
:10E6E00008BD00BF10134320600F432008B507F09A
:10E6F00099FB094B53F820203AB9EFF31082D10768
:10E7000000D472B6054941F8202053F82020013288
:10E7100043F8202008BD00BF20114320B01743203C
:10E7200008B507F07FFB084B53F82020013A43F867
:10E730002020064A52F82020D20703D453F8203074
:10E7400003B962B608BD00BF20114320B0174320B3
:10E7500008B507F067FB094B53F820203AB9EFF3EF
:10E760001082D10700D472B6054941F8202053F831
:10E770002020013243F8202008BD00BF501843205C
:10E78000A00E432008B507F04DFB084B53F820209E
:10E79000013A43F82020064A52F82020D20703D439
:10E7A00053F8203003B962B608BD00BF50184320AB
:10E7B000A00E432008B507F035FB094B53F8202085
:10E7C0003AB9EFF31082D10700D472B6054941F887
:10E7D000202053F82020013243F8202008BD00BF3C
:10E7E00020154320D017432008B507F01BFB084B2A
:10E7F00053F82020013A43F82020064A52F82020FE
:10E80000D20703D453F8203003B962B608BD00BF65
:10E8100020154320D017432008B507F003FB094B10
:10E8200053F820203AB9EFF31082D10700D472B622
:10E83000054941F8202053F82020013243F82020D8
:10E8400008BD00BF30124320C019432008B507F0AF
:10E85000E9FA084B53F82020013A43F82020064AF1
:10E8600052F82020D20703D453F8203003B962B6FF
:10E8700008BD00BF30124320C019432008B507F07F
:10E88000D1FA094B53F820203AB9EFF31082D1079F
:10E8900000D472B6054941F8202053F820200132F7
:10E8A00043F8202008BD00BF200E4320B0164320AF
:10E8B00008B507F0B7FA084B53F82020013A43F89F
:10E8C0002020064A52F82020D20703D453F82030E3
:10E8D00003B962B608BD00BF200E4320B016432026
:10E8E00008B507F09FFA094B53F820203AB9EFF327
:10E8F0001082D10700D472B6054941F8202053F8A0
:10E900002020013243F8202008BD00BF30174320EB
:10E91000A00D432008B507F085FA084B53F82020D6
:10E92000013A43F82020064A52F82020D20703D4A7
:10E9300053F8203003B962B608BD00BF301743203A
:10E94000A00D432008B507F06DFA094B53F82020BD
:10E950003AB9EFF31082D10700D472B6054941F8F5
:10E96000202053F82020013243F8202008BD00BFAA
:10E97000401443200016432008B507F053FA084B13
:10E9800053F82020013A43F82020064A52F820206C
:10E99000D20703D453F8203003B962B608BD00BFD4
:10E9A000401443200016432008B507F03BFA094BFA
:10E9B00053F820203AB9EFF31082D10700D472B691
:10E9C000054941F8202053F82020013243F8202047
:10E9D00008BD00BF701743201011432008B507F091
:10E9E00021FA084B53F82020013A43F82020064A28
:10E9F00052F82020D20703D453F8203003B962B66E
:10EA000008BD00BF701743201011432008B507F060
:10EA100009FA094B53F820203AB9EFF31082D107D5
:10EA200000D472B6054941F8202053F82020013265
:10EA300043F8202008BD00BF30164320D00F4320EC
:10EA400008B507F0EFF9084B53F82020013A43F8D6
:10EA50002020064A52F82020D20703D453F8203051
:10EA600003B962B608BD00BF30164320D00F432063
:10EA700008B507F0D7F9094B53F820203AB9EFF35E
:10EA80001082D10700D472B6054941F8202053F80E
:10EA90002020013243F8202008BD00BFA0154320EC
:10EAA000400F432008B507F0BDF9084B53F820206C
:10EAB000013A43F82020064A52F82020D20703D416
:10EAC00053F8203003B962B608BD00BFA01543203B
:10EAD000400F432008B507F0A5F9094B53F8202053
:10EAE0003AB9EFF31082D10700D472B6054941F864
:10EAF000202053F82020013243F8202008BD00BF19
:10EB000010154320B00E432008B507F08BF9084BD1
:10EB100053F82020013A43F82020064A52F82020DA
:10EB2000D20703D453F8203003B962B608BD00BF42
:10EB300010154320B00E432008B507F073F9094BB8
:10EB400053F820203AB9EFF31082D10700D472B6FF
:10EB5000054941F8202053F82020013243F82020B5
:10EB600008BD00BFA01443208018432008B507F05B
:10EB700059F9084B53F82020013A43F82020064A5F
:10EB800052F82020D20703D453F8203003B962B6DC
:10EB900008BD00BFA01443208018432008B507F02B
:10EBA00041F9094B53F820203AB9EFF31082D1070D
:10EBB00000D472B6054941F8202053F820200132D4
:10EBC00043F8202008BD00BF20124320F017432047
:10EBD00008B507F027F9084B53F82020013A43F80D
:10EBE0002020064A52F82020D20703D453F82030C0
:10EBF00003B962B608BD00BF20124320F0174320BE
:10EC000008B507F00FF9094B53F820203AB9EFF394
:10EC10001082D10700D472B6054941F8202053F87C
:10EC20002020013243F8202008BD00BF901143206E
:10EC30006017432008B507F0F5F8084B53F820207B
:10EC4000013A43F82020064A52F82020D20703D484
:10EC500053F8203003B962B608BD00BF90114320BD
:10EC60006017432008B507F0DDF8094B53F8202062
:10EC70003AB9EFF31082D10700D472B6054941F8D2
:10EC8000202053F82020013243F8202008BD00BF87
:10EC900000114320E016432008B507F0C3F8084BE5
:10ECA00053F82020013A43F82020064A52F8202049
:10ECB000D20703D453F8203003B962B608BD00BFB1
:10ECC00000114320E016432008B507F0ABF8094BCC
:10ECD00053F820203AB9EFF31082D10700D472B66E
:10ECE000054941F8202053F82020013243F8202024
:10ECF00008BD00BF901043208016432008B507F0E0
:10ED000091F8084B53F82020013A43F82020064A96
:10ED100052F82020D20703D453F8203003B962B64A
:10ED200008BD00BF901043208016432008B507F0AF
:10ED300079F8094B53F820203AB9EFF31082D10744
:10ED400000D472B6054941F8202053F82020013242
:10ED500043F8202008BD00BF20104320F0154320B9
:10ED600008B507F05FF8084B53F82020013A43F844
:10ED70002020064A52F82020D20703D453F820302E
:10ED800003B962B608BD00BF20104320F015432030
:10ED900008B507F047F8094B53F820203AB9EFF3CC
:10EDA0001082D10700D472B6054941F8202053F8EB
:10EDB0002020013243F8202008BD00BF900F4320DF
:10EDC0006015432008B507F02DF8084B53F82020B4
:10EDD000013A43F82020064A52F82020D20703D4F3
:10EDE00053F8203003B962B608BD00BF900F43202E
:10EDF0006015432008B507F015F8094B53F820209B
:10EE00003AB9EFF31082D10700D472B6054941F840
:10EE1000202053F82020013243F8202008BD00BFF5
:10EE2000000F43202014432008B506F0FBFF084BD9
:10EE300053F82020013A43F82020064A52F82020B7
:10EE4000D20703D453F8203003B962B608BD00BF1F
:10EE5000000F43202014432008B506F0E3FF094BC0
:10EE600053F820203AB9EFF31082D10700D472B6DC
:10EE7000054941F8202053F82020013243F8202092
:10EE800008BD00BFB00D43209013432008B506F025
:10EE9000C9FF084B53F82020013A43F82020064AC6
:10EEA00052F82020D20703D453F8203003B962B6B9
:10EEB00008BD00BFB00D43209013432008B506F0F5
:10EEC000B1FF094B53F820203AB9EFF31082D10774
:10EED00000D472B6054941F8202053F820200132B1
:10EEE00043F8202008BD00BF6019432000134320D1
:10EEF00008B506F097FF084B53F82020013A43F875
:10EF00002020064A52F82020D20703D453F820309C
:10EF100003B962B608BD00BF601943200013432047
:10EF200008B506F07FFF094B53F820203AB9EFF3FC
:10EF30001082D10700D472B6054941F8202053F859
:10EF40002020013243F8202008BD00BFE0184320F4
:10EF50009012432008B506F065FF084B53F82020B7
:10EF6000013A43F82020064A52F82020D20703D461
:10EF700053F8203003B962B608BD00BFE018432043
:10EF80009012432008B506F04DFF094B53F820209E
:10EF90003AB9EFF31082D10700D472B6054941F8AF
:10EFA000202053F82020013243F8202008BD00BF64
:10EFB000701643201010432008B506F033FF084BAD
:10EFC00053F82020013A43F82020064A52F8202026
:10EFD000D20703D453F8203003B962B608BD00BF8E
:10EFE000701643201010432008B506F01BFF094B94
:10EFF00053F820203AB9EFF31082D10700D472B64B
:10F00000054941F8202053F82020013243F8202000
:10F0100008BD00BFE0154320800F432008B506F06F
:10F0200001FF084B53F82020013A43F82020064AFC
:10F0300052F82020D20703D453F8203003B962B627
:10F0400008BD00BFE0154320800F432008B506F03F
:10F05000E9FE094B53F820203AB9EFF31082D107AB
:10F0600000D472B6054941F8202053F8202001321F
:10F0700043F8202008BD00BF50154320F00E432068
:10F0800008B506F0CFFE084B53F82020013A43F8AC
:10F090002020064A52F82020D20703D453F820300B
:10F0A00003B962B608BD00BF50154320F00E4320DF
:10F0B00008B506F0B7FE094B53F820203AB9EFF334
:10F0C0001082D10700D472B6054941F8202053F8C8
:10F0D0002020013243F8202008BD00BFD014432077
:10F0E000800E432008B506F09DFE084B53F8202003
:10F0F000013A43F82020064A52F82020D20703D4D0
:10F1000053F8203003B962B608BD00BFD0144320C5
:10F11000800E432008B506F085FE094B53F82020E9
:10F120003AB9EFF31082D10700D472B6054941F81D
:10F13000202053F82020013243F8202008BD00BFD2
:10F1400070144320000E432008B506F06BFE084BF8
:10F1500053F82020013A43F82020064A52F8202094
:10F16000D20703D453F8203003B962B608BD00BFFC
:10F1700070144320000E432008B506F053FE094BDF
:10F1800053F820203AB9EFF31082D10700D472B6B9
:10F19000054941F8202053F82020013243F820206F
:10F1A00008BD00BFE0134320B019432008B506F0A6
:10F1B00039FE084B53F82020013A43F82020064A34
:10F1C00052F82020D20703D453F8203003B962B696
:10F1D00008BD00BFE0134320B019432008B506F076
:10F1E00021FE094B53F820203AB9EFF31082D107E2
:10F1F00000D472B6054941F8202053F8202001328E
:10F2000043F8202008BD00BF50134320201943209D
:10F2100008B506F007FE084B53F82020013A43F8E2
:10F220002020064A52F82020D20703D453F8203079
:10F2300003B962B608BD00BF501343202019432014
:10F2400008B506F0EFFD094B53F820203AB9EFF36B
:10F250001082D10700D472B6054941F8202053F836
:10F260002020013243F8202008BD00BF10124320A7
:10F27000E017432008B506F0D5FD084B53F82020D1
:10F28000013A43F82020064A52F82020D20703D43E
:10F2900053F8203003B962B608BD00BF10124320F6
:10F2A000E017432008B506F0BDFD094B53F82020B8
:10F2B0003AB9EFF31082D10700D472B6054941F88C
:10F2C000202053F82020013243F8202008BD00BF41
:10F2D000801143205017432008B506F0A3FD084BCA
:10F2E00053F82020013A43F82020064A52F8202003
:10F2F000D20703D453F8203003B962B608BD00BF6B
:10F30000801143205017432008B506F08BFD094BB0
:10F3100053F820203AB9EFF31082D10700D472B627
:10F32000054941F8202053F82020013243F82020DD
:10F3300008BD00BFF0104320D016432008B506F0EA
:10F3400071FD084B53F82020013A43F82020064A6B
:10F3500052F82020D20703D453F8203003B962B604
:10F3600008BD00BFF0104320D016432008B506F0BA
:10F3700059FD094B53F820203AB9EFF31082D10719
:10F3800000D472B6054941F8202053F820200132FC
:10F3900043F8202008BD00BF8010432060144320A4
:10F3A00008B506F03FFD084B53F82020013A43F81A
:10F3B0002020064A52F82020D20703D453F82030E8
:10F3C00003B962B608BD00BF80104320601443201B
:10F3D00008B506F027FD094B53F820203AB9EFF3A2
:10F3E0001082D10700D472B6054941F8202053F8A5
:10F3F0002020013243F8202008BD00BFF00D43203B
:10F40000D013432008B506F00DFD084B53F820201B
:10F41000013A43F82020064A52F82020D20703D4AC
:10F4200053F8203003B962B608BD00BFF00D432089
:10F43000D013432008B506F0F5FC094B53F8202003
:10F440003AB9EFF31082D10700D472B6054941F8FA
:10F45000202053F82020013243F8202008BD00BFAF
:10F46000A01943204013432008B506F0DBFC084BED
:10F4700053F82020013A43F82020064A52F8202071
:10F48000D20703D453F8203003B962B608BD00BFD9
:10F49000A01943204013432008B506F0C3FC094BD4
:10F4A00053F820203AB9EFF31082D10700D472B696
:10F4B000054941F8202053F82020013243F820204C
:10F4C00008BD00BF10194320C012432008B506F044
:10F4D000A9FC084B53F82020013A43F82020064AA3
:10F4E00052F82020D20703D453F8203003B962B673
:10F4F00008BD00BF10194320C012432008B506F014
:10F5000091FC094B53F820203AB9EFF31082D10750
:10F5100000D472B6054941F8202053F8202001326A
:10F5200043F8202008BD00BFB018432060124320DC
:10F5300008B506F077FC084B53F82020013A43F851
:10F540002020064A52F82020D20703D453F8203056
:10F5500003B962B608BD00BFB01843206012432053
:10F5600008B506F05FFC094B53F820203AB9EFF3D9
:10F570001082D10700D472B6054941F8202053F813
:10F580002020013243F8202008BD00BF301843205E
:10F59000D011432008B506F045FC084B53F8202055
:10F5A000013A43F82020064A52F82020D20703D41B
:10F5B00053F8203003B962B608BD00BF30184320AD
:10F5C000D011432008B506F02DFC094B53F820203C
:10F5D0003AB9EFF31082D10700D472B6054941F869
:10F5E000202053F82020013243F8202008BD00BF1E
:10F5F000A01743204011432008B506F013FC084B28
:10F6000053F82020013A43F82020064A52F82020DF
:10F61000D20703D453F8203003B962B608BD00BF47
:10F62000A01743204011432008B506F0FBFB094B0F
:10F6300053F820203AB9EFF31082D10700D472B604
:10F64000054941F8202053F82020013243F82020BA
:10F6500008BD00BF101743200010432008B506F076
:10F66000E1FB084B53F82020013A43F82020064ADA
:10F6700052F82020D20703D453F8203003B962B6E1
:10F6800008BD00BF101743200010432008B506F046
:10F69000C9FB094B53F820203AB9EFF31082D10788
:10F6A00000D472B6054941F8202053F820200132D9
:10F6B00043F8202008BD00BFD0154320700F432021
:10F6C00008B506F0AFFB084B53F82020013A43F889
:10F6D0002020064A52F82020D20703D453F82030C5
:10F6E00003B962B608BD00BFD0154320700F432098
:10F6F00008B506F097FB094B53F820203AB9EFF311
:10F700001082D10700D472B6054941F8202053F881
:10F710002020013243F8202008BD00BF40154320BF
:10F72000E00E432008B506F07DFB084B53F820207F
:10F73000013A43F82020064A52F82020D20703D489
:10F7400053F8203003B962B608BD00BF401543200E
:10F75000E00E432008B506F065FB094B53F8202066
:10F760003AB9EFF31082D10700D472B6054941F8D7
:10F77000202053F82020013243F8202008BD00BF8C
:10F78000C0144320700E432008B506F04BFB084B15
:10F7900053F82020013A43F82020064A52F820204E
:10F7A000D20703D453F8203003B962B608BD00BFB6
:10F7B000C0144320700E432008B506F033FB094BFC
:10F7C00053F820203AB9EFF31082D10700D472B673
:10F7D000054941F8202053F82020013243F8202029
:10F7E00008BD00BF501243202018432008B506F082
:10F7F00019FB084B53F82020013A43F82020064A11
:10F8000052F82020D20703D453F8203003B962B64F
:10F8100008BD00BF501243202018432008B506F051
:10F8200001FB094B53F820203AB9EFF31082D107BE
:10F8300000D472B6054941F8202053F82020013247
:10F8400043F8202008BD00BFC0114320901743207B
:10F8500008B506F0E7FA084B53F82020013A43F8C0
:10F860002020064A52F82020D20703D453F8203033
:10F8700003B962B608BD00BFC011432090174320F2
:10F8800008B506F0CFFA094B53F820203AB9EFF348
:10F890001082D10700D472B6054941F8202053F8F0
:10F8A0002020013243F8202008BD00BF3011432042
:10F8B0000017432008B506F0B5FA084B53F820208E
:10F8C000013A43F82020064A52F82020D20703D4F8
:10F8D00053F8203003B962B608BD00BF3011432091
:10F8E0000017432008B506F09DFA094B53F8202075
:10F8F0003AB9EFF31082D10700D472B6054941F846
:10F90000202053F82020013243F8202008BD00BFFA
:10F91000B0104320A016432008B506F083FA084B28
:10F9200053F82020013A43F82020064A52F82020BC
:10F93000D20703D453F8203003B962B608BD00BF24
:10F94000B0104320A016432008B506F06BFA094B0F
:10F9500053F820203AB9EFF31082D10700D472B6E1
:10F96000054941F8202053F82020013243F8202097
:10F9700008BD00BF501043202016432008B506F0F4
:10F9800051FA084B53F82020013A43F82020064A48
:10F9900052F82020D20703D453F8203003B962B6BE
:10F9A00008BD00BF501043202016432008B506F0C4
:10F9B00039FA094B53F820203AB9EFF31082D107F6
:10F9C00000D472B6054941F8202053F820200132B6
:10F9D00043F8202008BD00BFC00F432090154320EE
:10F9E00008B506F01FFA084B53F82020013A43F8F7
:10F9F0002020064A52F82020D20703D453F82030A2
:10FA000003B962B608BD00BFC00F43209015432064
:10FA100008B506F007FA094B53F820203AB9EFF37E
:10FA20001082D10700D472B6054941F8202053F85E
:10FA30002020013243F8202008BD00BF300F4320B2
:10FA40000015432008B506F0EDF9084B53F82020C7
:10FA5000013A43F82020064A52F82020D20703D466
:10FA600053F8203003B962B608BD00BF300F432001
:10FA70000015432008B506F0D5F9094B53F82020AE
:10FA80003AB9EFF31082D10700D472B6054941F8B4
:10FA9000202053F82020013243F8202008BD00BF69
:10FAA000E00D4320C013432008B506F0BBF9084B16
:10FAB00053F82020013A43F82020064A52F820202B
:10FAC000D20703D453F8203003B962B608BD00BF93
:10FAD000E00D4320C013432008B506F0A3F9094BFD
:10FAE00053F820203AB9EFF31082D10700D472B650
:10FAF000054941F8202053F82020013243F8202006
:10FB000008BD00BF901943203013432008B506F00C
:10FB100089F9084B53F82020013A43F82020064A7F
:10FB200052F82020D20703D453F8203003B962B62C
:10FB300008BD00BF901943203013432008B506F0DC
:10FB400071F9094B53F820203AB9EFF31082D1072D
:10FB500000D472B6054941F8202053F82020013224
:10FB600043F8202008BD00BF00194320B0124320F5
:10FB700008B506F057F9084B53F82020013A43F82E
:10FB80002020064A52F82020D20703D453F8203010
:10FB900003B962B608BD00BF00194320B01243206C
:10FBA00008B506F03FF9094B53F820203AB9EFF3B6
:10FBB0001082D10700D472B6054941F8202053F8CD
:10FBC0002020013243F8202008BD00BFA0184320A8
:10FBD000100E432008B506F025F9084B53F82020F5
:10FBE000013A43F82020064A52F82020D20703D4D5
:10FBF00053F8203003B962B608BD00BFA0184320F7
:10FC0000100E432008B506F00DF9094B53F82020DB
:10FC10003AB9EFF31082D10700D472B6054941F822
:10FC2000202053F82020013243F8202008BD00BFD7
:10FC3000301043204012432008B506F0F3F8084B7B
:10FC400053F82020013A43F82020064A52F8202099
:10FC5000D20703D453F8203003B962B608BD00BF01
:10FC6000301043204012432008B506F0DBF8094B62
:10FC700053F820203AB9EFF31082D10700D472B6BE
:10FC8000054941F8202053F82020013243F8202074
:10FC900008BD00BF501443206016432008B506F08D
:10FCA000C1F8084B53F82020013A43F82020064AB7
:10FCB00052F82020D20703D453F8203003B962B69B
:10FCC00008BD00BF501443206016432008B506F05D
:10FCD000A9F8094B53F820203AB9EFF31082D10765
:10FCE00000D472B6054941F8202053F82020013293
:10FCF00043F8202008BD00BF70184320400E432069
:10FD000008B506F08FF8084B53F82020013A43F865
:10FD10002020064A52F82020D20703D453F820307E
:10FD200003B962B608BD00BF70184320400E4320DF
:10FD300008B506F077F8094B53F820203AB9EFF3ED
:10FD40001082D10700D472B6054941F8202053F83B
:10FD50002020013243F8202008BD00BF001A4320B4
:10FD6000101A432008B506F05DF8084B53F8202020
:10FD7000013A43F82020064A52F82020D20703D443
:10FD800053F8203003B962B608BD00BF001A432003
:10FD9000101A432008B506F045F8094B53F8202007
:10FDA0003AB9EFF31082D10700D472B6054941F891
:10FDB000202053F82020013243F8202008BD00BF46
:10FDC000E0194320F019432008B506F02BF8084B42
:10FDD00053F82020013A43F82020064A52F8202008
:10FDE000D20703D453F8203003B962B608BD00BF70
:10FDF000E0194320F019432008B506F013F8094B29
:10FE000053F820203AB9EFF31082D10700D472B62C
:10FE1000054941F8202053F82020013243F82020E2
:10FE200008BD00BF801C4320E01B432008B505F03F
:10FE3000F9FF084B53F82020013A43F82020064AE6
:10FE400052F82020D20703D453F8203003B962B609
:10FE500008BD00BF801C4320E01B432008B505F00F
:10FE6000E1FF094B53F820203AB9EFF31082D10794
:10FE700000D472B6054941F8202053F82020013201
:10FE800043F8202008BD00BF501A4320D01A432059
:10FE900008B505F0C7FF084B53F82020013A43F896
:10FEA0002020064A52F82020D20703D453F82030ED
:10FEB00003B962B608BD00BF501A4320D01A4320D0
:10FEC00008B505F0AFFF094B53F820203AB9EFF31E
:10FED0001082D10700D472B6054941F8202053F8AA
:10FEE0002020013243F8202008BD00BF601C4320C1
:10FEF000F01A432008B505F095FF084B53F8202071
:10FF0000013A43F82020064A52F82020D20703D4B1
:10FF100053F8203003B962B608BD00BF601C43200F
:10FF2000F01A432008B505F07DFF094B53F8202057
:10FF30003AB9EFF31082D10700D472B6054941F8FF
:10FF4000202053F82020013243F8202008BD00BFB4
:10FF5000201C4320901C432008B505F063FF084B8C
:10FF600053F82020013A43F82020064A52F8202076
:10FF7000D20703D453F8203003B962B608BD00BFDE
:10FF8000201C4320901C432008B505F04BFF094B73
:10FF900053F820203AB9EFF31082D10700D472B69B
:10FFA000054941F8202053F82020013243F8202051
:10FFB00008BD00BFF01C4320601A432008B505F0BF
:10FFC00031FF084B53F82020013A43F82020064A1D
:10FFD00052F82020D20703D453F8203003B962B678
:10FFE00008BD00BFF01C4320601A432008B505F08F
:10FFF00019FF094B53F820203AB9EFF31082D107CB
:020000040041B9
:1000000000D472B6054941F8202053F8202001326F
:1000100043F8202008BD00BF001C4320901A432055
:1000200008B505F0FFFE084B53F82020013A43F8CD
:100030002020064A52F82020D20703D453F820305B
:1000400003B962B608BD00BF001C4320901A4320CC
:1000500008B505F0E7FE094B53F820203AB9EFF355
:100060001082D10700D472B6054941F8202053F818
:100070002020013243F8202008BD00BFC01B4320D0
:10008000301C432008B505F0CDFE084B53F8202066
:10009000013A43F82020064A52F82020D20703D420
:1000A00053F8203003B962B608BD00BFC01B43201F
:1000B000301C432008B505F0B5FE094B53F820204D
:1000C0003AB9EFF31082D10700D472B6054941F86E
:1000D000202053F82020013243F8202008BD00BF23
:1000E000B01A4320001D432008B505F09BFE084BC5
:1000F00053F82020013A43F82020064A52F82020E5
:10010000D20703D453F8203003B962B608BD00BF4C
:10011000B01A4320001D432008B505F083FE094BAB
:1001200053F820203AB9EFF31082D10700D472B609
:10013000054941F8202053F82020013243F82020BF
:1001400008BD00BF901B4320201A432008B505F0CE
:1001500069FE084B53F82020013A43F82020064A54
:1001600052F82020D20703D453F8203003B962B6E6
:1001700008BD00BF901B4320201A432008B505F09E
:1001800051FE094B53F820203AB9EFF31082D10702
:1001900000D472B6054941F8202053F820200132DE
:1001A00043F8202008BD00BF501B4320E01C432023
:1001B00008B505F037FE084B53F82020013A43F804
:1001C0002020064A52F82020D20703D453F82030CA
:1001D00003B962B608BD00BF501B4320E01C43209A
:1001E00008B505F01FFE094B53F820203AB9EFF38C
:1001F0001082D10700D472B6054941F8202053F887
:100200002020013243F8202008BD00BF401A4320BF
:10021000A01C432008B505F005FE084B53F820202C
:10022000013A43F82020064A52F82020D20703D48E
:1002300053F8203003B962B608BD00BF401A43200E
:10024000A01C432008B505F0EDFD094B53F8202014
:100250003AB9EFF31082D10700D472B6054941F8DC
:10026000202053F82020013243F8202008BD00BF91
:10027000301B4320C01C432008B505F0D3FD084BBC
:1002800053F82020013A43F82020064A52F8202053
:10029000D20703D453F8203003B962B608BD00BFBB
:1002A000301B4320C01C432008B505F0BBFD094BA3
:1002B00053F820203AB9EFF31082D10700D472B678
:1002C000054941F8202053F82020013243F820202E
:1002D00008BD00BF401C4320801B432008B505F02B
:1002E000A1FD084B53F82020013A43F82020064A8C
:1002F00052F82020D20703D453F8203003B962B655
:1003000008BD00BF401C4320801B432008B505F0FA
:1003100089FD094B53F820203AB9EFF31082D10739
:1003200000D472B6054941F8202053F8202001324C
:1003300043F8202008BD00BFF01B4320501C432081
:1003400008B505F06FFD084B53F82020013A43F83B
:100350002020064A52F82020D20703D453F8203038
:1003600003B962B608BD00BFF01B4320501C4320F8
:1003700008B505F057FD094B53F820203AB9EFF3C3
:100380001082D10700D472B6054941F8202053F8F5
:100390002020013243F8202008BD00BFB01C4320BC
:1003A000101D432008B505F03DFD084B53F82020F3
:1003B000013A43F82020064A52F82020D20703D4FD
:1003C00053F8203003B962B608BD00BFB01C43200B
:1003D000101D432008B505F025FD094B53F82020DA
:1003E0003AB9EFF31082D10700D472B6054941F84B
:1003F000202053F82020013243F8202008BD00BF00
:10040000701A4320E01A432008B505F00BFD084B95
:1004100053F82020013A43F82020064A52F82020C1
:10042000D20703D453F8203003B962B608BD00BF29
:10043000701A4320E01A432008B505F0F3FC094B7D
:1004400053F820203AB9EFF31082D10700D472B6E6
:10045000054941F8202053F82020013243F820209C
:1004600008BD00BF401B4320B01B432008B505F06A
:10047000D9FC084B53F82020013A43F82020064AC3
:1004800052F82020D20703D453F8203003B962B6C3
:1004900008BD00BF401B4320B01B432008B505F03A
:1004A000C1FC094B53F820203AB9EFF31082D10771
:1004B00000D472B6054941F8202053F820200132BB
:1004C00043F8202008BD00BF101C4320701C4320AF
:1004D00008B505F0A7FC084B53F82020013A43F873
:1004E0002020064A52F82020D20703D453F82030A7
:1004F00003B962B608BD00BF101C4320701C432026
:1005000008B505F08FFC094B53F820203AB9EFF3FA
:100510001082D10700D472B6054941F8202053F863
:100520002020013243F8202008BD00BFD01C43200A
:10053000301A432008B505F075FC084B53F820200D
:10054000013A43F82020064A52F82020D20703D46B
:1005500053F8203003B962B608BD00BFD01C432059
:10056000301A432008B505F05DFC094B53F82020F4
:100570003AB9EFF31082D10700D472B6054941F8B9
:10058000202053F82020013243F8202008BD00BF6E
:10059000A01A4320001B432008B505F043FC084B7C
:1005A00053F82020013A43F82020064A52F8202030
:1005B000D20703D453F8203003B962B608BD00BF98
:1005C000A01A4320001B432008B505F02BFC094B63
:1005D00053F820203AB9EFF31082D10700D472B655
:1005E000054941F8202053F82020013243F820200B
:1005F00008BD00BF601B4320D01B432008B505F099
:1006000011FC084B53F82020013A43F82020064AF9
:1006100052F82020D20703D453F8203003B962B631
:1006200008BD00BF601B4320D01B432008B505F068
:10063000F9FB094B53F820203AB9EFF31082D107A8
:1006400000D472B6054941F8202053F82020013229
:1006500043F8202008BD00BF101B4320701B43201F
:1006600008B505F0DFFB084B53F82020013A43F8AA
:100670002020064A52F82020D20703D453F8203015
:1006800003B962B608BD00BF101B4320701B432096
:1006900008B505F0C7FB094B53F820203AB9EFF332
:1006A0001082D10700D472B6054941F8202053F8D2
:1006B0002020013243F8202008BD00BFC01A43208B
:1006C000201B432008B505F0ADFB084B53F8202054
:1006D000013A43F82020064A52F82020D20703D4DA
:1006E00053F8203003B962B608BD00BFC01A4320DA
:1006F000201B432008B505F095FB094B53F820203B
:100700003AB9EFF31082D10700D472B6054941F827
:10071000202053F82020013243F8202008BD00BFDC
:10072000A01B4320801A432008B505F07BFB084B33
:1007300053F82020013A43F82020064A52F820209E
:10074000D20703D453F8203003B962B608BD00BF06
:10075000A01B4320801A432008B505F063FB094B1A
:1007600053F820203AB9EFF31082D10700D472B6C3
:10077000054941F8202053F82020013243F8202079
:1007800008BD00BF401D4320501D432008B505F0A3
:1007900049FB084B53F82020013A43F82020064A31
:1007A00052F82020D20703D453F8203003B962B6A0
:1007B00008BD00BF401D4320501D432008B505F073
:1007C00031FB094B53F820203AB9EFF31082D107DF
:1007D00000D472B6054941F8202053F82020013298
:1007E00043F8202008BD00BF201D4320301D4320BA
:1007F00008B505F017FB084B53F82020013A43F8E1
:100800002020064A52F82020D20703D453F8203083
:1008100003B962B608BD00BF201D4320301D432030
:1008200008B505F0FFFA094B53F820203AB9EFF369
:100830001082D10700D472B6054941F8202053F840
:100840002020013243F8202008BD00BFB0254320FE
:10085000601D432008B505F0E5FA084B53F8202049
:10086000013A43F82020064A52F82020D20703D448
:1008700053F8203003B962B608BD00BFB02543204D
:10088000601D432008B505F0CDFA094B53F8202030
:100890003AB9EFF31082D10700D472B6054941F896
:1008A000202053F82020013243F8202008BD00BF4B
:1008B000C01F43205022432008B505F0B3FA084B6F
:1008C00053F82020013A43F82020064A52F820200D
:1008D000D20703D453F8203003B962B608BD00BF75
:1008E000C01F43205022432008B505F09BFA094B56
:1008F00053F820203AB9EFF31082D10700D472B632
:10090000054941F8202053F82020013243F82020E7
:1009100008BD00BFD01E43200021432008B505F0CC
:1009200081FA084B53F82020013A43F82020064A68
:1009300052F82020D20703D453F8203003B962B60E
:1009400008BD00BFD01E43200021432008B505F09C
:1009500069FA094B53F820203AB9EFF31082D10716
:1009600000D472B6054941F8202053F82020013206
:1009700043F8202008BD00BF3022432090244320AC
:1009800008B505F04FFA084B53F82020013A43F818
:100990002020064A52F82020D20703D453F82030F2
:1009A00003B962B608BD00BF302243209024432023
:1009B00008B505F037FA094B53F820203AB9EFF3A0
:1009C0001082D10700D472B6054941F8202053F8AF
:1009D0002020013243F8202008BD00BFF01F432033
:1009E000601F432008B505F01DFA084B53F820207E
:1009F000013A43F82020064A52F82020D20703D4B7
:100A000053F8203003B962B608BD00BFF01F432081
:100A1000601F432008B505F005FA094B53F8202064
:100A20003AB9EFF31082D10700D472B6054941F804
:100A3000202053F82020013243F8202008BD00BFB9
:100A4000402443208025432008B505F0EBF9084BEE
:100A500053F82020013A43F82020064A52F820207B
:100A6000D20703D453F8203003B962B608BD00BFE3
:100A7000402443208025432008B505F0D3F9094BD5
:100A800053F820203AB9EFF31082D10700D472B6A0
:100A9000054941F8202053F82020013243F8202056
:100AA00008BD00BFE01E4320C021432008B505F06B
:100AB000B9F9084B53F82020013A43F82020064AA0
:100AC00052F82020D20703D453F8203003B962B67D
:100AD00008BD00BFE01E4320C021432008B505F03B
:100AE000A1F9094B53F820203AB9EFF31082D1074E
:100AF00000D472B6054941F8202053F82020013275
:100B000043F8202008BD00BF00244320C01E43201E
:100B100008B505F087F9084B53F82020013A43F84F
:100B20002020064A52F82020D20703D453F8203060
:100B300003B962B608BD00BF00244320C01E432095
:100B400008B505F06FF9094B53F820203AB9EFF3D7
:100B50001082D10700D472B6054941F8202053F81D
:100B60002020013243F8202008BD00BF8020432010
:100B7000D022432008B505F055F9084B53F8202042
:100B8000013A43F82020064A52F82020D20703D425
:100B900053F8203003B962B608BD00BF802043205F
:100BA000D022432008B505F03DF9094B53F8202029
:100BB0003AB9EFF31082D10700D472B6054941F873
:100BC000202053F82020013243F8202008BD00BF28
:100BD000F02343206020432008B505F023F9084B9B
:100BE00053F82020013A43F82020064A52F82020EA
:100BF000D20703D453F8203003B962B608BD00BF52
:100C0000F02343206020432008B505F00BF9094B81
:100C100053F820203AB9EFF31082D10700D472B60E
:100C2000054941F8202053F82020013243F82020C4
:100C300008BD00BF102143203024432008B505F033
:100C4000F1F8084B53F82020013A43F82020064AD7
:100C500052F82020D20703D453F8203003B962B6EB
:100C600008BD00BF102143203024432008B505F003
:100C7000D9F8094B53F820203AB9EFF31082D10785
:100C800000D472B6054941F8202053F820200132E3
:100C900043F8202008BD00BFD01D432090224320F0
:100CA00008B505F0BFF8084B53F82020013A43F887
:100CB0002020064A52F82020D20703D453F82030CF
:100CC00003B962B608BD00BFD01D43209022432067
:100CD00008B505F0A7F8094B53F820203AB9EFF30F
:100CE0001082D10700D472B6054941F8202053F88C
:100CF0002020013243F8202008BD00BF702043208F
:100D0000D021432008B505F08DF8084B53F820207A
:100D1000013A43F82020064A52F82020D20703D493
:100D200053F8203003B962B608BD00BF70204320DD
:100D3000D021432008B505F075F8094B53F8202061
:100D40003AB9EFF31082D10700D472B6054941F8E1
:100D5000202053F82020013243F8202008BD00BF96
:100D6000A02443200020432008B505F05BF8084B81
:100D700053F82020013A43F82020064A52F8202058
:100D8000D20703D453F8203003B962B608BD00BFC0
:100D9000A02443200020432008B505F043F8094B68
:100DA00053F820203AB9EFF31082D10700D472B67D
:100DB000054941F8202053F82020013243F8202033
:100DC00008BD00BF00234320601E432008B505F086
:100DD00029F8084B53F82020013A43F82020064A0E
:100DE00052F82020D20703D453F8203003B962B65A
:100DF00008BD00BF00234320601E432008B505F056
:100E000011F8094B53F820203AB9EFF31082D107BB
:100E100000D472B6054941F8202053F82020013251
:100E200043F8202008BD00BF401E4320E02143209E
:100E300008B504F0F7FF084B53F82020013A43F8B7
:100E40002020064A52F82020D20703D453F820303D
:100E500003B962B608BD00BF401E4320E021432015
:100E600008B504F0DFFF094B53F820203AB9EFF33F
:100E70001082D10700D472B6054941F8202053F8FA
:100E80002020013243F8202008BD00BF1025432058
:100E9000401F432008B504F0C5FF084B53F820203D
:100EA000013A43F82020064A52F82020D20703D402
:100EB00053F8203003B962B608BD00BF10254320A7
:100EC000401F432008B504F0ADFF094B53F8202024
:100ED0003AB9EFF31082D10700D472B6054941F850
:100EE000202053F82020013243F8202008BD00BF05
:100EF00080234320B01D432008B504F093FF084B26
:100F000053F82020013A43F82020064A52F82020C6
:100F1000D20703D453F8203003B962B608BD00BF2E
:100F200080234320B01D432008B504F07BFF094B0C
:100F300053F820203AB9EFF31082D10700D472B6EB
:100F4000054941F8202053F82020013243F82020A1
:100F500008BD00BFB02143208021432008B504F024
:100F600061FF084B53F82020013A43F82020064A3D
:100F700052F82020D20703D453F8203003B962B6C8
:100F800008BD00BFB02143208021432008B504F0F4
:100F900049FF094B53F820203AB9EFF31082D107EB
:100FA00000D472B6054941F8202053F820200132C0
:100FB00043F8202008BD00BF20254320B01F432058
:100FC00008B504F02FFF084B53F82020013A43F8EE
:100FD0002020064A52F82020D20703D453F82030AC
:100FE00003B962B608BD00BF20254320B01F4320CF
:100FF00008B504F017FF094B53F820203AB9EFF376
:101000001082D10700D472B6054941F8202053F868
:101010002020013243F8202008BD00BF9023432048
:10102000C01D432008B504F0FDFE084B53F82020F6
:10103000013A43F82020064A52F82020D20703D470
:1010400053F8203003B962B608BD00BF9023432097
:10105000C01D432008B504F0E5FE094B53F82020DD
:101060003AB9EFF31082D10700D472B6054941F8BE
:10107000202053F82020013243F8202008BD00BF73
:10108000501F43204022432008B504F0CBFE084BFC
:1010900053F82020013A43F82020064A52F8202035
:1010A000D20703D453F8203003B962B608BD00BF9D
:1010B000501F43204022432008B504F0B3FE094BE3
:1010C00053F820203AB9EFF31082D10700D472B65A
:1010D000054941F8202053F82020013243F8202010
:1010E00008BD00BFA0234320301E432008B504F0F4
:1010F00099FE084B53F82020013A43F82020064A75
:1011000052F82020D20703D453F8203003B962B636
:1011100008BD00BFA0234320301E432008B504F0C3
:1011200081FE094B53F820203AB9EFF31082D10722
:1011300000D472B6054941F8202053F8202001322E
:1011400043F8202008BD00BF10204320E01D4320AD
:1011500008B504F067FE084B53F82020013A43F825
:101160002020064A52F82020D20703D453F820301A
:1011700003B962B608BD00BF10204320E01D432024
:1011800008B504F04FFE094B53F820203AB9EFF3AD
:101190001082D10700D472B6054941F8202053F8D7
:1011A0002020013243F8202008BD00BF701E4320DC
:1011B000B024432008B504F035FE084B53F8202036
:1011C000013A43F82020064A52F82020D20703D4DF
:1011D00053F8203003B962B608BD00BF701E43202B
:1011E000B024432008B504F01DFE094B53F820201D
:1011F0003AB9EFF31082D10700D472B6054941F82D
:10120000202053F82020013243F8202008BD00BFE1
:10121000602243201023432008B504F003FE084B4E
:1012200053F82020013A43F82020064A52F82020A3
:10123000D20703D453F8203003B962B608BD00BF0B
:10124000602243201023432008B504F0EBFD094B36
:1012500053F820203AB9EFF31082D10700D472B6C8
:10126000054941F8202053F82020013243F820207E
:1012700008BD00BF902043204021432008B504F062
:10128000D1FD084B53F82020013A43F82020064AAC
:1012900052F82020D20703D453F8203003B962B6A5
:1012A00008BD00BF902043204021432008B504F032
:1012B000B9FD094B53F820203AB9EFF31082D1075A
:1012C00000D472B6054941F8202053F8202001329D
:1012D00043F8202008BD00BF801E4320C0244320C7
:1012E00008B504F09FFD084B53F82020013A43F85D
:1012F0002020064A52F82020D20703D453F8203089
:1013000003B962B608BD00BF801E4320C02443203D
:1013100008B504F087FD094B53F820203AB9EFF3E4
:101320001082D10700D472B6054941F8202053F845
:101330002020013243F8202008BD00BF5025432063
:101340002023432008B504F06DFD084B53F82020FE
:10135000013A43F82020064A52F82020D20703D44D
:1013600053F8203003B962B608BD00BF50254320B2
:101370002023432008B504F055FD094B53F82020E5
:101380003AB9EFF31082D10700D472B6054941F89B
:10139000202053F82020013243F8202008BD00BF50
:1013A000A02043205021432008B504F03BFD084B0A
:1013B00053F82020013A43F82020064A52F8202012
:1013C000D20703D453F8203003B962B608BD00BF7A
:1013D000A02043205021432008B504F023FD094BF1
:1013E00053F820203AB9EFF31082D10700D472B637
:1013F000054941F8202053F82020013243F82020ED
:1014000008BD00BFF01E4320801F432008B504F034
:1014100009FD084B53F82020013A43F82020064AE2
:1014200052F82020D20703D453F8203003B962B613
:1014300008BD00BFF01E4320801F432008B504F004
:10144000F1FC094B53F820203AB9EFF31082D10791
:1014500000D472B6054941F8202053F8202001320B
:1014600043F8202008BD00BF6025432030234320DF
:1014700008B504F0D7FC084B53F82020013A43F894
:101480002020064A52F82020D20703D453F82030F7
:1014900003B962B608BD00BF602543203023432056
:1014A00008B504F0BFFC094B53F820203AB9EFF31C
:1014B0001082D10700D472B6054941F8202053F8B4
:1014C0002020013243F8202008BD00BFD023432054
:1014D0006021432008B504F0A5FC084B53F82020F8
:1014E000013A43F82020064A52F82020D20703D4BC
:1014F00053F8203003B962B608BD00BFD0234320A3
:101500006021432008B504F08DFC094B53F82020DE
:101510003AB9EFF31082D10700D472B6054941F809
:10152000202053F82020013243F8202008BD00BFBE
:10153000001F4320901F432008B504F073FC084BA4
:1015400053F82020013A43F82020064A52F8202080
:10155000D20703D453F8203003B962B608BD00BFE8
:10156000001F4320901F432008B504F05BFC094B8B
:1015700053F820203AB9EFF31082D10700D472B6A5
:10158000054941F8202053F82020013243F820205B
:1015900008BD00BF701D43204023432008B504F060
:1015A00041FC084B53F82020013A43F82020064A1A
:1015B00052F82020D20703D453F8203003B962B682
:1015C00008BD00BF701D43204023432008B504F030
:1015D00029FC094B53F820203AB9EFF31082D107C8
:1015E00000D472B6054941F8202053F8202001327A
:1015F00043F8202008BD00BFE02343207021432092
:1016000008B504F00FFC084B53F82020013A43F8CA
:101610002020064A52F82020D20703D453F8203065
:1016200003B962B608BD00BFE02343207021432008
:1016300008B504F0F7FB094B53F820203AB9EFF353
:101640001082D10700D472B6054941F8202053F822
:101650002020013243F8202008BD00BF2022432073
:10166000A01F432008B504F0DDFB084B53F82020F1
:10167000013A43F82020064A52F82020D20703D42A
:1016800053F8203003B962B608BD00BF20224320C2
:10169000A01F432008B504F0C5FB094B53F82020D8
:1016A0003AB9EFF31082D10700D472B6054941F878
:1016B000202053F82020013243F8202008BD00BF2D
:1016C000801D4320101E432008B504F0ABFB084BDF
:1016D00053F82020013A43F82020064A52F82020EF
:1016E000D20703D453F8203003B962B608BD00BF57
:1016F000801D4320101E432008B504F093FB094BC6
:1017000053F820203AB9EFF31082D10700D472B613
:10171000054941F8202053F82020013243F82020C9
:1017200008BD00BF50244320F021432008B504F039
:1017300079FB084B53F82020013A43F82020064A51
:1017400052F82020D20703D453F8203003B962B6F0
:1017500008BD00BF50244320F021432008B504F009
:1017600061FB094B53F820203AB9EFF31082D107FF
:1017700000D472B6054941F8202053F820200132E8
:1017800043F8202008BD00BFA02243202020432092
:1017900008B504F047FB084B53F82020013A43F802
:1017A0002020064A52F82020D20703D453F82030D4
:1017B00003B962B608BD00BFA02243202020432009
:1017C00008B504F02FFB094B53F820203AB9EFF38A
:1017D0001082D10700D472B6054941F8202053F891
:1017E0002020013243F8202008BD00BFD020432034
:1017F000201E432008B504F015FB084B53F82020A9
:10180000013A43F82020064A52F82020D20703D498
:1018100053F8203003B962B608BD00BFD020432082
:10182000201E432008B504F0FDFA094B53F8202090
:101830003AB9EFF31082D10700D472B6054941F8E6
:10184000202053F82020013243F8202008BD00BF9B
:1018500060244320F024432008B504F0E3FA084B49
:1018600053F82020013A43F82020064A52F820205D
:10187000D20703D453F8203003B962B608BD00BFC5
:1018800060244320F024432008B504F0CBFA094B30
:1018900053F820203AB9EFF31082D10700D472B682
:1018A000054941F8202053F82020013243F8202038
:1018B00008BD00BFB02243203020432008B504F00B
:1018C000B1FA084B53F82020013A43F82020064A89
:1018D00052F82020D20703D453F8203003B962B65F
:1018E00008BD00BFB02243203020432008B504F0DB
:1018F00099FA094B53F820203AB9EFF31082D10737
:1019000000D472B6054941F8202053F82020013256
:1019100043F8202008BD00BFE0204320901E432054
:1019200008B504F07FFA084B53F82020013A43F839
:101930002020064A52F82020D20703D453F8203042
:1019400003B962B608BD00BFE0204320901E4320CB
:1019500008B504F067FA094B53F820203AB9EFF3C1
:101960001082D10700D472B6054941F8202053F8FF
:101970002020013243F8202008BD00BF201F432053
:101980000025432008B504F04DFA084B53F82020F9
:10199000013A43F82020064A52F82020D20703D407
:1019A00053F8203003B962B608BD00BF201F4320A2
:1019B0000025432008B504F035FA094B53F82020E0
:1019C0003AB9EFF31082D10700D472B6054941F855
:1019D000202053F82020013243F8202008BD00BF0A
:1019E000C02243207023432008B504F01BFA084BA3
:1019F00053F82020013A43F82020064A52F82020CC
:101A0000D20703D453F8203003B962B608BD00BF33
:101A1000C02243207023432008B504F003FA094B89
:101A200053F820203AB9EFF31082D10700D472B6F0
:101A3000054941F8202053F82020013243F82020A6
:101A400008BD00BFF0204320A01E432008B504F0CD
:101A5000E9F9084B53F82020013A43F82020064AC0
:101A600052F82020D20703D453F8203003B962B6CD
:101A700008BD00BFF0204320A01E432008B504F09D
:101A8000D1F9094B53F820203AB9EFF31082D1076E
:101A900000D472B6054941F8202053F820200132C5
:101AA00043F8202008BD00BF301F4320702543208D
:101AB00008B504F0B7F9084B53F82020013A43F871
:101AC0002020064A52F82020D20703D453F82030B1
:101AD00003B962B608BD00BF301F43207025432004
:101AE00008B504F09FF9094B53F820203AB9EFF3F9
:101AF0001082D10700D472B6054941F8202053F86E
:101B00002020013243F8202008BD00BF001E4320E2
:101B1000A01D432008B504F085F9084B53F8202098
:101B2000013A43F82020064A52F82020D20703D475
:101B300053F8203003B962B608BD00BF001E432031
:101B4000A01D432008B504F06DF9094B53F820207F
:101B50003AB9EFF31082D10700D472B6054941F8C3
:101B6000202053F82020013243F8202008BD00BF78
:101B7000A02543204025432008B504F053F9084B25
:101B800053F82020013A43F82020064A52F820203A
:101B9000D20703D453F8203003B962B608BD00BFA2
:101BA000A02543204025432008B504F03BF9094B0C
:101BB00053F820203AB9EFF31082D10700D472B65F
:101BC000054941F8202053F82020013243F8202015
:101BD00008BD00BFE02443208024432008B504F062
:101BE00021F9084B53F82020013A43F82020064AF7
:101BF00052F82020D20703D453F8203003B962B63C
:101C000008BD00BFE02443208024432008B504F031
:101C100009F9094B53F820203AB9EFF31082D107A4
:101C200000D472B6054941F8202053F82020013233
:101C300043F8202008BD00BF20244320C0234320B8
:101C400008B504F0EFF8084B53F82020013A43F8A8
:101C50002020064A52F82020D20703D453F820301F
:101C600003B962B608BD00BF20244320C02343202F
:101C700008B504F0D7F8094B53F820203AB9EFF330
:101C80001082D10700D472B6054941F8202053F8DC
:101C90002020013243F8202008BD00BF60234320EC
:101CA000F022432008B504F0BDF8084B53F820207B
:101CB000013A43F82020064A52F82020D20703D4E4
:101CC00053F8203003B962B608BD00BF602343203B
:101CD000F022432008B504F0A5F8094B53F8202062
:101CE0003AB9EFF31082D10700D472B6054941F832
:101CF000202053F82020013243F8202008BD00BFE7
:101D0000802243201022432008B504F08BF8084BB2
:101D100053F82020013A43F82020064A52F82020A8
:101D2000D20703D453F8203003B962B608BD00BF10
:101D3000802243201022432008B504F073F8094B99
:101D400053F820203AB9EFF31082D10700D472B6CD
:101D5000054941F8202053F82020013243F8202083
:101D600008BD00BFA02143203021432008B504F066
:101D700059F8084B53F82020013A43F82020064A2E
:101D800052F82020D20703D453F8203003B962B6AA
:101D900008BD00BFA02143203021432008B504F036
:101DA00041F8094B53F820203AB9EFF31082D107DC
:101DB00000D472B6054941F8202053F820200132A2
:101DC00043F8202008BD00BFC020432050204320FE
:101DD00008B504F027F8084B53F82020013A43F8DF
:101DE0002020064A52F82020D20703D453F820308E
:101DF00003B962B608BD00BFC02043205020432075
:101E000008B504F00FF8094B53F820203AB9EFF366
:101E10001082D10700D472B6054941F8202053F84A
:101E20002020013243F8202008BD00BFE01F4320DE
:101E3000701F432008B503F0F5FF084B53F820202E
:101E4000013A43F82020064A52F82020D20703D452
:101E500053F8203003B962B608BD00BFE01F43202D
:101E6000701F432008B503F0DDFF094B53F8202015
:101E70003AB9EFF31082D10700D472B6054941F8A0
:101E8000202053F82020013243F8202008BD00BF55
:101E9000101F4320B01E432008B503F0C3FF084BBA
:101EA00053F82020013A43F82020064A52F8202017
:101EB000D20703D453F8203003B962B608BD00BF7F
:101EC000101F4320B01E432008B503F0ABFF094BA1
:101ED00053F820203AB9EFF31082D10700D472B63C
:101EE000054941F8202053F82020013243F82020F2
:101EF00008BD00BF501E4320F01D432008B503F06D
:101F000091FF084B53F82020013A43F82020064A5D
:101F100052F82020D20703D453F8203003B962B618
:101F200008BD00BF501E4320F01D432008B503F03C
:101F300079FF094B53F820203AB9EFF31082D1070B
:101F400000D472B6054941F8202053F82020013210
:101F500043F8202008BD00BF901D4320902543205A
:101F600008B503F05FFF084B53F82020013A43F80F
:101F70002020064A52F82020D20703D453F82030FC
:101F800003B962B608BD00BF901D432090254320D1
:101F900008B503F047FF094B53F820203AB9EFF397
:101FA0001082D10700D472B6054941F8202053F8B9
:101FB0002020013243F8202008BD00BF30254320F7
:101FC000D024432008B503F02DFF084B53F8202000
:101FD000013A43F82020064A52F82020D20703D4C1
:101FE00053F8203003B962B608BD00BF3025432046
:101FF000D024432008B503F015FF094B53F82020E7
:102000003AB9EFF31082D10700D472B6054941F80E
:10201000202053F82020013243F8202008BD00BFC3
:10202000702443201024432008B503F0FBFE084B26
:1020300053F82020013A43F82020064A52F8202085
:10204000D20703D453F8203003B962B608BD00BFED
:10205000702443201024432008B503F0E3FE094B0D
:1020600053F820203AB9EFF31082D10700D472B6AA
:10207000054941F8202053F82020013243F8202060
:1020800008BD00BFB02343205023432008B503F010
:10209000C9FE084B53F82020013A43F82020064A95
:1020A00052F82020D20703D453F8203003B962B687
:1020B00008BD00BFB02343205023432008B503F0E0
:1020C000B1FE094B53F820203AB9EFF31082D10743
:1020D00000D472B6054941F8202053F8202001327F
:1020E00043F8202008BD00BFE02243207022432097
:1020F00008B503F097FE084B53F82020013A43F847
:102100002020064A52F82020D20703D453F820306A
:1021100003B962B608BD00BFE0224320702243200D
:1021200008B503F07FFE094B53F820203AB9EFF3CE
:102130001082D10700D472B6054941F8202053F827
:102140002020013243F8202008BD00BF0022432098
:102150009021432008B503F065FE084B53F820207A
:10216000013A43F82020064A52F82020D20703D42F
:1021700053F8203003B962B608BD00BF00224320E7
:102180009021432008B503F04DFE094B53F8202061
:102190003AB9EFF31082D10700D472B6054941F87D
:1021A000202053F82020013243F8202008BD00BF32
:1021B00020214320B020432008B503F033FE084B14
:1021C00053F82020013A43F82020064A52F82020F4
:1021D000D20703D453F8203003B962B608BD00BF5C
:1021E00020214320B020432008B503F01BFE094BFB
:1021F00053F820203AB9EFF31082D10700D472B619
:10220000054941F8202053F82020013243F82020CE
:1022100008BD00BF40204320D01F432008B503F075
:1022200001FE084B53F82020013A43F82020064ACB
:1022300052F82020D20703D453F8203003B962B6F5
:1022400008BD00BF40204320D01F432008B503F045
:10225000E9FD094B53F820203AB9EFF31082D1077A
:1022600000D472B6054941F8202053F820200132ED
:1022700043F8202008BD00BF902A43204029432076
:1022800008B503F0CFFD084B53F82020013A43F87E
:102290002020064A52F82020D20703D453F82030D9
:1022A00003B962B608BD00BF902A432040294320ED
:1022B00008B503F0B7FD094B53F820203AB9EFF306
:1022C0001082D10700D472B6054941F8202053F896
:1022D0002020013243F8202008BD00BF40264320C3
:1022E0003027432008B503F09DFD084B53F820200C
:1022F000013A43F82020064A52F82020D20703D49E
:1023000053F8203003B962B608BD00BF4026432011
:102310003027432008B503F085FD094B53F82020F2
:102320003AB9EFF31082D10700D472B6054941F8EB
:10233000202053F82020013243F8202008BD00BFA0
:10234000502A43206027432008B503F06BFD084B5B
:1023500053F82020013A43F82020064A52F8202062
:10236000D20703D453F8203003B962B608BD00BFCA
:10237000502A43206027432008B503F053FD094B42
:1023800053F820203AB9EFF31082D10700D472B687
:10239000054941F8202053F82020013243F820203D
:1023A00008BD00BFD0294320C02A432008B503F050
:1023B00039FD084B53F82020013A43F82020064A03
:1023C00052F82020D20703D453F8203003B962B664
:1023D00008BD00BFD0294320C02A432008B503F020
:1023E00021FD094B53F820203AB9EFF31082D107B1
:1023F00000D472B6054941F8202053F8202001325C
:1024000043F8202008BD00BF702B432050264320F6
:1024100008B503F007FD084B53F82020013A43F8B4
:102420002020064A52F82020D20703D453F8203047
:1024300003B962B608BD00BF702B4320502643206D
:1024400008B503F0EFFC094B53F820203AB9EFF33D
:102450001082D10700D472B6054941F8202053F804
:102460002020013243F8202008BD00BF80294320EE
:10247000B026432008B503F0D5FC084B53F82020C4
:10248000013A43F82020064A52F82020D20703D40C
:1024900053F8203003B962B608BD00BF802943203D
:1024A000B026432008B503F0BDFC094B53F82020AB
:1024B0003AB9EFF31082D10700D472B6054941F85A
:1024C000202053F82020013243F8202008BD00BF0F
:1024D00000294320E029432008B503F0A3FC084B62
:1024E00053F82020013A43F82020064A52F82020D1
:1024F000D20703D453F8203003B962B608BD00BF39
:1025000000294320E029432008B503F08BFC094B48
:1025100053F820203AB9EFF31082D10700D472B6F5
:10252000054941F8202053F82020013243F82020AB
:1025300008BD00BFF0264320A02B432008B503F0C0
:1025400071FC084B53F82020013A43F82020064A3A
:1025500052F82020D20703D453F8203003B962B6D2
:1025600008BD00BFF0264320A02B432008B503F090
:1025700059FC094B53F820203AB9EFF31082D107E8
:1025800000D472B6054941F8202053F820200132CA
:1025900043F8202008BD00BFC0284320D025432099
:1025A00008B503F03FFC084B53F82020013A43F8EC
:1025B0002020064A52F82020D20703D453F82030B6
:1025C00003B962B608BD00BFC0284320D025432010
:1025D00008B503F027FC094B53F820203AB9EFF374
:1025E0001082D10700D472B6054941F8202053F873
:1025F0002020013243F8202008BD00BF402843209E
:10260000602B432008B503F00DFC084B53F8202045
:10261000013A43F82020064A52F82020D20703D47A
:1026200053F8203003B962B608BD00BF40284320EC
:10263000602B432008B503F0F5FB094B53F820202D
:102640003AB9EFF31082D10700D472B6054941F8C8
:10265000202053F82020013243F8202008BD00BF7D
:1026600010264320D02A432008B503F0DBFB084B9B
:1026700053F82020013A43F82020064A52F820203F
:10268000D20703D453F8203003B962B608BD00BFA7
:1026900010264320D02A432008B503F0C3FB094B82
:1026A00053F820203AB9EFF31082D10700D472B664
:1026B000054941F8202053F82020013243F820201A
:1026C00008BD00BFE0274320102B432008B503F0CE
:1026D000A9FB084B53F82020013A43F82020064A72
:1026E00052F82020D20703D453F8203003B962B641
:1026F00008BD00BFE0274320102B432008B503F09E
:1027000091FB094B53F820203AB9EFF31082D1071F
:1027100000D472B6054941F8202053F82020013238
:1027200043F8202008BD00BF102A432090284320F2
:1027300008B503F077FB084B53F82020013A43F823
:102740002020064A52F82020D20703D453F8203024
:1027500003B962B608BD00BF102A43209028432069
:1027600008B503F05FFB094B53F820203AB9EFF3AB
:102770001082D10700D472B6054941F8202053F8E1
:102780002020013243F8202008BD00BF70294320DB
:10279000202A432008B503F045FB084B53F82020BE
:1027A000013A43F82020064A52F82020D20703D4E9
:1027B00053F8203003B962B608BD00BF702943202A
:1027C000202A432008B503F02DFB094B53F82020A5
:1027D0003AB9EFF31082D10700D472B6054941F837
:1027E000202053F82020013243F8202008BD00BFEC
:1027F000002B4320B02B432008B503F013FB084BFC
:1028000053F82020013A43F82020064A52F82020AD
:10281000D20703D453F8203003B962B608BD00BF15
:10282000002B4320B02B432008B503F0FBFA094BE3
:1028300053F820203AB9EFF31082D10700D472B6D2
:10284000054941F8202053F82020013243F8202088
:1028500008BD00BF802643204027432008B503F071
:10286000E1FA084B53F82020013A43F82020064AA9
:1028700052F82020D20703D453F8203003B962B6AF
:1028800008BD00BF802643204027432008B503F041
:10289000C9FA094B53F820203AB9EFF31082D10757
:1028A00000D472B6054941F8202053F820200132A7
:1028B00043F8202008BD00BF10284320F028432003
:1028C00008B503F0AFFA084B53F82020013A43F85B
:1028D0002020064A52F82020D20703D453F8203093
:1028E00003B962B608BD00BF10284320F02843207A
:1028F00008B503F097FA094B53F820203AB9EFF3E3
:102900001082D10700D472B6054941F8202053F84F
:102910002020013243F8202008BD00BFA029432019
:10292000802A432008B503F07DFA084B53F8202095
:10293000013A43F82020064A52F82020D20703D457
:1029400053F8203003B962B608BD00BFA029432068
:10295000802A432008B503F065FA094B53F820207C
:102960003AB9EFF31082D10700D472B6054941F8A5
:10297000202053F82020013243F8202008BD00BF5A
:10298000302B43200026432008B503F04BFA084BB8
:1029900053F82020013A43F82020064A52F820201C
:1029A000D20703D453F8203003B962B608BD00BF84
:1029B000302B43200026432008B503F033FA094B9F
:1029C00053F820203AB9EFF31082D10700D472B641
:1029D000054941F8202053F82020013243F82020F7
:1029E00008BD00BFC02643209027432008B503F050
:1029F00019FA084B53F82020013A43F82020064AE0
:102A000052F82020D20703D453F8203003B962B61D
:102A100008BD00BFC02643209027432008B503F01F
:102A200001FA094B53F820203AB9EFF31082D1078D
:102A300000D472B6054941F8202053F82020013215
:102A400043F8202008BD00BF5028432030294320F0
:102A500008B503F0E7F9084B53F82020013A43F892
:102A60002020064A52F82020D20703D453F8203001
:102A700003B962B608BD00BF502843203029432067
:102A800008B503F0CFF9094B53F820203AB9EFF31A
:102A90001082D10700D472B6054941F8202053F8BE
:102AA0002020013243F8202008BD00BFA02743208A
:102AB0008028432008B503F0B5F9084B53F82020CF
:102AC000013A43F82020064A52F82020D20703D4C6
:102AD00053F8203003B962B608BD00BFA0274320D9
:102AE0008028432008B503F09DF9094B53F82020B6
:102AF0003AB9EFF31082D10700D472B6054941F814
:102B0000202053F82020013243F8202008BD00BFC8
:102B100000274320D027432008B503F083F9084B52
:102B200053F82020013A43F82020064A52F820208A
:102B3000D20703D453F8203003B962B608BD00BFF2
:102B400000274320D027432008B503F06BF9094B39
:102B500053F820203AB9EFF31082D10700D472B6AF
:102B6000054941F8202053F82020013243F8202065
:102B700008BD00BFD02843209026432008B503F0AD
:102B800051F9084B53F82020013A43F82020064A17
:102B900052F82020D20703D453F8203003B962B68C
:102BA00008BD00BFD02843209026432008B503F07D
:102BB00039F9094B53F820203AB9EFF31082D107C5
:102BC00000D472B6054941F8202053F82020013284
:102BD00043F8202008BD00BF602A4320202843205E
:102BE00008B503F01FF9084B53F82020013A43F8C9
:102BF0002020064A52F82020D20703D453F8203070
:102C000003B962B608BD00BF602A432020284320D4
:102C100008B503F007F9094B53F820203AB9EFF350
:102C20001082D10700D472B6054941F8202053F82C
:102C30002020013243F8202008BD00BFE0254320BA
:102C4000B029432008B503F0EDF8084B53F82020D5
:102C5000013A43F82020064A52F82020D20703D434
:102C600053F8203003B962B608BD00BFE025432009
:102C7000B029432008B503F0D5F8094B53F82020BC
:102C80003AB9EFF31082D10700D472B6054941F882
:102C9000202053F82020013243F8202008BD00BF37
:102CA00070274320402B432008B503F0BBF8084BA6
:102CB00053F82020013A43F82020064A52F82020F9
:102CC000D20703D453F8203003B962B608BD00BF61
:102CD00070274320402B432008B503F0A3F8094B8D
:102CE00053F820203AB9EFF31082D10700D472B61E
:102CF000054941F8202053F82020013243F82020D4
:102D000008BD00BF10294320D026432008B503F09A
:102D100089F8084B53F82020013A43F82020064A4E
:102D200052F82020D20703D453F8203003B962B6FA
:102D300008BD00BF10294320D026432008B503F06A
:102D400071F8094B53F820203AB9EFF31082D107FC
:102D500000D472B6054941F8202053F820200132F2
:102D600043F8202008BD00BFA02A4320602843204C
:102D700008B503F057F8084B53F82020013A43F800
:102D80002020064A52F82020D20703D453F82030DE
:102D900003B962B608BD00BFA02A432060284320C3
:102DA00008B503F03FF8094B53F820203AB9EFF388
:102DB0001082D10700D472B6054941F8202053F89B
:102DC0002020013243F8202008BD00BF20264320E8
:102DD000F029432008B503F025F8084B53F82020CC
:102DE000013A43F82020064A52F82020D20703D4A3
:102DF00053F8203003B962B608BD00BF2026432037
:102E0000F029432008B503F00DF8094B53F82020B2
:102E10003AB9EFF31082D10700D472B6054941F8F0
:102E2000202053F82020013243F8202008BD00BFA5
:102E3000B0274320802B432008B502F0F3FF084B56
:102E400053F82020013A43F82020064A52F8202067
:102E5000D20703D453F8203003B962B608BD00BFCF
:102E6000B0274320802B432008B502F0DBFF094B3D
:102E700053F820203AB9EFF31082D10700D472B68C
:102E8000054941F8202053F82020013243F8202042
:102E900008BD00BF502943201027432008B502F089
:102EA000C1FF084B53F82020013A43F82020064A7E
:102EB00052F82020D20703D453F8203003B962B669
:102EC00008BD00BF502943201027432008B502F059
:102ED000A9FF094B53F820203AB9EFF31082D1072C
:102EE00000D472B6054941F8202053F82020013261
:102EF00043F8202008BD00BFE02A4320A02843203B
:102F000008B502F08FFF084B53F82020013A43F830
:102F10002020064A52F82020D20703D453F820304C
:102F200003B962B608BD00BFE02A4320A0284320B1
:102F300008B502F077FF094B53F820203AB9EFF3B8
:102F40001082D10700D472B6054941F8202053F809
:102F50002020013243F8202008BD00BF6026432016
:102F6000302A432008B502F05DFF084B53F82020BB
:102F7000013A43F82020064A52F82020D20703D411
:102F800053F8203003B962B608BD00BF6026432065
:102F9000302A432008B502F045FF094B53F82020A2
:102FA0003AB9EFF31082D10700D472B6054941F85F
:102FB000202053F82020013243F8202008BD00BF14
:102FC000F0274320C025432008B502F02BFF084B13
:102FD00053F82020013A43F82020064A52F82020D6
:102FE000D20703D453F8203003B962B608BD00BF3E
:102FF000F0274320C025432008B502F013FF094BFA
:1030000053F820203AB9EFF31082D10700D472B6FA
:10301000054941F8202053F82020013243F82020B0
:1030200008BD00BF902943205027432008B502F077
:10303000F9FE084B53F82020013A43F82020064AB5
:1030400052F82020D20703D453F8203003B962B6D7
:1030500008BD00BF902943205027432008B502F047
:10306000E1FE094B53F820203AB9EFF31082D10763
:1030700000D472B6054941F8202053F820200132CF
:1030800043F8202008BD00BF202B4320E028432028
:1030900008B502F0C7FE084B53F82020013A43F868
:1030A0002020064A52F82020D20703D453F82030BB
:1030B00003B962B608BD00BF202B4320E02843209F
:1030C00008B502F0AFFE094B53F820203AB9EFF3F0
:1030D0001082D10700D472B6054941F8202053F878
:1030E0002020013243F8202008BD00BFA026432045
:1030F000702A432008B502F095FE084B53F82020B3
:10310000013A43F82020064A52F82020D20703D47F
:1031100053F8203003B962B608BD00BFA026432093
:10312000702A432008B502F07DFE094B53F8202099
:103130003AB9EFF31082D10700D472B6054941F8CD
:10314000202053F82020013243F8202008BD00BF82
:1031500030284320F025432008B502F063FE084BD9
:1031600053F82020013A43F82020064A52F8202044
:10317000D20703D453F8203003B962B608BD00BFAC
:1031800030284320F025432008B502F04BFE094BC0
:1031900053F820203AB9EFF31082D10700D472B669
:1031A000054941F8202053F82020013243F820201F
:1031B00008BD00BFC02943208027432008B502F086
:1031C00031FE084B53F82020013A43F82020064AEC
:1031D00052F82020D20703D453F8203003B962B646
:1031E00008BD00BFC02943208027432008B502F056
:1031F00019FE094B53F820203AB9EFF31082D1079A
:1032000000D472B6054941F8202053F8202001323D
:1032100043F8202008BD00BF502B43202029432025
:1032200008B502F0FFFD084B53F82020013A43F89F
:103230002020064A52F82020D20703D453F8203029
:1032400003B962B608BD00BF502B4320202943209C
:1032500008B502F0E7FD094B53F820203AB9EFF327
:103260001082D10700D472B6054941F8202053F8E6
:103270002020013243F8202008BD00BFE026432073
:10328000B02A432008B502F0CDFD084B53F82020AA
:10329000013A43F82020064A52F82020D20703D4EE
:1032A00053F8203003B962B608BD00BFE0264320C2
:1032B000B02A432008B502F0B5FD094B53F8202091
:1032C0003AB9EFF31082D10700D472B6054941F83C
:1032D000202053F82020013243F8202008BD00BFF1
:1032E000702843203026432008B502F09BFD084B90
:1032F00053F82020013A43F82020064A52F82020B3
:10330000D20703D453F8203003B962B608BD00BF1A
:10331000702843203026432008B502F083FD094B76
:1033200053F820203AB9EFF31082D10700D472B6D7
:10333000054941F8202053F82020013243F820208D
:1033400008BD00BF002A4320C027432008B502F073
:1033500069FD084B53F82020013A43F82020064A23
:1033600052F82020D20703D453F8203003B962B6B4
:1033700008BD00BF002A4320C027432008B502F043
:1033800051FD094B53F820203AB9EFF31082D107D1
:1033900000D472B6054941F8202053F820200132AC
:1033A00043F8202008BD00BF902B43206029432014
:1033B00008B502F037FD084B53F82020013A43F8D6
:1033C0002020064A52F82020D20703D453F8203098
:1033D00003B962B608BD00BF902B4320602943208B
:1033E00008B502F01FFD094B53F820203AB9EFF35E
:1033F0001082D10700D472B6054941F8202053F855
:103400002020013243F8202008BD00BF20274320A0
:10341000F02A432008B502F005FD084B53F82020A0
:10342000013A43F82020064A52F82020D20703D45C
:1034300053F8203003B962B608BD00BF20274320EF
:10344000F02A432008B502F0EDFC094B53F8202088
:103450003AB9EFF31082D10700D472B6054941F8AA
:10346000202053F82020013243F8202008BD00BF5F
:10347000B02843207026432008B502F0D3FC084B47
:1034800053F82020013A43F82020064A52F8202021
:10349000D20703D453F8203003B962B608BD00BF89
:1034A000B02843207026432008B502F0BBFC094B2E
:1034B00053F820203AB9EFF31082D10700D472B646
:1034C000054941F8202053F82020013243F82020FC
:1034D00008BD00BF402A43200028432008B502F061
:1034E000A1FC084B53F82020013A43F82020064A5B
:1034F00052F82020D20703D453F8203003B962B623
:1035000008BD00BF402A43200028432008B502F030
:1035100089FC094B53F820203AB9EFF31082D10708
:1035200000D472B6054941F8202053F8202001321A
:1035300043F8202008BD00BF002C4320102C43205E
:1035400008B502F06FFC084B53F82020013A43F80D
:103550002020064A52F82020D20703D453F8203006
:1035600003B962B608BD00BF002C4320102C4320D5
:1035700008B502F057FC094B53F820203AB9EFF395
:103580001082D10700D472B6054941F8202053F8C3
:103590002020013243F8202008BD00BFC02B43206B
:1035A000D02B432008B502F03DFC084B53F82020F7
:1035B000013A43F82020064A52F82020D20703D4CB
:1035C00053F8203003B962B608BD00BFC02B4320BA
:1035D000D02B432008B502F025FC094B53F82020DE
:1035E0003AB9EFF31082D10700D472B6054941F819
:1035F000202053F82020013243F8202008BD00BFCE
:10360000E02B4320F02B432008B502F00BFC084BC5
:1036100053F82020013A43F82020064A52F820208F
:10362000D20703D453F8203003B962B608BD00BFF7
:10363000E02B4320F02B432008B502F0F3FB094BAD
:1036400053F820203AB9EFF31082D10700D472B6B4
:10365000054941F8202053F82020013243F820206A
:1036600008BD00BFC02E4320002E432008B502F045
:10367000D9FB084B53F82020013A43F82020064A92
:1036800052F82020D20703D453F8203003B962B691
:1036900008BD00BFC02E4320002E432008B502F015
:1036A000C1FB094B53F820203AB9EFF31082D10740
:1036B00000D472B6054941F8202053F82020013289
:1036C00043F8202008BD00BF602C4320E02C43209D
:1036D00008B502F0A7FB084B53F82020013A43F845
:1036E0002020064A52F82020D20703D453F8203075
:1036F00003B962B608BD00BF602C4320E02C432014
:1037000008B502F08FFB094B53F820203AB9EFF3CC
:103710001082D10700D472B6054941F8202053F831
:103720002020013243F8202008BD00BF902E432006
:10373000002D432008B502F075FB084B53F82020FC
:10374000013A43F82020064A52F82020D20703D439
:1037500053F8203003B962B608BD00BF902E432055
:10376000002D432008B502F05DFB094B53F82020E3
:103770003AB9EFF31082D10700D472B6054941F887
:10378000202053F82020013243F8202008BD00BF3C
:10379000502E4320D02E432008B502F043FB084BA7
:1037A00053F82020013A43F82020064A52F82020FE
:1037B000D20703D453F8203003B962B608BD00BF66
:1037C000502E4320D02E432008B502F02BFB094B8E
:1037D00053F820203AB9EFF31082D10700D472B623
:1037E000054941F8202053F82020013243F82020D9
:1037F00008BD00BF302F4320702C432008B502F0D5
:1038000011FB084B53F82020013A43F82020064AC8
:1038100052F82020D20703D453F8203003B962B6FF
:1038200008BD00BF302F4320702C432008B502F0A4
:10383000F9FA094B53F820203AB9EFF31082D10777
:1038400000D472B6054941F8202053F820200132F7
:1038500043F8202008BD00BF202E4320A02C432089
:1038600008B502F0DFFA084B53F82020013A43F87C
:103870002020064A52F82020D20703D453F82030E3
:1038800003B962B608BD00BF202E4320A02C432000
:1038900008B502F0C7FA094B53F820203AB9EFF304
:1038A0001082D10700D472B6054941F8202053F8A0
:1038B0002020013243F8202008BD00BFE02D432026
:1038C000602E432008B502F0ADFA084B53F82020D3
:1038D000013A43F82020064A52F82020D20703D4A8
:1038E00053F8203003B962B608BD00BFE02D432075
:1038F000602E432008B502F095FA094B53F82020BA
:103900003AB9EFF31082D10700D472B6054941F8F5
:10391000202053F82020013243F8202008BD00BFAA
:10392000C02C4320402F432008B502F07BFA084BFF
:1039300053F82020013A43F82020064A52F820206C
:10394000D20703D453F8203003B962B608BD00BFD4
:10395000C02C4320402F432008B502F063FA094BE6
:1039600053F820203AB9EFF31082D10700D472B691
:10397000054941F8202053F82020013243F8202047
:1039800008BD00BFB02D4320202C432008B502F015
:1039900049FA084B53F82020013A43F82020064A00
:1039A00052F82020D20703D453F8203003B962B66E
:1039B00008BD00BFB02D4320202C432008B502F0E5
:1039C00031FA094B53F820203AB9EFF31082D107AE
:1039D00000D472B6054941F8202053F82020013266
:1039E00043F8202008BD00BF702D4320202F432026
:1039F00008B502F017FA084B53F82020013A43F8B3
:103A00002020064A52F82020D20703D453F8203051
:103A100003B962B608BD00BF702D4320202F43209C
:103A200008B502F0FFF9094B53F820203AB9EFF33B
:103A30001082D10700D472B6054941F8202053F80E
:103A40002020013243F8202008BD00BF502C432025
:103A5000E02E432008B502F0E5F9084B53F820208A
:103A6000013A43F82020064A52F82020D20703D416
:103A700053F8203003B962B608BD00BF502C432074
:103A8000E02E432008B502F0CDF9094B53F8202071
:103A90003AB9EFF31082D10700D472B6054941F864
:103AA000202053F82020013243F8202008BD00BF19
:103AB000402D4320002F432008B502F0B3F9084BF6
:103AC00053F82020013A43F82020064A52F82020DB
:103AD000D20703D453F8203003B962B608BD00BF43
:103AE000402D4320002F432008B502F09BF9094BDD
:103AF00053F820203AB9EFF31082D10700D472B600
:103B0000054941F8202053F82020013243F82020B5
:103B100008BD00BF702E4320A02D432008B502F041
:103B200081F9084B53F82020013A43F82020064A37
:103B300052F82020D20703D453F8203003B962B6DC
:103B400008BD00BF702E4320A02D432008B502F011
:103B500069F9094B53F820203AB9EFF31082D107E5
:103B600000D472B6054941F8202053F820200132D4
:103B700043F8202008BD00BF102E4320802E432094
:103B800008B502F04FF9084B53F82020013A43F8EA
:103B90002020064A52F82020D20703D453F82030C0
:103BA00003B962B608BD00BF102E4320802E43200B
:103BB00008B502F037F9094B53F820203AB9EFF372
:103BC0001082D10700D472B6054941F8202053F87D
:103BD0002020013243F8202008BD00BFF02E4320F2
:103BE000502F432008B502F01DF9084B53F8202050
:103BF000013A43F82020064A52F82020D20703D485
:103C000053F8203003B962B608BD00BFF02E432040
:103C1000502F432008B502F005F9094B53F8202036
:103C20003AB9EFF31082D10700D472B6054941F8D2
:103C3000202053F82020013243F8202008BD00BF87
:103C4000802C4320F02C432008B502F0EBF8084B01
:103C500053F82020013A43F82020064A52F8202049
:103C6000D20703D453F8203003B962B608BD00BFB1
:103C7000802C4320F02C432008B502F0D3F8094BE8
:103C800053F820203AB9EFF31082D10700D472B66E
:103C9000054941F8202053F82020013243F8202024
:103CA00008BD00BF502D4320D02D432008B502F0A1
:103CB000B9F8084B53F82020013A43F82020064A6F
:103CC00052F82020D20703D453F8203003B962B64B
:103CD00008BD00BF502D4320D02D432008B502F071
:103CE000A1F8094B53F820203AB9EFF31082D1071D
:103CF00000D472B6054941F8202053F82020013243
:103D000043F8202008BD00BF302E4320B02E4320B2
:103D100008B502F087F8084B53F82020013A43F821
:103D20002020064A52F82020D20703D453F820302E
:103D300003B962B608BD00BF302E4320B02E432029
:103D400008B502F06FF8094B53F820203AB9EFF3A9
:103D50001082D10700D472B6054941F8202053F8EB
:103D60002020013243F8202008BD00BF102F43203F
:103D7000402C432008B502F055F8084B53F820209A
:103D8000013A43F82020064A52F82020D20703D4F3
:103D900053F8203003B962B608BD00BF102F43208E
:103DA000402C432008B502F03DF8094B53F8202081
:103DB0003AB9EFF31082D10700D472B6054941F841
:103DC000202053F82020013243F8202008BD00BFF6
:103DD000B02C4320102D432008B502F023F8084BE7
:103DE00053F82020013A43F82020064A52F82020B8
:103DF000D20703D453F8203003B962B608BD00BF20
:103E0000B02C4320102D432008B502F00BF8094BCD
:103E100053F820203AB9EFF31082D10700D472B6DC
:103E2000054941F8202053F82020013243F8202092
:103E300008BD00BF802D4320F02D432008B501F0C0
:103E4000F1FF084B53F82020013A43F82020064A9E
:103E500052F82020D20703D453F8203003B962B6B9
:103E600008BD00BF802D4320F02D432008B501F090
:103E7000D9FF094B53F820203AB9EFF31082D1074C
:103E800000D472B6054941F8202053F820200132B1
:103E900043F8202008BD00BF202D4320902D432053
:103EA00008B501F0BFFF084B53F82020013A43F852
:103EB0002020064A52F82020D20703D453F820309D
:103EC00003B962B608BD00BF202D4320902D4320CA
:103ED00008B501F0A7FF094B53F820203AB9EFF3DA
:103EE0001082D10700D472B6054941F8202053F85A
:103EF0002020013243F8202008BD00BFD02C4320F1
:103F0000302D432008B501F08DFF084B53F82020D9
:103F1000013A43F82020064A52F82020D20703D461
:103F200053F8203003B962B608BD00BFD02C43203F
:103F3000302D432008B501F075FF094B53F82020C0
:103F40003AB9EFF31082D10700D472B6054941F8AF
:103F5000202053F82020013243F8202008BD00BF64
:103F6000C02D4320902C432008B501F05BFF084B87
:103F700053F82020013A43F82020064A52F8202026
:103F8000D20703D453F8203003B962B608BD00BF8E
:103F9000C02D4320902C432008B501F043FF094B6E
:103FA00053F820203AB9EFF31082D10700D472B64B
:103FB000054941F8202053F82020013243F8202001
:103FC00008BD00BFA02E4320602D432008B501F09E
:103FD00029FF084B53F82020013A43F82020064AD5
:103FE00052F82020D20703D453F8203003B962B628
:103FF00008BD00BFA02E4320602D432008B501F06E
:1040000011FF094B53F820203AB9EFF31082D10782
:1040100000D472B6054941F8202053F8202001321F
:1040200043F8202008BD00BF302C4320402E432001
:1040300008B501F0F7FE084B53F82020013A43F889
:104040002020064A52F82020D20703D453F820300B
:1040500003B962B608BD00BF302C4320402E432078
:1040600008B501F0DFFE094B53F820203AB9EFF311
:104070001082D10700D472B6054941F8202053F8C8
:104080002020013243F8202008BD00BF30324320F9
:104090007031432008B501F0C5FE084B53F82020CD
:1040A000013A43F82020064A52F82020D20703D4D0
:1040B00053F8203003B962B608BD00BF3032432048
:1040C0007031432008B501F0ADFE094B53F82020B4
:1040D0003AB9EFF31082D10700D472B6054941F81E
:1040E000202053F82020013243F8202008BD00BFD3
:1040F000A02F43203030432008B501F093FE084B39
:1041000053F82020013A43F82020064A52F8202094
:10411000D20703D453F8203003B962B608BD00BFFC
:10412000A02F43203030432008B501F07BFE094B1F
:1041300053F820203AB9EFF31082D10700D472B6B9
:10414000054941F8202053F82020013243F820206F
:1041500008BD00BF003243205030432008B501F0B5
:1041600061FE084B53F82020013A43F82020064A0C
:1041700052F82020D20703D453F8203003B962B696
:1041800008BD00BF003243205030432008B501F085
:1041900049FE094B53F820203AB9EFF31082D107BA
:1041A00000D472B6054941F8202053F8202001328E
:1041B00043F8202008BD00BFC031432040324320D7
:1041C00008B501F02FFE084B53F82020013A43F8C0
:1041D0002020064A52F82020D20703D453F820307A
:1041E00003B962B608BD00BFC0314320403243204E
:1041F00008B501F017FE094B53F820203AB9EFF348
:104200001082D10700D472B6054941F8202053F836
:104210002020013243F8202008BD00BFB0324320E7
:10422000B02F432008B501F0FDFD084B53F82020C6
:10423000013A43F82020064A52F82020D20703D43E
:1042400053F8203003B962B608BD00BFB032432036
:10425000B02F432008B501F0E5FD094B53F82020AD
:104260003AB9EFF31082D10700D472B6054941F88C
:10427000202053F82020013243F8202008BD00BF41
:1042800090314320E02F432008B501F0CBFD084BCF
:1042900053F82020013A43F82020064A52F8202003
:1042A000D20703D453F8203003B962B608BD00BF6B
:1042B00090314320E02F432008B501F0B3FD094BB6
:1042C00053F820203AB9EFF31082D10700D472B628
:1042D000054941F8202053F82020013243F82020DE
:1042E00008BD00BF40314320D031432008B501F064
:1042F00099FD084B53F82020013A43F82020064A44
:1043000052F82020D20703D453F8203003B962B604
:1043100008BD00BF40314320D031432008B501F033
:1043200081FD094B53F820203AB9EFF31082D107F1
:1043300000D472B6054941F8202053F820200132FC
:1043400043F8202008BD00BF10304320C032432076
:1043500008B501F067FD084B53F82020013A43F8F7
:104360002020064A52F82020D20703D453F82030E8
:1043700003B962B608BD00BF10304320C0324320ED
:1043800008B501F04FFD094B53F820203AB9EFF37F
:104390001082D10700D472B6054941F8202053F8A5
:1043A0002020013243F8202008BD00BF10314320F7
:1043B000602F432008B501F035FD084B53F820204D
:1043C000013A43F82020064A52F82020D20703D4AD
:1043D00053F8203003B962B608BD00BF1031432046
:1043E000602F432008B501F01DFD094B53F8202034
:1043F0003AB9EFF31082D10700D472B6054941F8FB
:10440000202053F82020013243F8202008BD00BFAF
:10441000D0304320A032432008B501F003FD084B03
:1044200053F82020013A43F82020064A52F8202071
:10443000D20703D453F8203003B962B608BD00BFD9
:10444000D0304320A032432008B501F0EBFC094BEB
:1044500053F820203AB9EFF31082D10700D472B696
:10446000054941F8202053F82020013243F820204C
:1044700008BD00BF902F43205032432008B501F003
:10448000D1FC084B53F82020013A43F82020064A7B
:1044900052F82020D20703D453F8203003B962B673
:1044A00008BD00BF902F43205032432008B501F0D3
:1044B000B9FC094B53F820203AB9EFF31082D10729
:1044C00000D472B6054941F8202053F8202001326B
:1044D00043F8202008BD00BFA030432070324320A5
:1044E00008B501F09FFC084B53F82020013A43F82F
:1044F0002020064A52F82020D20703D453F8203057
:1045000003B962B608BD00BFA0304320703243201B
:1045100008B501F087FC094B53F820203AB9EFF3B6
:104520001082D10700D472B6054941F8202053F813
:104530002020013243F8202008BD00BFE031432095
:104540000031432008B501F06DFC084B53F82020E2
:10455000013A43F82020064A52F82020D20703D41B
:1045600053F8203003B962B608BD00BFE0314320E4
:104570000031432008B501F055FC094B53F82020C9
:104580003AB9EFF31082D10700D472B6054941F869
:10459000202053F82020013243F8202008BD00BF1E
:1045A00080314320F031432008B501F03BFC084B3B
:1045B00053F82020013A43F82020064A52F82020E0
:1045C000D20703D453F8203003B962B608BD00BF48
:1045D00080314320F031432008B501F023FC094B22
:1045E00053F820203AB9EFF31082D10700D472B605
:1045F000054941F8202053F82020013243F82020BB
:1046000008BD00BF60324320D032432008B501F01E
:1046100009FC084B53F82020013A43F82020064AB1
:1046200052F82020D20703D453F8203003B962B6E1
:1046300008BD00BF60324320D032432008B501F0EE
:10464000F1FB094B53F820203AB9EFF31082D10760
:1046500000D472B6054941F8202053F820200132D9
:1046600043F8202008BD00BFC02F43204030432026
:1046700008B501F0D7FB084B53F82020013A43F866
:104680002020064A52F82020D20703D453F82030C5
:1046900003B962B608BD00BFC02F4320403043209D
:1046A00008B501F0BFFB094B53F820203AB9EFF3EE
:1046B0001082D10700D472B6054941F8202053F882
:1046C0002020013243F8202008BD00BFB030432035
:1046D0003031432008B501F0A5FB084B53F82020EA
:1046E000013A43F82020064A52F82020D20703D48A
:1046F00053F8203003B962B608BD00BFB030432084
:104700003031432008B501F08DFB094B53F82020D0
:104710003AB9EFF31082D10700D472B6054941F8D7
:10472000202053F82020013243F8202008BD00BF8C
:10473000A03143202032432008B501F073FB084B21
:1047400053F82020013A43F82020064A52F820204E
:10475000D20703D453F8203003B962B608BD00BFB6
:10476000A03143202032432008B501F05BFB094B08
:1047700053F820203AB9EFF31082D10700D472B673
:10478000054941F8202053F82020013243F8202029
:1047900008BD00BF80324320802F432008B501F0C0
:1047A00041FB084B53F82020013A43F82020064AE9
:1047B00052F82020D20703D453F8203003B962B650
:1047C00008BD00BF80324320802F432008B501F090
:1047D00029FB094B53F820203AB9EFF31082D10797
:1047E00000D472B6054941F8202053F82020013248
:1047F00043F8202008BD00BFF02F43207030432035
:1048000008B501F00FFB084B53F82020013A43F89C
:104810002020064A52F82020D20703D453F8203033
:1048200003B962B608BD00BFF02F432070304320AB
:1048300008B501F0F7FA094B53F820203AB9EFF325
:104840001082D10700D472B6054941F8202053F8F0
:104850002020013243F8202008BD00BFE030432073
:104860006031432008B501F0DDFA084B53F82020F1
:10487000013A43F82020064A52F82020D20703D4F8
:1048800053F8203003B962B608BD00BFE0304320C2
:104890006031432008B501F0C5FA094B53F82020D8
:1048A0003AB9EFF31082D10700D472B6054941F846
:1048B000202053F82020013243F8202008BD00BFFB
:1048C00080304320F030432008B501F0ABFA084BAC
:1048D00053F82020013A43F82020064A52F82020BD
:1048E000D20703D453F8203003B962B608BD00BF25
:1048F00080304320F030432008B501F093FA094B93
:1049000053F820203AB9EFF31082D10700D472B6E1
:10491000054941F8202053F82020013243F8202097
:1049200008BD00BF203043209030432008B501F07F
:1049300079FA084B53F82020013A43F82020064A20
:1049400052F82020D20703D453F8203003B962B6BE
:1049500008BD00BF203043209030432008B501F04F
:1049600061FA094B53F820203AB9EFF31082D107CE
:1049700000D472B6054941F8202053F820200132B6
:1049800043F8202008BD00BF20314320D02F432012
:1049900008B501F047FA084B53F82020013A43F8D4
:1049A0002020064A52F82020D20703D453F82030A2
:1049B00003B962B608BD00BF20314320D02F432089
:1049C00008B501F02FFA094B53F820203AB9EFF35C
:1049D0001082D10700D472B6054941F8202053F85F
:1049E0002020013243F8202008BD00BF10324320B0
:1049F000C030432008B501F015FA084B53F82020C9
:104A0000013A43F82020064A52F82020D20703D466
:104A100053F8203003B962B608BD00BF10324320FE
:104A2000C030432008B501F0FDF9094B53F82020B0
:104A30003AB9EFF31082D10700D472B6054941F8B4
:104A4000202053F82020013243F8202008BD00BF69
:104A5000702F4320B031432008B501F0E3F9084B33
:104A600053F82020013A43F82020064A52F820202B
:104A7000D20703D453F8203003B962B608BD00BF93
:104A8000702F4320B031432008B501F0CBF9094B1A
:104A900053F820203AB9EFF31082D10700D472B650
:104AA000054941F8202053F82020013243F8202006
:104AB00008BD00BF603043209032432008B501F0AC
:104AC000B1F9084B53F82020013A43F82020064A58
:104AD00052F82020D20703D453F8203003B962B62D
:104AE00008BD00BF603043209032432008B501F07C
:104AF00099F9094B53F820203AB9EFF31082D10706
:104B000000D472B6054941F8202053F82020013224
:104B100043F8202008BD00BF50314320003043201F
:104B200008B501F07FF9084B53F82020013A43F80B
:104B30002020064A52F82020D20703D453F8203010
:104B400003B962B608BD00BF503143200030432096
:104B500008B501F067F9094B53F820203AB9EFF393
:104B60001082D10700D472B6054941F8202053F8CD
:104B70002020013243F8202008BD00BF80354320AB
:104B8000C034432008B501F04DF9084B53F82020FC
:104B9000013A43F82020064A52F82020D20703D4D5
:104BA00053F8203003B962B608BD00BF80354320FA
:104BB000C034432008B501F035F9094B53F82020E3
:104BC0003AB9EFF31082D10700D472B6054941F823
:104BD000202053F82020013243F8202008BD00BFD8
:104BE00020334320A033432008B501F01BF9084BC4
:104BF00053F82020013A43F82020064A52F820209A
:104C0000D20703D453F8203003B962B608BD00BF01
:104C100020334320A033432008B501F003F9094BAA
:104C200053F820203AB9EFF31082D10700D472B6BE
:104C3000054941F8202053F82020013243F8202074
:104C400008BD00BF50354320C033432008B501F0F4
:104C5000E9F8084B53F82020013A43F82020064A8F
:104C600052F82020D20703D453F8203003B962B69B
:104C700008BD00BF50354320C033432008B501F0C4
:104C8000D1F8094B53F820203AB9EFF31082D1073D
:104C900000D472B6054941F8202053F82020013293
:104CA00043F8202008BD00BF103543209035432035
:104CB00008B501F0B7F8084B53F82020013A43F843
:104CC0002020064A52F82020D20703D453F820307F
:104CD00003B962B608BD00BF1035432090354320AC
:104CE00008B501F09FF8094B53F820203AB9EFF3CB
:104CF0001082D10700D472B6054941F8202053F83C
:104D00002020013243F8202008BD00BFF0354320A9
:104D10003033432008B501F085F8084B53F82020C4
:104D2000013A43F82020064A52F82020D20703D443
:104D300053F8203003B962B608BD00BFF0354320F8
:104D40003033432008B501F06DF8094B53F82020AB
:104D50003AB9EFF31082D10700D472B6054941F891
:104D6000202053F82020013243F8202008BD00BF46
:104D7000E03443206033432008B501F053F8084B7A
:104D800053F82020013A43F82020064A52F8202008
:104D9000D20703D453F8203003B962B608BD00BF70
:104DA000E03443206033432008B501F03BF8094B61
:104DB00053F820203AB9EFF31082D10700D472B62D
:104DC000054941F8202053F82020013243F82020E3
:104DD00008BD00BFA03443202035432008B501F0B2
:104DE00021F8084B53F82020013A43F82020064AC6
:104DF00052F82020D20703D453F8203003B962B60A
:104E000008BD00BFA03443202035432008B501F081
:104E100009F8094B53F820203AB9EFF31082D10773
:104E200000D472B6054941F8202053F82020013201
:104E300043F8202008BD00BF8033432000364320C4
:104E400008B500F0EFFF084B53F82020013A43F873
:104E50002020064A52F82020D20703D453F82030ED
:104E600003B962B608BD00BF80334320003643203B
:104E700008B500F0D7FF094B53F820203AB9EFF3FB
:104E80001082D10700D472B6054941F8202053F8AA
:104E90002020013243F8202008BD00BF7034432099
:104EA000E032432008B500F0BDFF084B53F8202046
:104EB000013A43F82020064A52F82020D20703D4B2
:104EC00053F8203003B962B608BD00BF70344320E8
:104ED000E032432008B500F0A5FF094B53F820202D
:104EE0003AB9EFF31082D10700D472B6054941F800
:104EF000202053F82020013243F8202008BD00BFB5
:104F000030344320E035432008B500F08BFF084BD8
:104F100053F82020013A43F82020064A52F8202076
:104F2000D20703D453F8203003B962B608BD00BFDE
:104F300030344320E035432008B500F073FF094BBF
:104F400053F820203AB9EFF31082D10700D472B69B
:104F5000054941F8202053F82020013243F8202051
:104F600008BD00BF10334320A035432008B500F032
:104F700059FF084B53F82020013A43F82020064AF5
:104F800052F82020D20703D453F8203003B962B678
:104F900008BD00BF10334320A035432008B500F002
:104FA00041FF094B53F820203AB9EFF31082D107A3
:104FB00000D472B6054941F8202053F82020013270
:104FC00043F8202008BD00BF00344320C0354320F3
:104FD00008B500F027FF084B53F82020013A43F8AA
:104FE0002020064A52F82020D20703D453F820305C
:104FF00003B962B608BD00BF00344320C03543206A
:1050000008B500F00FFF094B53F820203AB9EFF331
:105010001082D10700D472B6054941F8202053F818
:105020002020013243F8202008BD00BF3035432046
:105030006034432008B500F0F5FE084B53F82020FB
:10504000013A43F82020064A52F82020D20703D420
:1050500053F8203003B962B608BD00BF3035432095
:105060006034432008B500F0DDFE094B53F82020E2
:105070003AB9EFF31082D10700D472B6054941F86E
:10508000202053F82020013243F8202008BD00BF23
:10509000D03443204035432008B500F0C3FE084B10
:1050A00053F82020013A43F82020064A52F82020E5
:1050B000D20703D453F8203003B962B608BD00BF4D
:1050C000D03443204035432008B500F0ABFE094BF7
:1050D00053F820203AB9EFF31082D10700D472B60A
:1050E000054941F8202053F82020013243F82020C0
:1050F00008BD00BFB03543201036432008B500F08E
:1051000091FE084B53F82020013A43F82020064A2C
:1051100052F82020D20703D453F8203003B962B6E6
:1051200008BD00BFB03543201036432008B500F05D
:1051300079FE094B53F820203AB9EFF31082D107DA
:1051400000D472B6054941F8202053F820200132DE
:1051500043F8202008BD00BF40334320B033432034
:1051600008B500F05FFE084B53F82020013A43F8E1
:105170002020064A52F82020D20703D453F82030CA
:1051800003B962B608BD00BF40334320B0334320AB
:1051900008B500F047FE094B53F820203AB9EFF369
:1051A0001082D10700D472B6054941F8202053F887
:1051B0002020013243F8202008BD00BF10344320D6
:1051C0009034432008B500F02DFE084B53F8202002
:1051D000013A43F82020064A52F82020D20703D48F
:1051E00053F8203003B962B608BD00BF1034432025
:1051F0009034432008B500F015FE094B53F82020E9
:105200003AB9EFF31082D10700D472B6054941F8DC
:10521000202053F82020013243F8202008BD00BF91
:10522000F03443207035432008B500F0FBFD084BF7
:1052300053F82020013A43F82020064A52F8202053
:10524000D20703D453F8203003B962B608BD00BFBB
:10525000F03443207035432008B500F0E3FD094BDE
:1052600053F820203AB9EFF31082D10700D472B678
:10527000054941F8202053F82020013243F820202E
:1052800008BD00BFD03543200033432008B500F0EF
:10529000C9FD084B53F82020013A43F82020064A64
:1052A00052F82020D20703D453F8203003B962B655
:1052B00008BD00BFD03543200033432008B500F0BF
:1052C000B1FD094B53F820203AB9EFF31082D10712
:1052D00000D472B6054941F8202053F8202001324D
:1052E00043F8202008BD00BF70334320D033432053
:1052F00008B500F097FD084B53F82020013A43F819
:105300002020064A52F82020D20703D453F8203038
:1053100003B962B608BD00BF70334320D0334320C9
:1053200008B500F07FFD094B53F820203AB9EFF3A0
:105330001082D10700D472B6054941F8202053F8F5
:105340002020013243F8202008BD00BF4034432014
:10535000B034432008B500F065FD084B53F8202019
:10536000013A43F82020064A52F82020D20703D4FD
:1053700053F8203003B962B608BD00BF4034432063
:10538000B034432008B500F04DFD094B53F8202000
:105390003AB9EFF31082D10700D472B6054941F84B
:1053A000202053F82020013243F8202008BD00BF00
:1053B000E03343205034432008B500F033FD084B60
:1053C00053F82020013A43F82020064A52F82020C2
:1053D000D20703D453F8203003B962B608BD00BF2A
:1053E000E03343205034432008B500F01BFD094B47
:1053F00053F820203AB9EFF31082D10700D472B6E7
:10540000054941F8202053F82020013243F820209C
:1054100008BD00BF90334320F033432008B500F0AF
:1054200001FD084B53F82020013A43F82020064A9A
:1054300052F82020D20703D453F8203003B962B6C3
:1054400008BD00BF90334320F033432008B500F07F
:10545000E9FC094B53F820203AB9EFF31082D10749
:1054600000D472B6054941F8202053F820200132BB
:1054700043F8202008BD00BF803443205033432030
:1054800008B500F0CFFC084B53F82020013A43F850
:105490002020064A52F82020D20703D453F82030A7
:1054A00003B962B608BD00BF8034432050334320A7
:1054B00008B500F0B7FC094B53F820203AB9EFF3D8
:1054C0001082D10700D472B6054941F8202053F864
:1054D0002020013243F8202008BD00BF6035432062
:1054E0002034432008B500F09DFC084B53F82020E1
:1054F000013A43F82020064A52F82020D20703D46C
:1055000053F8203003B962B608BD00BF60354320B0
:105510002034432008B500F085FC094B53F82020C7
:105520003AB9EFF31082D10700D472B6054941F8B9
:10553000202053F82020013243F8202008BD00BF6E
:10554000F03243200035432008B500F06BFC084BD7
:1055500053F82020013A43F82020064A52F8202030
:10556000D20703D453F8203003B962B608BD00BF98
:10557000F032432000354320002330B51C4620FA8A
:1055800003F200FA03F1C3F10F05013302F0010247
:1055900001F40041082B02FA05F221FA05F142EA72
:1055A000010244EA0204EAD1A0B230BDF8B5071EF8
:1055B00006460D46144618BF0127C5F10F0504F035
:1055C00001043846EFF7C2FA0F2904FA05F48CBF3C
:1055D000002101210846EFF7B9FA012A8CBF002209
:1055E00001221046EFF7B2FA3846EFF7AFFA084655
:1055F000EFF7ACFA1046EFF7A9FAFBF7DFF83388BC
:1056000001229BB2AA4023EA020343EA040292B2B7
:105610003280BDE8F840FBF7EBB8054B81F00301A1
:1056200053F820301944012301F598510B7070474D
:10563000101E4020054B81F0030153F8203019441F
:10564000002301F598510B70704700BF101E4020D9
:1056500010B50446003818BF0120EFF777FA084666
:10566000FFF78AFF208010BD0246003808B518BF3A
:105670000120EFF76BFA1088BDE8084080B27BE7A5
:1056800010B50446003818BF0120EFF75FFA08464E
:10569000FFF772FF2388184380B2208010BD10B539
:1056A0000446003818BF0120EFF750FA0846FFF70C
:1056B00063FF23889BB223EA0000208010BD10B551
:1056C0000446003818BF0120EFF740FA0846FFF7FC
:1056D00053FF2388584080B2208010BD0246003816
:1056E00008B518BF0120EFF731FAB2F84000BDE865
:1056F000084080B240E70246003810B518BF0120CC
:105700000C46EFF723FA0F298CBF00200120EFF79A
:105710001DFAB2F8400080B2FFF72EFF0123A3402C
:1057200018402041C0B210BD0128F8B505468CBF15
:105730000020012017461A46EFF708FA0E290C46FA
:105740008CBF00200120EFF701FA1046FFF714FF8D
:1057500006463846FFF710FF054B40EA064053F86F
:10576000251001EB840101F5BC510860F8BD00BFB4
:10577000101E40200246003870B518BF0120EFF718
:10578000EFF95068DB288CBF00200120EFF7E8F923
:105790009368D06A022B17BFDB02002303F4006377
:1057A00043F4005302281EBF410501F400110B43CE
:1057B000916A02291EBF490401F400310B43516A6A
:1057C00002291EBF090401F480310B4391690229AB
:1057D0001EBF090201F480710B43D16902291EBF6B
:1057E000890101F040010B43116B02291EBFC9045E
:1057F00001F400210B43516902291EBF890301F402
:1058000080410B43116902291EBF490101F02001AB
:105810000B43D16801F00F041C4351B9012808D192
:1058200092F8BC10022904D09388244883F0030323
:105830001954136B012B1CD0D2E90013903341F89B
:1058400023401F4B516BD3F80C3641BB926B62B1B6
:10585000110449BF42F07F42134342F47F0242F4F5
:10586000794244BF42F081021340154AC2F80C3617
:1058700070BD02F1380302F17805124E53F8040F9F
:10588000102809D0196CB1F5BD7F05D800F00F00C4
:1058900001F5247146F821009D42EFD1CCE70804C0
:1058A00049BF41F07F410B4341F47F0141F479410D
:1058B00044BF41F081010B40C8E700BF00132940FD
:1058C00000C02A4000002940F8B5094B04460E46A6
:1058D00000251960C027074B1860A54201D10020A0
:1058E000F8BD07FB05600135FFF744FFF5E700BF92
:1058F000D81C4020DC1C402070B5044600381646F9
:105900000D4618BF0120EFF72BF90F298CBF00209F
:105910000120EFF725F9FEF7D5FB012E13D0022E5B
:1059200007D0AEB954F8253023F4006343F4005394
:1059300003E054F8253023F4005344F82530BDE843
:105940007040FEF7D9BB54F8253043F42053F4E7F8
:1059500000BEFDE7F8B5044600381E460D4618BFE8
:1059600001201746EFF7FCF80F2906F00F068CBF51
:1059700000200120EFF7F4F8FEF7D6FB54F82530AD
:1059800023F4001344F8253054F8253043EA4753F4
:1059900044F8253054F8253023F00F0344F825301F
:1059A00054F825301E4344F82560BDE8F840FEF762
:1059B000D5BB0F292DE9F04105468CBF0020012001
:1059C0000E4690461C46069FEFF7CAF8FEF7DEFB30
:1059D0005DB155F8263023F4002345F8263055F8FC
:1059E000263043EAC84345F82630102F10D0B4F5CE
:1059F000BD7F0DD8A30007F00F0703F1804303F527
:105A00002413D3F8402A22F00F021743C3F8407A38
:105A1000BDE8F041FEF7D4BB70B504460038164629
:105A20000D4618BF0120EFF79BF80F298CBF00200F
:105A30000120EFF795F8FEF7DBFB032E0FD8DFE828
:105A400006F002121D2254F8253023F4001344F806
:105A5000253054F8253043F4002344F82530BDE8C0
:105A60007040FEF7DFBB54F8253023F4002344F8E0
:105A7000253054F8253043F40013EEE754F8253070
:105A800043F42013E9E754F8253023F42013E4E726
:105A9000F8B5144B044600380D461A68124B18BF6F
:105AA00001201E68EFF75CF80F298CBF0020012051
:105AB000EFF756F80D4B23449B0901EB031300212C
:105AC000B14202D14FF0FF3009E01046C03252F827
:105AD000BC7C9F4204D1FFF74DFE54F82500F8BD71
:105AE0000131EDE7D81C4020DC1C4020C0FDD6BFB2
:105AF000F8B52E4B0546003816460C4619682C4B57
:105B000018BF01201A68EFF72BF80F2E8CBF00206A
:105B10000120EFF725F8274B4FF0000C2B449B0991
:105B200006EB031394453DD00F46C03151F8BC0C31
:105B3000984238D13A6807F17C0104F17C00C4E94D
:105B4000002397F8BC30402284F8BC30EFF7E8F926
:105B5000402207F13C0104F13C00EFF7E1F955F870
:105B6000263003F00F02E260C3F3401222619A0470
:105B70004CBFC3F3C0220222A260C3F38032626131
:105B8000C3F30022A261C3F38012E261C3F3404277
:105B9000A262C3F300426262C3F3C042C3F3405344
:105BA0002263E362F8BD0CF1010CBBE7D81C402076
:105BB000DC1C4020C0FDD6BF431E012B10B504469F
:105BC00001D900BEFDE7FEF70DFC064B012C1A685B
:105BD0000CBF42F0010242F00202BDE810401A6020
:105BE000FEF71ABC00402C40431E012B10B50446A2
:105BF00001D900BEFDE7FEF7F5FB064B012C1A6844
:105C00000CBF22F0010222F00202BDE810401A602F
:105C1000FEF702BC00402C40411E012901D900BE04
:105C2000FDE700EB8000010101F1402101F5301199
:105C30000A604B607047F8B506460D46F9B900BEDC
:105C4000FDE715F83320022A01D900BEFDE7144311
:105C50000133B342F5D1FEF7F7FB1D4A00212F1D9A
:105C60001368012023EA04031360B1420AD1184BE0
:105C70001A6814431C60BDE8F840FEF7FFBB00241F
:105C80002346E6E715F83130BBB157F831203F2AFB
:105C900013D8013B1F2ADBB203EB83034FEA031344
:105CA00003F1402303F5301309D9203AD3F854C047
:105CB00000FA02F242EA0C025A650131D5E7D3F844
:105CC00050C000FA02F242EA0C021A65F5E700BF82
:105CD00000402C40FEE7FEE7FEE7FEE7FEE7FEE7BA
:105CE000FEE7FEE7FEE7FEE74FF0E022D2F80C3DCC
:105CF00023F4E0631843C2F80C0D704743090122F6
:105D000000F01F004FF0E0214033824041F8232093
:105D100070474309012200F01F004FF0E02160337B
:105D2000824041F823207047090100F1E020C9B208
:105D300080F80014704700002DE9F8431F4B002540
:105D40001E68B54207D11E4C00262768B046BE42E9
:105D500021D1BDE8F883D3E90101DA680024521AA1
:105D600002F0030C9208A24209D101EB820100EB80
:105D700082020020844508D801350C33E1E751F850
:105D8000247040F824700134EDE711F8014B013024
:105D900002F8014BEEE7D4E9013500210136ED1A96
:105DA0001846083425F003024FEA9509EFF7D2F8B8
:105DB000AA0718BF40F82980C9E700BF5C8C4100E2
:105DC000A88C4100144B0C22F0B5144D1E6802FB48
:105DD0000533B54200D3F0BDD3E90101DA680024F0
:105DE000521A02F0030C9208A24209D101EB82017F
:105DF00000EB82020020844508D801350C33E8E727
:105E000051F8247040F824700134EDE711F8014B8B
:105E1000013002F8014BEEE75C8C4100030000000A
:105E20007047FEE7024B586800F00300704700BF60
:105E300000002640A64B00215A68F0B512F0030F6F
:105E40005C695869C4F3074408BF01254FEA106034
:105E500018BF00254B00013103F18043F02903F501
:105E60001813B3F8802892B242EA0502A3F88028FA
:105E7000F0D1984B0022082C97491A60974A1A646F
:105E8000974A5A600CBF974A974A09285A64974A1A
:105E90009A60974A9A64974ADA60974ADA644FF0B0
:105EA000D8521A61954A1A65954A5A610CBF954AAB
:105EB0008C4A5A65944A9A61944A42EA410294494A
:105EC0009A65944ADA61944A42EA4101D965934954
:105ED0001962934942EA41024FF0CE411A664FF0EF
:105EE00080425A628F4A5A668F4A9A6200229A66A4
:105EF000D9628E49D9664FF0D04119638C49196730
:105F00004FF0604159638B4959678B4999634FF052
:105F100088419A67D963DA67BFF34F8FBFF36F8FFA
:105F20004FF0E022D2F8141D8F0303D4D2F8142DC1
:105F3000D6036AD54FF0E0210022C1F8842DBFF3CB
:105F40004F8FD1F8802D43F6E075C2F3C904C2F338
:105F50004E32520102EA0507204647EA8076C1F830
:105F6000746FBFF34F8F0138F7D2203A12F1200F30
:105F7000F0D1D1F8842D42F00102C1F8842D002225
:105F8000C1F8502FBFF34F8FBFF36F8FC1F8842D2F
:105F9000BFF34F8FD1F8802D43F6E0754FF0E0212D
:105FA000C2F3C904C2F34E32520102EA0507204689
:105FB00047EA8076C1F8746FBFF34F8F0138F7D28C
:105FC000203A12F1200FF0D1D1F8842D42F00102D5
:105FD000C1F8842D0022C1F8502FBFF34F8FBFF3BB
:105FE0006F8FD1F8142D22F40032C1F8142DBFF3B5
:105FF0004F8FBFF36F8FD1F8142D22F48032C1F888
:10600000142DBFF34F8FBFF36F8F00224FF0E020AE
:10601000114603EB8204256CED070AD5C0F8981DE4
:10602000013153F82250C9B2C0F89C5D246CC0F80D
:10603000A04D0132102AECD14FF0E023D3F8942D7B
:1060400042F00302C3F8942DBFF34F8FBFF36F8F5D
:106050000022C3F8842DBFF34F8FD3F8802D43F671
:10606000E074C2F3C900C2F34E32520102EA0406E0
:10607000014646EA8175C3F8605FBFF34F8F01396F
:10608000F7D2203A12F1200FF0D1BFF34F8FD3F89F
:10609000142D42F48032C3F8142DBFF34F8FBFF399
:1060A0006F8FBFF34F8FBFF36F8F0022C3F8502F56
:1060B000BFF34F8FBFF36F8FD3F8142D42F400322C
:1060C000C3F8142DBFF34F8FBFF36F8FF0BD00BF28
:1060D0000000264080054020110000003F00041011
:1060E000000000001F0008031D000803000040001E
:1060F0002B000B070000001023000B1619000B16D5
:1061000000000020210008030000402001C00B0314
:106110000F0000000000432001000C130000442089
:106120000D0000002DC00413000060401300041394
:1061300035000F1727000413000080004FF0E02205
:10614000D2F8883D43F47003C2F8883DBFF34F8F07
:10615000BFF36F8F704700BF124970B50968124EC8
:10616000496CB07BF67B01EBC000104D01EBC60122
:106170000F4C406849682A688842236887BF22F02C
:10618000400223F0400322F0010223F0010384BF08
:1061900042F0010243F001032A602360BFF36F8FD6
:1061A00070BD00BF44194020B81840200040264070
:1061B0000040464038B50A4C0546236843F00103C9
:1061C000236063681A0407D5236823F00103236062
:1061D00063681B04FCD538BD002DF2D0A847F0E75A
:1061E00000C02E40000000005FF800F0E51C4020D9
:1061F00063274000010000001D2740000A00000046
:10620000192740006400000001020304010400009B
:106210000204000003040000040400000E0C0A083D
:1062200008001800200008001800200008001800CE
:1062300000000301020C101418203040000102037A
:106240000405060708090909090A0A0A0A0B0B0BC3
:106250000B0C0C0C0C0D0D0D0D0D0D0D0D0E0E0E71
:106260000E0E0E0E0E0E0E0E0E0E0E0E0E0F0F0F4B
:106270000F0F0F0F0F0F0F0F0F0F0F0F0F0504044E
:106280000100000000002940112233445566778840
:1062900000000000A01D40200000000000000000E1
:1062A00000000000000000000200000000000000EC
:1062B00000000000000000000000000000001616B2
:1062C00016000000000000000000000000000000B8
:1062D00000000000000000000000000000000000BE
:1062E000000000000000000000000000120000009C
:1062F0001F0000000000000000000000000000007F
:10630000000000000000000000000000000000008D
:10631000000000000000000000000000000000007D
:10632000000000000000000000000000000000006D
:10633000000000000000000002000000000000005B
:106340000000000000000000000000000000161621
:106350001600000000000000000000000000000027
:10636000000000000000000000000000000000002D
:106370000000000000000000000000001B00000002
:10638000000000000000000000000000000000000D
:1063900000000000000000000000000000000000FD
:1063A00000000000000000000000000000000000ED
:1063B00000000000000000000000000000000000DD
:1063C0000000000000000000000000000302010DBA
:1063D00015010002650003069869410070694100DB
:1063E00048694100E0684100E4674100D867410026
:1063F00000000000B86741008C644100000000000C
:106400003864410008644100000000000000000002
:1064100001000000006CDC02050000000024F40014
:106420000E000000006889090F00000000B4C404D9
:1064300010000000005A6202050000000000000089
:1064400000000000F4010000000000000024F4003F
:10645000000000000E00000000000000000000002E
:10646000F40100000000000000688909000000003D
:106470000F0000000000000000000000F401000018
:106480000000000000B4C404000000001700000079
:1064900001000000180000000100000019000000C9
:1064A000010000001A000000010000001C000000B4
:1064B000010000001D000000010000001E0000009F
:1064C000010000001F00000001000000210000008A
:1064D0000100000022000000010000002300000075
:1064E0000100000024000000010000002500000061
:1064F000010000002600000001000000270000004D
:106500000100000028000000010000002900000038
:10651000010000002A000000010000002B00000024
:10652000010000002C000000010000002D00000010
:10653000010000002E000000010000002F000000FC
:1065400001000000300000000100000031000000E8
:1065500001000000320000000100000033000000D4
:1065600001000000340000000100000035000000C0
:1065700001000000360000000100000037000000AC
:106580000100000038000000010000003900000098
:10659000010000003A000000010000003B00000084
:1065A000010000003C000000010000003D00000070
:1065B000010000003E000000010000003F0000005C
:1065C0000100000040000000010000004100000048
:1065D0000100000042000000010000004300000034
:1065E000010000004400000001000000460000001F
:1065F000010000004B000000010000004C00000002
:10660000010000004D000000010000004E000000ED
:1066100001000000500000000100000051000000D7
:1066200001000000520000000100000054000000C2
:1066300001000000550000000100000056000000AD
:106640000100000057000000010000005800000099
:106650000100000059000000010000005A00000085
:10666000010000005B000000010000005C00000071
:10667000010000005D000000010000005E0000005D
:10668000010000005F000000010000006000000049
:106690000100000061000000010000006200000035
:1066A0000100000063000000010000006400000021
:1066B000010000006500000001000000660000000D
:1066C00001000000670000000100000068000000F9
:1066D0000100000069000000010000006A000000E5
:1066E000010000006B000000010000006C000000D1
:1066F000010000006D000000010000006E000000BD
:10670000010000006F0000000100000070000000A8
:106710000100000071000000010000007200000094
:106720000100000073000000010000007400000080
:10673000010000007500000001000000760000006C
:106740000100000078000000010000007C00000053
:10675000010000007D000000010000007E0000003C
:10676000010000007F000000010000008000000028
:106770000100000081000000010000008300000013
:1067800001000000850000000100000086000000FC
:1067900001000000870000000100000089000000E7
:1067A000010000008A000000010000008B000000D2
:1067B00001000000000000000B00000000000000CD
:1067C00000000000000000000C00000000000000BD
:1067D00000000000000000000E00000001000000AA
:1067E0000E00000008000000020000000000000091
:1067F0000900000003000000000000000A00000083
:1068000003000000000000000E0000000100000076
:10681000000000000F000000020000000000000067
:106820001000000004000000000000001100000043
:106830000200000000000000120000000400000040
:106840000000000013000000040000000000000031
:10685000140000000100000000000000150000000E
:1068600002000000000000001B0000000200000009
:1068700000000000450000000100000000000000D2
:106880004700000001000000000000004900000077
:1068900001000000000000004F00000002000000A6
:1068A0000000000053000000020000000000000093
:1068B0007A000000010000000000000082000000DB
:1068C0000100000000000000840000000100000042
:1068D000000000008800000001000000000000002F
:1068E0000D00000009000000150000000500000078
:1068F0001B00000001000000450000000100000036
:1069000047000000010000004900000001000000F5
:106910004F000000010000005300000001000000D3
:106920007A000000010000007B000000060000006B
:10693000820000000100000084000000010000004F
:1069400088000000010000000700000001000000B6
:1069500005000000000200000000000078010100B6
:106960000000000000000000000000000000000027
:10697000050000000024F40001009D0000010C004F
:1069800000000000060000000080000001007D0003
:1069900000000000000000000100000001000001F4
:1069A00000000000020000000000000000000000E5
:1069B00004000000000000000000000010000000C3
:1069C00000000000000000000000000000000000C7
:1069D0000000000000000000000000002400000093
:1069E00000000000000000000000000000000000A7
:1069F0000600000005000000010000000200000089
:106A00000100000007000000050000000100000078
:106A10000400000001000000000000000000000071
:106A20000000000010000000000000000000000056
:106A30000000000000000000000000000000000056
:106A40000000000024000000000000000000000022
:106A5000000000000000000006000000050000002B
:106A6000010000000200000001000000070000001B
:106A7000050000000100000004000000010000000B
:106A800000000000000000000000000010000000F6
:106A900000000000000000000000000000000000F6
:106AA00000000000000000000000000024000000C2
:106AB00000000000000000000000000000000000D6
:106AC00006000000050000000100000002000000B8
:106AD00001000000070000000500000001000000A8
:106AE00004000000010000000000000000000000A1
:106AF0000000000001000000FC6A4100600000008E
:106B0000010A000061D64000010000000000000002
:106B10000100000000000000000000000100000073
:106B20000000000000002727131313260000204058
:106B3000001E4020386B410000000000006CDC02A9
:106B400000010000D9274000000000000000000004
:106B500001000000000029400000000002000000C9
:106B60000000000000000000000000000000000025
:106B70000200000000000000000000000000000013
:106B80000100000001000000000000000000000003
:106B900010000000100000001000000010000000B5
:106BA00010000000100000001000000010000000A5
:106BB0001000000010000000100000001000000095
:106BC0001000000010000000100000001000000085
:106BD00000000000000000000000000000000000B5
:106BE00000000000000000000000000000000000A5
:106BF0000000000000000000000000000000000095
:106C00000000000000000000000000000000000084
:106C100000000000000029401D00000002000000EC
:106C20000000000000000000000000000000000064
:106C30000200000000000000000000000000000052
:106C40000100000000000000000000000000000043
:106C50000000000000000000000000000000000034
:106C60000000000000000000000000000000000024
:106C70000000000000000000000000000000000014
:106C80000000000000000000000000000000000004
:106C900000000000000000000000000000000000F4
:106CA00000000000000000000000000000000000E4
:106CB00000000000000000000000000000000000D4
:106CC00000000000000000000000000000000000C4
:106CD00001000000000029401E000000020000002A
:106CE00000000000000000000000000000000000A4
:106CF0000200000000000000000000000000000092
:106D00000100000000000000000000000000000082
:106D10000000000000000000000000000000000073
:106D20000000000000000000000000000000000063
:106D30000000000000000000000000000000000053
:106D40000000000000000000000000000000000043
:106D50000000000000000000000000000000000033
:106D60000000000000000000000000000000000023
:106D70000000000000000000000000000000000013
:106D80000000000000000000000000000000000003
:106D900001000000000029401F0000000200000068
:106DA00000000000000000000000000000000000E3
:106DB00002000000000000000000000000000000D1
:106DC00001000000000000000000000000000000C2
:106DD00000000000000000000000000000000000B3
:106DE00000000000000000000000000000000000A3
:106DF0000000000000000000000000000000000093
:106E00000000000000000000000000000000000082
:106E10000000000000000000000000000000000072
:106E20000000000000000000000000000000000062
:106E30000000000000000000000000000000000052
:106E40000000000000000000000000000000000042
:106E50000100000000002940320000000200000094
:106E60000000000000000000000000000000000022
:106E70000200000000000000000000000000000010
:106E80000100000000000000000000000000000001
:106E900000000000000000000000000000000000F2
:106EA00000000000000000000000000000000000E2
:106EB00000000000000000000000000000000000D2
:106EC00000000000000000000000000000000000C2
:106ED00000000000000000000000000000000000B2
:106EE00000000000000000000000000000000000A2
:106EF0000000000000000000000000000000000092
:106F00000000000000000000000000000000000081
:106F100001000000000029401200000002000000F3
:106F2000040000000000000000000000000000005D
:106F3000020000000000000000000000000000004F
:106F40000100000000000000000000000000000040
:106F50000000000000000000000000000000000031
:106F60000000000000000000000000000000000021
:106F70000000000000000000000000000000000011
:106F80000000000000000000000000000000000001
:106F900000000000000000000000000000000000F1
:106FA00000000000000000000000000000000000E1
:106FB00000000000000000000000000000000000D1
:106FC00000000000000000000000000000000000C1
:106FD0000200000000002940130000000200000031
:106FE000040000000000000000000000000000009D
:106FF000020000000000000000000000000000008F
:10700000010000000000000000000000000000007F
:107010000000000000000000000000000000000070
:107020000000000000000000000000000000000060
:107030000000000000000000000000000000000050
:107040000000000000000000000000000000000040
:107050000000000000000000000000000000000030
:107060000000000000000000000000000000000020
:107070000000000000000000000000000000000010
:107080000000000000000000000000000000000000
:10709000020000000000294014000000020000006F
:1070A00000000000000000000000000000000000E0
:1070B00002000000000000000000000000000000CE
:1070C00000000000010000000000000000000000BF
:1070D000030000001000000010000000100000007D
:1070E0001000000010000000100000001000000060
:1070F0001000000010000000100000001000000050
:10710000100000001000000010000000100000003F
:10711000EF00000000000000000000000000000080
:10712000000000000000000000000000000000005F
:10713000000000000000000000000000000000004F
:10714000000000000000000000000000000000003F
:1071500002000000000029401500000002000000AD
:10716000040000000000000000000000000000001B
:10717000020000000000000000000000000000000D
:1071800001000000000000000000000000000000FE
:1071900000000000000000000000000000000000EF
:1071A00000000000000000000000000000000000DF
:1071B00000000000000000000000000000000000CF
:1071C00000000000000000000000000000000000BF
:1071D00000000000000000000000000000000000AF
:1071E000000000000000000000000000000000009F
:1071F000000000000000000000000000000000008F
:10720000000000000000000000000000000000007E
:1072100002000000000029406100000002000000A0
:10722000000000000000000000000000000000005E
:10723000020000000000000000000000000000004C
:10724000000000000100000000000000000000003D
:1072500010000000100000001000000010000000EE
:1072600010000000100000001000000010000000DE
:1072700010000000100000001000000010000000CE
:1072800010000000100000001000000010000000BE
:1072900000000000000000000000000000000000EE
:1072A00000000000000000000000000000000000DE
:1072B00000000000000000000000000000000000CE
:1072C00000000000000000000000000000000000BE
:1072D00002000000000029406000000002000000E1
:1072E000000000000000000000000000000000009E
:1072F000020000000000000000000000000000008C
:10730000000000000100000000000000000000007C
:10731000100000001000000010000000100000002D
:10732000100000001000000010000000100000001D
:10733000100000001000000010000000100000000D
:1073400010000000100000001000000010000000FD
:10735000000000000000000000000000000000002D
:10736000000000000000000000000000000000001D
:10737000000000000000000000000000000000000D
:1073800000000000000000000000000000000000FD
:1073900002000000000029408F00000002000000F1
:1073A00000000000000000000000000000000000DD
:1073B00002000000000000000000000000000000CB
:1073C00000000000010000000000000000000000BC
:1073D000100000001000000010000000100000006D
:1073E000100000001000000010000000100000005D
:1073F000100000001000000010000000100000004D
:10740000100000001000000010000000100000003C
:10741000000000000000000000000000000000006C
:10742000000000000000000000000000000000005C
:10743000000000000000000000000000000000004C
:10744000000000000000000000000000000000003C
:10745000020000000000294090000000020000002F
:10746000000000000000000000000000000000001C
:10747000020000000000000000000000000000000A
:1074800000000000010000000000000000000000FB
:1074900010000000100000001000000010000000AC
:1074A000100000001000000010000000100000009C
:1074B000100000001000000010000000100000008C
:1074C000100000001000000010000000100000007C
:1074D00000000000000000000000000000000000AC
:1074E000000000000000000000000000000000009C
:1074F000000000000000000000000000000000008C
:10750000000000000000000000000000000000007B
:1075100002000000000029400600000002000000F8
:10752000000000000000000000000000000000005B
:107530000200000000000000000000000000000049
:10754000000000000100000000000000000000003A
:1075500002000000100000001000000010000000F9
:1075600010000000100000001000000010000000DB
:1075700010000000100000001000000010000000CB
:1075800010000000100000001000000010000000BB
:1075900000000000000000000000000000000000EB
:1075A00000000000000000000000000000000000DB
:1075B00000000000000000000000000000000000CB
:1075C00000000000000000000000000000000000BB
:1075D0000200000000002940070000000200000037
:1075E0000400000000000000000000000000000097
:1075F0000200000000000000000000000000000089
:107600000100000000000000000000000000000079
:10761000000000000000000000000000000000006A
:10762000000000000000000000000000000000005A
:10763000000000000000000000000000000000004A
:10764000000000000000000000000000000000003A
:10765000000000000000000000000000000000002A
:10766000000000000000000000000000000000001A
:10767000000000000000000000000000000000000A
:1076800000000000000000000000000000000000FA
:107690000200000000002940480000000200000035
:1076A00003000000000000000000000000000000D7
:1076B00002000000000000000000000000000000C8
:1076C00001000000000000000000000000000000B9
:1076D00000000000000000000000000000000000AA
:1076E000000000000000000000000000000000009A
:1076F000000000000000000000000000000000008A
:107700000000000000000000000000000000000079
:107710000000000000000000000000000000000069
:107720000000000000000000000000000000000059
:107730000000000000000000000000000000000049
:107740000000000000000000000000000000000039
:107750000200000000002940490000000200000073
:107760000000000000000000000000000000000019
:107770000200000000000000000000000000000007
:1077800000000000010000000000000000000000F8
:1077900001000000100000001000000010000000B8
:1077A0001000000010000000100000001000000099
:1077B0001000000010000000100000001000000089
:1077C0001000000010000000100000001000000079
:1077D00001000000000000000000000000000000A8
:1077E0000000000000000000000000000000000099
:1077F0000000000000000000000000000000000089
:107800000000000000000000000000000000000078
:107810000200000000002940990000000200000062
:107820000000000000000000000000000000000058
:107830000200000000000000000000000000000046
:107840000000000001000000000000000000000037
:1078500003000000100000001000000010000000F5
:1078600010000000100000001000000010000000D8
:1078700010000000100000001000000010000000C8
:1078800010000000100000001000000010000000B8
:1078900002000000000000000000000000000000E6
:1078A00000000000000000000000000000000000D8
:1078B00000000000000000000000000000000000C8
:1078C00000000000000000000000000000000000B8
:1078D00002000000000029409800000002000000A3
:1078E0000300000000000000000000000000000095
:1078F0000200000000000000000000000000000086
:107900000100000000000000000000000000000076
:107910000000000000000000000000000000000067
:107920000000000000000000000000000000000057
:107930000000000000000000000000000000000047
:107940000000000000000000000000000000000037
:107950000000000000000000000000000000000027
:107960000000000000000000000000000000000017
:107970000000000000000000000000000000000007
:1079800000000000000000000000000000000000F7
:107990000200000000000A4000400A4000800A4047
:1079A000FF000000FFFFC700FFFFFFFFFF00000018
:1079B000FFFFC300FFFFFFFFFF000000FFFFC3004A
:1079C00000000000030302000F0000000F00000091
:1079D0000E00000000C02E40000108000001000061
:1079E000000109000002000000010A00000400007C
:1079F0000000000000000000000000000000000087
:107A00000000000000000000000000000000000076
:107A10000000000000000000000000000000000066
:107A20000000000000000000000101000200000052
:107A300001021C000000001001021D0000000020D7
:107A400002011A0000000004010300000100000010
:107A5000010100000100000001010100020000001E
:107A600001000300080000000100040010000000F5
:107A70000100050020000000010006004000000099
:107A80000100070080000000010008000001000064
:107A9000010009000002000001000A0000040000CB
:107AA00001000B000008000001000C0000100000A5
:107AB00001000D000020000001000E000040000049
:107AC00001000F0000800000020004001000000010
:107AD0000200050020000000020006004000000037
:107AE0000200070080000000020008000001000002
:107AF000020009000002000002000A000004000069
:107B000002000B000008000002000C000010000042
:107B100002000D000020000002000E0000400000E6
:107B200002000F00008000000200100000000100B1
:107B30000200110000000200020012000000040018
:107B400002001300000008000200140000001000F2
:107B50000200150000002000020016000000400096
:107B60000200170000008000010016000000400025
:107B70000000000000000000000000000000000005
:107B800000000000000000000201000001000000F1
:107B900000010200040000000001030008000000D2
:107BA0000001040010000000010017000000800028
:107BB00000000000000000000000000000000000C5
:107BC00000000000000000000000000000000000B5
:107BD00000000000000000000000000000000000A5
:107BE0000102010002000000010202000400000086
:107BF0000102030008000000010204001000000060
:107C00000102050020000000010206004000000003
:107C10000102090000020000000000000000000056
:107C20000000000000000000000000000000000054
:107C300001001F000000008000010600400000005D
:107C40000001070080000000010214000000100085
:107C50000102150000002000010216000000400093
:107C6000010217000000800001021800000000015E
:107C7000010219000000000202010F000080000054
:107C8000020110000000010001020A0000040000CF
:107C900001020B000008000001020C0000100000AF
:107CA00001020D000020000001020E000040000053
:107CB00001020F000080000001021000000001001E
:107CC0000102110000000200020103000800000090
:107CD0000201040010000000020105002000000065
:107CE00002010600400000000201070080000000C1
:107CF000020108000001000002010900000200006A
:107D000002010A0000040000010018000000000148
:107D10000000000000000000000000000000000063
:107D200000010C000010000000010D000020000008
:107D300001011F00000000800000000000000000A2
:107D40000000000000000000020113000000080015
:107D5000010102000400000001021B0000000008F5
:107D6000020117000000800002001800000000015E
:107D700001010A00000400000000000000000000F3
:107D800000000000000000000000000000000000F3
:107D900000000000000000000000000000000000E3
:107DA00000000000000000000103080000010000C6
:107DB00001001D000000002002001D000000002046
:107DC00000000000000000000000000000000000B3
:107DD000000000000000000001001C000000001076
:107DE000000000000000000001021F0000000080F1
:107DF000000100000100000001011100000002006C
:107E000001010D0000200000000000000000000043
:107E10000000000000000000000000000000000062
:107E20000000000000000000000000000000000052
:107E30000000000000000000000000000000000042
:107E40000000000000000000000000000000000032
:107E50000000000000000000000000000000000022
:107E60000000000000000000000000000000000012
:107E70000000000000000000000000000000000002
:107E800000000000000000000000000000000000F2
:107E900000000000000000000000000000000000E2
:107EA00000000000000000000000000000000000D2
:107EB00000000000000000000000000000000000C2
:107EC00000000000000000000000000000000000B2
:107ED00000000000000000000000000000000000A2
:107EE0000000000000000000000000000000000092
:107EF0000000000000000000000000000000000082
:107F00000000000000000000000000000000000071
:107F10000000000000000000000000000000000061
:107F20000000000000000000000000000000000051
:107F30000000000000000000000000000000000041
:107F40000000000000000000000000000000000031
:107F50000000000000000000000000000000000021
:107F60000000000000000000000000000000000011
:107F70000000000000000000000000000000000001
:107F800000000000000000000000000000000000F1
:107F900000000000000000000000000000000000E1
:107FA00000000000000000000000000000000000D1
:107FB00000000000000000000000000000000000C1
:107FC00000000000000000000000000000000000B1
:107FD00000000000000000000000000000000000A1
:107FE0000000000000000000000000000000000091
:107FF0000000000000000000000000000000000081
:108000000000000000000000000000000000000070
:108010000000000000000000000000000000000060
:108020000000000000000000000000000000000050
:108030000000000000000000000000000000000040
:108040000000000000000000000000000000000030
:108050000000000000000000000000000000000020
:108060000000000000000000000000000000000010
:108070000000000000000000000000000000000000
:1080800000000000000000000000000000000000F0
:1080900000000000000000000000000000000000E0
:1080A00000000000000000000000000000000000D0
:1080B00000000000000000000000000000000000C0
:1080C0000000000F18000000000000000000000089
:1080D0000000003F1800000000003F0010000000FA
:1080E0000000003F18000000000007001000000022
:1080F0000000001F1800000000003F0010000000FA
:108100000000001F1800000000003F0010000000E9
:108110000000001F1800000000003F0010000000D9
:10812000000000000000000000000000000000004F
:108130000000001F180000000000030010000000F5
:108140000000001F180000000000030010000000E5
:10815000000000000000000000000000000000001F
:108160000000000F180000000000070010000000D1
:108170000000001F180000000000010010000000B7
:108180000000001F180000000000010010000000A7
:1081900000000000000000000000000000000000DF
:1081A00000000000000000000000000000000000CF
:1081B0000000000F1800000000000F001000000079
:1081C0000000000F18000000000007001000000071
:1081D0000000000F1800000000000F001000000059
:1081E0000000000F18000000000007001000000051
:1081F0000000000F18000000000007001000000041
:108200000000000F18000000000007001000000030
:10821000000000000000000000000000000000005E
:108220000000000F18000000000007001000000010
:108230000000000F18000000000007001000000000
:10824000000000000000000000000000000000002E
:10825000000000000000000000000000000000001E
:10826000000000000000000000000000000000000E
:1082700000000000000000000000000000000000FE
:1082800000000000000000000000000000000000EE
:1082900000000000000000000000000000000000DE
:1082A00000000000000000000000000000000000CE
:1082B00000000000000000000000000000000000BE
:1082C00000000000000000000000000000000000AE
:1082D000000000000000000000000000000000009E
:1082E000000000000000000000000000000000008E
:1082F000000000000000000000000000000000007E
:10830000000000000000000000000000000000006D
:108310000000000007000000000000000100000055
:108320000100000001000000010000000200000048
:108330000200000003000000030000000300000032
:108340000300000004000000040000000000000022
:10835000000000000000000000000000000000001D
:10836000000000000000000000000000000000000D
:1083700000C12D4000C32D4000C52D40000000006D
:1083800010C12D4010C32D4010C52D40000000002D
:1083900030C12D4030C32D4030C52D4000000000BD
:1083A0000500000001000000F401000010000000C2
:1083B00000C02B408C0000008C000000F401000085
:1083C0008C000000000000008C0000008C00000009
:1083D000F40100008C000000000000000E0000000E
:1083E00005000000010000001000000060C02B40EC
:1083F0000F00000001000000F40100001000000068
:1084000080C02B401100000001000000F4010000BA
:1084100010000000A0C02B408C0000008C00000069
:10842000F40100008C0000000000000005000000C6
:108430008C0000008C0000000E0000000F00000007
:10844000110000008C00000000C02B400000000064
:108450000000000060C02B4080C02B40A0C02B401B
:108460000000000000002E4002000000000000009C
:108470000000000000402D4000C02C4000802D4036
:1084800000832D4040832D4080832D40C0832D40AC
:1084900000842D4040842D4080842D40C0842D4098
:1084A00000852D4040852D4080852D40C0852D4084
:1084B00000000000000000000000000000000000BC
:1084C00000000000000000000000000000000000AC
:1084D0000000000000000200000001000000030096
:1084E000000000000000000000000000000000008C
:1084F000000000000000000000000000000000007C
:108500000000000000000100000002000400000064
:1085100000000800090019001800000010001600F3
:1085200017001300000000000000320000000000EF
:10853000000000000000000000000000000000003B
:10854000000000000000000000000000000000002B
:10855000000000000000000000000000000000001B
:10856000000000000000000000000000000000000B
:1085700000000000000000000000000000000000FB
:1085800000000000000000000000000000000000EB
:1085900000000000000000000000000000000000DB
:1085A00000000000000000000000000000000000CB
:1085B00000000000000000000000000000000000BB
:1085C00000000100000000000000000200000000A8
:1085D0000000000000000000000000000003000098
:1085E0000000000000000100000000000000010287
:1085F000000000000000000001000000000000007A
:108600000003000000000000000004000000000063
:10861000070000050000000100000000000000004D
:108620000000000000000000000000000000030047
:10863000000000000000000616000000000003001B
:1086400006100000010000040007110000020000F5
:1086500000000912000003000005000713000004D9
:1086600000000000071400000500000000071700CC
:1086700000060000000001010006000000000000EC
:1086800000000000000000000100000000000000E9
:1086900000010000000001000000010000000002D5
:1086A00000000001000000000A00000001020005B7
:1086B000000000000001000000000B0000000100AD
:1086C0000000000C00000001000000000D00000090
:1086D00001000000000E000000000000000000008B
:1086E000000001000000000F000000010000000079
:1086F0001000000001000000001100000001000057
:108700000000120000000100000000130000000142
:10871000000000001400000001000000001500002F
:10872000000100000000160000000100000000171A
:10873000000000010000000018000000010000001F
:10874000001900000001000000001A0000000100F4
:108750000000001B00000001000000001C000000E1
:1087600001000000001D00000001000000001E00CC
:10877000000001000000001F0000000100000000D8
:1087800020000000010000000021000000010000A6
:108790000000220000000100000000230000000192
:1087A000000000002400000001000000002500007F
:1087B000000100000000260000000100000000276A
:1087C000000000010000000028000000010000007F
:1087D000002900000001000000002A000000010044
:1087E0000000002B00000001000000002C00000031
:1087F00001000000002D00000001000000002E001C
:10880000000001000000002F000000010000000037
:1088100030000000010000000031000000010000F5
:108820000000320000000203000700000000000109
:1088300000000000360000000204000900000000F3
:1088400000010000000036000000020500080000E2
:1088500000000001000000003600000001000000E0
:108860000037000000010000000038000000010097
:108870000000003900000001000000003A00000084
:10888000020700030000000000010000000041009A
:108890000000010000000042000000010000000094
:1088A0004300000002080004000000000001000076
:1088B000000044000000010000000045000000012D
:1088C000000000004600000001000000004700001A
:1088D0000001000000004B00000001000000004CFF
:1088E00000000001000000004D0000000100000039
:1088F000004E00000001000000004F0000000100D9
:1089000000000050000000010000000051000000C5
:1089100001000000005200000001000000005300B0
:1089200000000100000000540000000100000000F1
:10893000550000000100000000560000000100008A
:108940000000570000000100000000580000000176
:10895000000000005900000001000000005A000063
:108960000001000000005B00000001000000005C4E
:1089700000000001000000005D0000000100000098
:10898000005E00000001000000005F000000010028
:108990000000006000000001000000006100000015
:1089A0000100000000620000000100000000630000
:1089B0000000010000000064000000010000000051
:1089C00065000000010000000066000000010000DA
:1089D00000006900000001000000006A00000001C2
:1089E000000000006B00000001000000006E0000AD
:1089F0000001000000006E00000001000000006E99
:108A0000000000020A000A0000000000040000004C
:108A1000000000000001000000006F0000000100E5
:108A20000000007000000001000000007100000064
:108A3000010000000072000000010000000073004F
:108A4000000001000000007A000000020B0001009D
:108A50000000000001000000007B000000020C008C
:108A600002000000000001000000007C0000000186
:108A700000000000800000000100000000820000F3
:108A800000010F000B000000000001000000008347
:108A90000000000100000000840000000100000050
:108AA000008500000001000000000100000100003E
:108AB00000000100000000000003010204000000AB
:108AC00001000001000000000000000000000000A4
:108AD0000000000000000001000000000000010094
:108AE000000301020000000000000001020000007D
:108AF0000000000000000000000001010001000172
:108B00000104030301010102B97B4000097D40001B
:108B1000357C4000BB7B4000017C4000997D4000DB
:108B2000997D40009B7D4000E17D4000497E4000F2
:108B3000497E4000497E4000497E40001D80400043
:108B40004B7E4000B17F40009D7E4000C97E4000CA
:108B5000F17E4000497F4000798040007D804000E8
:108B60007D8040007F8040008580400087804000FD
:108B700089804000C1814000D9814000D9814000F6
:108B8000DB8140009D824000DD814000ED8140009E
:108B9000BD824000FD8140000D8240001D824000EA
:108BA000D9814000DB814000E1824000E382400047
:108BB000E5824000E18240009183400099834000BB
:108BC00015834000E78240006985400069854000C8
:108BD0006B854000698540006F85400071854000CD
:108BE000B9854000898640005D8640006F85400061
:108BF000E5864000E7864000D5884000D5884000E3
:108C0000D78840001D8A40001D8940001F89400010
:108C1000E98B40001D8B4000D5884000A98C4000A6
:108C2000004030400080304000C030400000314003
:108C300000403140008031400080354000C0354068
:108C4000000036400040364000C04B4000004C4021
:108C500000000B4000400B4000C02F400600000009
:108C6000E41C4020CC8C4100FC8D410000004320DE
:108C7000FC8D4100008E410000004420008E410028
:108C8000008E410000000020002040000824400029
:108C900000000000008E4100008E4100080400200A
:108CA000008E4100008E41000300000000004420BF
:108CB00000004420100043202036432000004020C4
:048CC000E41C402050
:088CC40080BFFE7F01000000EB
:108CCC001C4B1D4A1B68927B5B6C03EBC2031B4A5B
:108CDC005B6893421ED81A4A934224D9194A93428C
:108CEC0023D9194A934294BF032304231749CA6812
:108CFC0022F4F85242EA0323BFF34F8FBFF36F8F76
:108D0C00CA6822F40042CA60CB60BFF34F8FBFF336
:108D1C006F8F70470E4A934209D90E4A934294BF03
:108D2C0006230723E2E70123E0E70223DEE705231E
:108D3C00DCE700BF44194020B8184020C037F409C4
:108D4C008014EF0300E1F505406BED0700C02E40E9
:108D5C0000C2EB0B404CE30D0000000008000000CB
:108D6C0000010000000000000800000000010000ED
:108D7C0035734000FF000000A01D402000000000E3
:108D8C0000000000000000000000000000000000D7
:108D9C0000000000000000000000000000000000C7
:108DAC0000000000000000000000000000000000B7
:108DBC0000000000000000000000000000000000A7
:108DCC000000000000000000000000000000000097
:108DDC00000000000000000000000000080000007F
:108DEC00000000000100000002000000000029400B
:048DFC000000000073
:040000050040242172
:00000001FF
