time_ms,missed_ticks,min_cell_mV,max_cell_mV,max_temp_dC,soc_min_x10,soc_max_x10,cell_valid,temp_valid,soc_min_valid,soc_max_valid,override,init_source,D_table,D_factor,D_final,R_table,R_factor,R_final,C_table,C_factor,C_final,mode,vlow,vhigh,thigh,tlow,inputs_valid
0.0,0,0,0,0,0,0,0,0,0,0,0,DEFAULT,0,0,0,0,0,0,0,0,0,0,0,0,0,0,0
10.1,0,0,0,0,0,0,0,0,0,0,0,DEFAULT,0,0,0,0,0,0,0,0,0,0,0,0,0,0,0
20.1,0,0,0,0,0,0,0,0,0,0,0,DEFAULT,0,0,0,0,0,0,0,0,0,0,0,0,0,0,0
30.1,0,0,0,0,0,0,0,0,0,0,0,DEFAULT,0,0,0,0,0,0,0,0,0,0,0,0,0,0,0
40.1,0,0,0,0,0,0,0,0,0,0,0,DEFAULT,0,0,0,0,0,0,0,0,0,0,0,0,0,0,0
50.1,0,0,0,0,0,0,0,0,0,0,0,DEFAULT,0,0,0,0,0,0,0,0,0,0,0,0,0,0,0
60.1,0,0,0,0,469,469,0,0,1,1,0,NVM,0,0,0,0,0,0,0,0,0,0,0,0,0,0,0
70.1,0,0,0,0,469,469,0,0,1,1,0,NVM,0,0,0,0,0,0,0,0,0,0,0,0,0,0,0
80.1,0,0,0,0,469,469,0,0,1,1,0,NVM,0,0,0,0,0,0,0,0,0,0,0,0,0,0,0
90.1,0,0,0,0,469,469,0,0,1,1,0,NVM,0,0,0,0,0,0,0,0,0,0,0,0,0,0,0
100.1,0,0,0,0,469,469,0,0,1,1,0,NVM,0,0,0,0,0,0,0,0,0,0,0,0,0,0,0
110.1,0,0,0,0,469,469,0,0,1,1,0,NVM,0,0,0,0,0,0,0,0,0,0,0,0,0,0,0
120.1,0,0,0,0,469,469,0,0,1,1,0,NVM,0,0,0,0,0,0,0,0,0,0,0,0,0,0,0
130.1,0,0,0,0,469,469,0,0,1,1,0,NVM,0,0,0,0,0,0,0,0,0,0,0,0,0,0,0
140.1,0,0,0,0,469,469,0,0,1,1,0,NVM,0,0,0,0,0,0,0,0,0,0,0,0,0,0,0
150.1,0,0,0,0,469,469,0,0,1,1,0,NVM,0,0,0,0,0,0,0,0,0,0,0,0,0,0,0
160.1,0,0,0,282,469,469,0,1,1,1,0,NVM,819,0,0,590,1000,0,556,1000,0,0,1,0,0,0,0
170.1,0,0,0,282,469,469,0,1,1,1,0,NVM,819,0,0,590,1000,0,556,1000,0,0,1,0,0,0,0
180.1,0,0,0,282,469,469,0,1,1,1,0,NVM,819,0,0,590,1000,0,556,1000,0,0,1,0,0,0,0
190.1,0,0,0,282,469,469,0,1,1,1,0,NVM,819,0,0,590,1000,0,556,1000,0,0,1,0,0,0,0
200.1,0,0,0,282,469,469,0,1,1,1,0,NVM,819,0,0,590,1000,0,556,1000,0,0,1,0,0,0,0
210.1,0,0,0,282,469,469,0,1,1,1,0,NVM,819,0,0,590,1000,0,556,1000,0,0,1,0,0,0,0
220.1,0,0,0,282,469,469,0,1,1,1,0,NVM,819,0,0,590,1000,0,556,1000,0,0,1,0,0,0,0
230.1,0,0,0,282,469,469,0,1,1,1,0,NVM,819,0,0,590,1000,0,556,1000,0,0,1,0,0,0,0
240.1,0,0,0,282,469,469,0,1,1,1,0,NVM,819,0,0,590,1000,0,556,1000,0,0,1,0,0,0,0
250.1,0,0,0,282,469,469,0,1,1,1,0,NVM,819,0,0,590,1000,0,556,1000,0,0,1,0,0,0,0
260.1,0,0,0,279,469,469,0,1,1,1,0,NVM,820,0,0,591,1000,0,557,1000,0,0,1,0,0,0,0
270.1,0,0,0,279,469,469,0,1,1,1,0,NVM,820,0,0,591,1000,0,557,1000,0,0,1,0,0,0,0
280.1,0,0,0,279,469,469,0,1,1,1,0,NVM,820,0,0,591,1000,0,557,1000,0,0,1,0,0,0,0
290.1,0,0,0,279,469,469,0,1,1,1,0,NVM,820,0,0,591,1000,0,557,1000,0,0,1,0,0,0,0
300.1,0,0,0,279,469,469,0,1,1,1,0,NVM,820,0,0,591,1000,0,557,1000,0,0,1,0,0,0,0
310.1,0,0,0,279,469,469,0,1,1,1,0,NVM,820,0,0,591,1000,0,557,1000,0,0,1,0,0,0,0
320.1,0,0,0,279,469,469,0,1,1,1,0,NVM,820,0,0,591,1000,0,557,1000,0,0,1,0,0,0,0
330.1,0,0,0,279,469,469,0,1,1,1,0,NVM,820,0,0,591,1000,0,557,1000,0,0,1,0,0,0,0
340.1,0,0,0,279,469,469,0,1,1,1,0,NVM,820,0,0,591,1000,0,557,1000,0,0,1,0,0,0,0
350.1,0,0,0,279,469,469,0,1,1,1,0,NVM,820,0,0,591,1000,0,557,1000,0,0,1,0,0,0,0
360.1,0,3632,3773,279,469,469,1,1,1,1,0,NVM,820,1000,820,591,1000,591,557,1000,0,0,0,0,0,0,1
370.1,0,3632,3773,279,469,469,1,1,1,1,0,NVM,820,1000,820,591,1000,591,557,1000,0,0,0,0,0,0,1
380.1,0,3632,3773,279,469,469,1,1,1,1,0,NVM,820,1000,820,591,1000,591,557,1000,0,0,0,0,0,0,1
390.1,0,3632,3773,279,469,469,1,1,1,1,0,NVM,820,1000,820,591,1000,591,557,1000,0,0,0,0,0,0,1
400.1,0,3632,3773,279,469,469,1,1,1,1,0,NVM,820,1000,820,591,1000,591,557,1000,0,0,0,0,0,0,1
410.1,0,3632,3773,279,469,469,1,1,1,1,0,NVM,820,1000,820,591,1000,591,557,1000,0,0,0,0,0,0,1
420.1,0,3632,3773,279,469,469,1,1,1,1,0,NVM,820,1000,820,591,1000,591,557,1000,0,0,0,0,0,0,1
430.1,0,3632,3773,279,469,469,1,1,1,1,0,NVM,820,1000,820,591,1000,591,557,1000,0,0,0,0,0,0,1
440.1,0,3632,3773,279,469,469,1,1,1,1,0,NVM,820,1000,820,591,1000,591,557,1000,0,0,0,0,0,0,1
450.1,0,3632,3773,279,469,469,1,1,1,1,0,NVM,820,1000,820,591,1000,591,557,1000,0,0,0,0,0,0,1
460.1,0,3632,3773,282,469,469,1,1,1,1,0,NVM,819,1000,819,590,1000,590,556,1000,0,0,0,0,0,0,1
470.1,0,3632,3773,282,469,469,1,1,1,1,0,NVM,819,1000,819,590,1000,590,556,1000,0,0,0,0,0,0,1
480.1,0,3632,3773,282,469,469,1,1,1,1,0,NVM,819,1000,819,590,1000,590,556,1000,0,0,0,0,0,0,1
490.1,0,3632,3773,282,469,469,1,1,1,1,0,NVM,819,1000,819,590,1000,590,556,1000,0,0,0,0,0,0,1
500.1,0,3632,3773,282,469,469,1,1,1,1,0,NVM,819,1000,819,590,1000,590,556,1000,0,0,0,0,0,0,1
510.1,0,3632,3773,282,469,469,1,1,1,1,0,NVM,819,1000,819,590,1000,590,556,1000,0,0,0,0,0,0,1
520.1,0,3632,3773,282,469,469,1,1,1,1,0,NVM,819,1000,819,590,1000,590,556,1000,0,0,0,0,0,0,1
530.1,0,3632,3773,282,469,469,1,1,1,1,0,NVM,819,1000,819,590,1000,590,556,1000,0,0,0,0,0,0,1
540.1,0,3632,3773,282,469,469,1,1,1,1,0,NVM,819,1000,819,590,1000,590,556,1000,0,0,0,0,0,0,1
550.1,0,3632,3773,282,469,469,1,1,1,1,0,NVM,819,1000,819,590,1000,590,556,1000,0,0,0,0,0,0,1
560.1,0,3631,3764,278,469,469,1,1,1,1,0,NVM,820,1000,820,591,1000,591,557,1000,0,0,0,0,0,0,1
570.1,0,3631,3764,278,469,469,1,1,1,1,0,NVM,820,1000,820,591,1000,591,557,1000,0,0,0,0,0,0,1
580.1,0,3631,3764,278,469,469,1,1,1,1,0,NVM,820,1000,820,591,1000,591,557,1000,0,0,0,0,0,0,1
590.1,0,3631,3764,278,469,469,1,1,1,1,0,NVM,820,1000,820,591,1000,591,557,1000,0,0,0,0,0,0,1
600.1,0,3631,3764,278,469,469,1,1,1,1,0,NVM,820,1000,820,591,1000,591,557,1000,0,0,0,0,0,0,1
610.1,0,3631,3764,278,469,469,1,1,1,1,0,NVM,820,1000,820,591,1000,591,557,1000,0,0,0,0,0,0,1
620.1,0,3631,3764,278,469,469,1,1,1,1,0,NVM,820,1000,820,591,1000,591,557,1000,0,0,0,0,0,0,1
630.1,0,3631,3764,278,469,469,1,1,1,1,0,NVM,820,1000,820,591,1000,591,557,1000,0,0,0,0,0,0,1
640.1,0,3631,3764,278,469,469,1,1,1,1,0,NVM,820,1000,820,591,1000,591,557,1000,0,0,0,0,0,0,1
650.1,0,3631,3764,278,469,469,1,1,1,1,0,NVM,820,1000,820,591,1000,591,557,1000,0,0,0,0,0,0,1
660.1,0,3631,3764,279,469,469,1,1,1,1,0,NVM,820,1000,820,591,1000,591,557,1000,0,0,0,0,0,0,1
670.1,0,3631,3764,279,469,469,1,1,1,1,0,NVM,820,1000,820,591,1000,591,557,1000,0,0,0,0,0,0,1
680.1,0,3631,3764,279,469,469,1,1,1,1,0,NVM,820,1000,820,591,1000,591,557,1000,0,0,0,0,0,0,1
690.1,0,3631,3764,279,469,469,1,1,1,1,0,NVM,820,1000,820,591,1000,591,557,1000,0,0,0,0,0,0,1
700.1,0,3631,3764,279,469,469,1,1,1,1,0,NVM,820,1000,820,591,1000,591,557,1000,0,0,0,0,0,0,1
710.1,0,3631,3764,279,469,469,1,1,1,1,0,NVM,820,1000,820,591,1000,591,557,1000,0,0,0,0,0,0,1
720.1,0,3631,3764,279,469,469,1,1,1,1,0,NVM,820,1000,820,591,1000,591,557,1000,0,0,0,0,0,0,1
730.1,0,3631,3764,279,469,469,1,1,1,1,0,NVM,820,1000,820,591,1000,591,557,1000,0,0,0,0,0,0,1
740.1,0,3631,3764,279,469,469,1,1,1,1,0,NVM,820,1000,820,591,1000,591,557,1000,0,0,0,0,0,0,1
750.1,0,3631,3764,279,469,469,1,1,1,1,0,NVM,820,1000,820,591,1000,591,557,1000,0,0,0,0,0,0,1
760.1,0,3630,3767,281,469,469,1,1,1,1,0,NVM,819,1000,819,590,1000,590,556,1000,0,0,0,0,0,0,1
770.1,0,3630,3767,281,469,469,1,1,1,1,0,NVM,819,1000,819,590,1000,590,556,1000,0,0,0,0,0,0,1
780.1,0,3630,3767,281,469,469,1,1,1,1,0,NVM,819,1000,819,590,1000,590,556,1000,0,0,0,0,0,0,1
790.1,0,3630,3767,281,469,469,1,1,1,1,0,NVM,819,1000,819,590,1000,590,556,1000,0,0,0,0,0,0,1
800.1,0,3630,3767,281,469,469,1,1,1,1,0,NVM,819,1000,819,590,1000,590,556,1000,0,0,0,0,0,0,1
810.1,0,3630,3767,281,469,469,1,1,1,1,0,NVM,819,1000,819,590,1000,590,556,1000,0,0,0,0,0,0,1
820.1,0,3630,3767,281,469,469,1,1,1,1,0,NVM,819,1000,819,590,1000,590,556,1000,0,0,0,0,0,0,1
830.1,0,3630,3767,281,469,469,1,1,1,1,0,NVM,819,1000,819,590,1000,590,556,1000,0,0,0,0,0,0,1
840.1,0,3630,3767,281,469,469,1,1,1,1,0,NVM,819,1000,819,590,1000,590,556,1000,0,0,0,0,0,0,1
850.1,0,3630,3767,281,469,469,1,1,1,1,0,NVM,819,1000,819,590,1000,590,556,1000,0,0,0,0,0,0,1
860.1,0,3630,3767,279,469,469,1,1,1,1,0,NVM,820,1000,820,591,1000,591,557,1000,0,0,0,0,0,0,1
870.1,0,3630,3767,279,469,469,1,1,1,1,0,NVM,820,1000,820,591,1000,591,557,1000,0,0,0,0,0,0,1
880.1,0,3630,3767,279,469,469,1,1,1,1,0,NVM,820,1000,820,591,1000,591,557,1000,0,0,0,0,0,0,1
890.1,0,3630,3767,279,469,469,1,1,1,1,0,NVM,820,1000,820,591,1000,591,557,1000,0,0,0,0,0,0,1
900.1,0,3630,3767,279,469,469,1,1,1,1,0,NVM,820,1000,820,591,1000,591,557,1000,0,0,0,0,0,0,1
910.1,0,3630,3767,279,469,469,1,1,1,1,0,NVM,820,1000,820,591,1000,591,557,1000,0,0,0,0,0,0,1
920.1,0,3630,3767,279,469,469,1,1,1,1,0,NVM,820,1000,820,591,1000,591,557,1000,0,0,0,0,0,0,1
930.1,0,3630,3767,279,469,469,1,1,1,1,0,NVM,820,1000,820,591,1000,591,557,1000,0,0,0,0,0,0,1
940.1,0,3630,3767,279,469,469,1,1,1,1,0,NVM,820,1000,820,591,1000,591,557,1000,0,0,0,0,0,0,1
950.1,0,3630,3767,279,469,469,1,1,1,1,0,NVM,820,1000,820,591,1000,591,557,1000,0,0,0,0,0,0,1
960.1,0,3630,3767,285,469,469,1,1,1,1,0,NVM,818,1000,818,589,1000,589,555,1000,0,0,0,0,0,0,1
970.1,0,3630,3767,285,469,469,1,1,1,1,0,NVM,818,1000,818,589,1000,589,555,1000,0,0,0,0,0,0,1
980.1,0,3630,3767,285,469,469,1,1,1,1,0,NVM,818,1000,818,589,1000,589,555,1000,0,0,0,0,0,0,1
990.1,0,3630,3767,285,469,469,1,1,1,1,0,NVM,818,1000,818,589,1000,589,555,1000,0,0,0,0,0,0,1
1000.1,0,3630,3767,285,469,469,1,1,1,1,0,NVM,818,1000,818,589,1000,589,555,1000,0,0,0,0,0,0,1
1010.1,0,3630,3767,285,469,469,1,1,1,1,0,NVM,818,1000,818,589,1000,589,555,1000,0,0,0,0,0,0,1
1020.1,0,3630,3767,285,469,469,1,1,1,1,0,NVM,818,1000,818,589,1000,589,555,1000,0,0,0,0,0,0,1
1030.1,0,3630,3767,285,469,469,1,1,1,1,0,NVM,818,1000,818,589,1000,589,555,1000,0,0,0,0,0,0,1
1040.1,0,3630,3767,285,469,469,1,1,1,1,0,NVM,818,1000,818,589,1000,589,555,1000,0,0,0,0,0,0,1
1050.1,0,3630,3767,285,469,469,1,1,1,1,0,NVM,818,1000,818,589,1000,589,555,1000,0,0,0,0,0,0,1
1060.1,0,3628,3756,285,469,469,1,1,1,1,0,NVM,818,1000,818,589,1000,589,555,1000,0,0,0,0,0,0,1
1070.1,0,3628,3756,285,469,469,1,1,1,1,0,NVM,818,1000,818,589,1000,589,555,1000,0,0,0,0,0,0,1
1080.1,0,3628,3756,285,469,469,1,1,1,1,0,NVM,818,1000,818,589,1000,589,555,1000,0,0,0,0,0,0,1
1090.1,0,3628,3756,285,469,469,1,1,1,1,0,NVM,818,1000,818,589,1000,589,555,1000,0,0,0,0,0,0,1
1100.1,0,3628,3756,285,469,469,1,1,1,1,0,NVM,818,1000,818,589,1000,589,555,1000,0,0,0,0,0,0,1
1110.1,0,3628,3756,285,469,469,1,1,1,1,0,NVM,818,1000,818,589,1000,589,555,1000,0,0,0,0,0,0,1
1120.1,0,3628,3756,285,469,469,1,1,1,1,0,NVM,818,1000,818,589,1000,589,555,1000,0,0,0,0,0,0,1
1130.1,0,3628,3756,285,469,469,1,1,1,1,0,NVM,818,1000,818,589,1000,589,555,1000,0,0,0,0,0,0,1
1140.1,0,3628,3756,285,469,469,1,1,1,1,0,NVM,818,1000,818,589,1000,589,555,1000,0,0,0,0,0,0,1
1150.1,0,3628,3756,285,469,469,1,1,1,1,0,NVM,818,1000,818,589,1000,589,555,1000,0,0,0,0,0,0,1
1160.1,0,3628,3756,282,469,469,1,1,1,1,0,NVM,819,1000,819,590,1000,590,556,1000,0,0,0,0,0,0,1
1170.1,0,3628,3756,282,469,469,1,1,1,1,0,NVM,819,1000,819,590,1000,590,556,1000,0,0,0,0,0,0,1
1180.1,0,3628,3756,282,469,469,1,1,1,1,0,NVM,819,1000,819,590,1000,590,556,1000,0,0,0,0,0,0,1
1190.1,0,3628,3756,282,469,469,1,1,1,1,0,NVM,819,1000,819,590,1000,590,556,1000,0,0,0,0,0,0,1
1200.1,0,3628,3756,282,469,469,1,1,1,1,0,NVM,819,1000,819,590,1000,590,556,1000,0,0,0,0,0,0,1
1210.1,0,3628,3756,282,469,469,1,1,1,1,0,NVM,819,1000,819,590,1000,590,556,1000,0,0,0,0,0,0,1
1220.1,0,3628,3756,282,469,469,1,1,1,1,0,NVM,819,1000,819,590,1000,590,556,1000,0,0,0,0,0,0,1
1230.1,0,3628,3756,282,469,469,1,1,1,1,0,NVM,819,1000,819,590,1000,590,556,1000,0,0,0,0,0,0,1
1240.1,0,3628,3756,282,469,469,1,1,1,1,0,NVM,819,1000,819,590,1000,590,556,1000,0,0,0,0,0,0,1
1250.1,0,3628,3756,282,469,469,1,1,1,1,0,NVM,819,1000,819,590,1000,590,556,1000,0,0,0,0,0,0,1
1260.1,0,3635,3753,282,469,469,1,1,1,1,0,NVM,819,1000,819,590,1000,590,556,1000,0,0,0,0,0,0,1
1270.1,0,3635,3753,282,469,469,1,1,1,1,0,NVM,819,1000,819,590,1000,590,556,1000,0,0,0,0,0,0,1
1280.1,0,3635,3753,282,469,469,1,1,1,1,0,NVM,819,1000,819,590,1000,590,556,1000,0,0,0,0,0,0,1
1290.1,0,3635,3753,282,469,469,1,1,1,1,0,NVM,819,1000,819,590,1000,590,556,1000,0,0,0,0,0,0,1
1300.1,0,3635,3753,282,469,469,1,1,1,1,0,NVM,819,1000,819,590,1000,590,556,1000,0,0,0,0,0,0,1
1310.1,0,3635,3753,282,469,469,1,1,1,1,0,NVM,819,1000,819,590,1000,590,556,1000,0,0,0,0,0,0,1
1320.1,0,3635,3753,282,469,469,1,1,1,1,0,NVM,819,1000,819,590,1000,590,556,1000,0,0,0,0,0,0,1
1330.1,0,3635,3753,282,469,469,1,1,1,1,0,NVM,819,1000,819,590,1000,590,556,1000,0,0,0,0,0,0,1
1340.1,0,3635,3753,282,469,469,1,1,1,1,0,NVM,819,1000,819,590,1000,590,556,1000,0,0,0,0,0,0,1
1350.1,0,3635,3753,282,469,469,1,1,1,1,0,NVM,819,1000,819,590,1000,590,556,1000,0,0,0,0,0,0,1
1360.1,0,3635,3753,284,469,469,1,1,1,1,0,NVM,818,1000,818,589,1000,589,555,1000,0,0,0,0,0,0,1
1370.1,0,3635,3753,284,469,469,1,1,1,1,0,NVM,818,1000,818,589,1000,589,555,1000,0,0,0,0,0,0,1
1380.1,0,3635,3753,284,469,469,1,1,1,1,0,NVM,818,1000,818,589,1000,589,555,1000,0,0,0,0,0,0,1
1390.1,0,3635,3753,284,469,469,1,1,1,1,0,NVM,818,1000,818,589,1000,589,555,1000,0,0,0,0,0,0,1
1400.1,0,3635,3753,284,469,469,1,1,1,1,0,NVM,818,1000,818,589,1000,589,555,1000,0,0,0,0,0,0,1
1410.1,0,3635,3753,284,469,469,1,1,1,1,0,NVM,818,1000,818,589,1000,589,555,1000,0,0,0,0,0,0,1
1420.1,0,3635,3753,284,469,469,1,1,1,1,0,NVM,818,1000,818,589,1000,589,555,1000,0,0,0,0,0,0,1
1430.1,0,3635,3753,284,469,469,1,1,1,1,0,NVM,818,1000,818,589,1000,589,555,1000,0,0,0,0,0,0,1
1440.1,0,3635,3753,284,469,469,1,1,1,1,0,NVM,818,1000,818,589,1000,589,555,1000,0,0,0,0,0,0,1
1450.1,0,3635,3753,284,469,469,1,1,1,1,0,NVM,818,1000,818,589,1000,589,555,1000,0,0,0,0,0,0,1
1460.1,0,3626,3770,282,469,469,1,1,1,1,0,NVM,819,1000,819,590,1000,590,556,1000,0,0,0,0,0,0,1
1470.1,0,3626,3770,282,469,469,1,1,1,1,0,NVM,819,1000,819,590,1000,590,556,1000,0,0,0,0,0,0,1
1480.1,0,3626,3770,282,469,469,1,1,1,1,0,NVM,819,1000,819,590,1000,590,556,1000,0,0,0,0,0,0,1
1490.1,0,3626,3770,282,469,469,1,1,1,1,0,NVM,819,1000,819,590,1000,590,556,1000,0,0,0,0,0,0,1
1500.1,0,3626,3770,282,469,469,1,1,1,1,0,NVM,819,1000,819,590,1000,590,556,1000,0,0,0,0,0,0,1
1510.1,0,3626,3770,282,469,469,1,1,1,1,0,NVM,819,1000,819,590,1000,590,556,1000,0,0,0,0,0,0,1
1520.1,0,3626,3770,282,469,469,1,1,1,1,0,NVM,819,1000,819,590,1000,590,556,1000,0,0,0,0,0,0,1
1530.1,0,3626,3770,282,469,469,1,1,1,1,0,NVM,819,1000,819,590,1000,590,556,1000,0,0,0,0,0,0,1
1540.1,0,3626,3770,282,469,469,1,1,1,1,0,NVM,819,1000,819,590,1000,590,556,1000,0,0,0,0,0,0,1
1550.1,0,3626,3770,282,469,469,1,1,1,1,0,NVM,819,1000,819,590,1000,590,556,1000,0,0,0,0,0,0,1
1560.1,0,3626,3770,283,469,469,1,1,1,1,0,NVM,819,1000,819,589,1000,589,555,1000,0,0,0,0,0,0,1
1570.1,0,3626,3770,283,469,469,1,1,1,1,0,NVM,819,1000,819,589,1000,589,555,1000,0,0,0,0,0,0,1
1580.1,0,3626,3770,283,469,469,1,1,1,1,0,NVM,819,1000,819,589,1000,589,555,1000,0,0,0,0,0,0,1
1590.1,0,3626,3770,283,469,469,1,1,1,1,0,NVM,819,1000,819,589,1000,589,555,1000,0,0,0,0,0,0,1
1600.1,0,3626,3770,283,469,469,1,1,1,1,0,NVM,819,1000,819,589,1000,589,555,1000,0,0,0,0,0,0,1
1610.1,0,3626,3770,283,469,469,1,1,1,1,0,NVM,819,1000,819,589,1000,589,555,1000,0,0,0,0,0,0,1
1620.1,0,3626,3770,283,469,469,1,1,1,1,0,NVM,819,1000,819,589,1000,589,555,1000,0,0,0,0,0,0,1
1630.1,0,3626,3770,283,469,469,1,1,1,1,0,NVM,819,1000,819,589,1000,589,555,1000,0,0,0,0,0,0,1
1640.1,0,3626,3770,283,469,469,1,1,1,1,0,NVM,819,1000,819,589,1000,589,555,1000,0,0,0,0,0,0,1
1650.1,0,3626,3770,283,469,469,1,1,1,1,0,NVM,819,1000,819,589,1000,589,555,1000,0,0,0,0,0,0,1
1660.1,0,3629,3759,281,469,469,1,1,1,1,0,NVM,819,1000,819,590,1000,590,556,1000,0,0,0,0,0,0,1
1670.1,0,3629,3759,281,469,469,1,1,1,1,0,NVM,819,1000,819,590,1000,590,556,1000,0,0,0,0,0,0,1
1680.1,0,3629,3759,281,469,469,1,1,1,1,0,NVM,819,1000,819,590,1000,590,556,1000,0,0,0,0,0,0,1
1690.1,0,3629,3759,281,469,469,1,1,1,1,0,NVM,819,1000,819,590,1000,590,556,1000,0,0,0,0,0,0,1
1700.1,0,3629,3759,281,469,469,1,1,1,1,0,NVM,819,1000,819,590,1000,590,556,1000,0,0,0,0,0,0,1
1710.1,0,3629,3759,281,469,469,1,1,1,1,0,NVM,819,1000,819,590,1000,590,556,1000,0,0,0,0,0,0,1
1720.1,0,3629,3759,281,469,469,1,1,1,1,0,NVM,819,1000,819,590,1000,590,556,1000,0,0,0,0,0,0,1
1730.1,0,3629,3759,281,469,469,1,1,1,1,0,NVM,819,1000,819,590,1000,590,556,1000,0,0,0,0,0,0,1
1740.1,0,3629,3759,281,469,469,1,1,1,1,0,NVM,819,1000,819,590,1000,590,556,1000,0,0,0,0,0,0,1
1750.1,0,3629,3759,281,469,469,1,1,1,1,0,NVM,819,1000,819,590,1000,590,556,1000,0,0,0,0,0,0,1
1760.1,0,3629,3759,282,469,469,1,1,1,1,0,NVM,819,1000,819,590,1000,590,556,1000,0,0,0,0,0,0,1
1770.1,0,3629,3759,282,469,469,1,1,1,1,0,NVM,819,1000,819,590,1000,590,556,1000,0,0,0,0,0,0,1
1780.1,0,3629,3759,282,469,469,1,1,1,1,0,NVM,819,1000,819,590,1000,590,556,1000,0,0,0,0,0,0,1
1790.1,0,3629,3759,282,469,469,1,1,1,1,0,NVM,819,1000,819,590,1000,590,556,1000,0,0,0,0,0,0,1
1800.1,0,3629,3759,282,469,469,1,1,1,1,0,NVM,819,1000,819,590,1000,590,556,1000,0,0,0,0,0,0,1
1810.1,0,3629,3759,282,469,469,1,1,1,1,0,NVM,819,1000,819,590,1000,590,556,1000,0,0,0,0,0,0,1
1820.1,0,3629,3759,282,469,469,1,1,1,1,0,NVM,819,1000,819,590,1000,590,556,1000,0,0,0,0,0,0,1
1830.1,0,3629,3759,282,469,469,1,1,1,1,0,NVM,819,1000,819,590,1000,590,556,1000,0,0,0,0,0,0,1
1840.1,0,3629,3759,282,469,469,1,1,1,1,0,NVM,819,1000,819,590,1000,590,556,1000,0,0,0,0,0,0,1
1850.1,0,3629,3759,282,469,469,1,1,1,1,0,NVM,819,1000,819,590,1000,590,556,1000,0,0,0,0,0,0,1
1860.1,0,3637,3771,279,469,469,1,1,1,1,0,NVM,820,1000,820,591,1000,591,557,1000,0,0,0,0,0,0,1
1870.1,0,3637,3771,279,469,469,1,1,1,1,0,NVM,820,1000,820,591,1000,591,557,1000,0,0,0,0,0,0,1
1880.1,0,3637,3771,279,469,469,1,1,1,1,0,NVM,820,1000,820,591,1000,591,557,1000,0,0,0,0,0,0,1
1890.1,0,3637,3771,279,469,469,1,1,1,1,0,NVM,820,1000,820,591,1000,591,557,1000,0,0,0,0,0,0,1
1900.1,0,3637,3771,279,469,469,1,1,1,1,0,NVM,820,1000,820,591,1000,591,557,1000,0,0,0,0,0,0,1
1910.1,0,3637,3771,279,469,469,1,1,1,1,0,NVM,820,1000,820,591,1000,591,557,1000,0,0,0,0,0,0,1
1920.1,0,3637,3771,279,469,469,1,1,1,1,0,NVM,820,1000,820,591,1000,591,557,1000,0,0,0,0,0,0,1
1930.1,0,3637,3771,279,469,469,1,1,1,1,0,NVM,820,1000,820,591,1000,591,557,1000,0,0,0,0,0,0,1
1940.1,0,3637,3771,279,469,469,1,1,1,1,0,NVM,820,1000,820,591,1000,591,557,1000,0,0,0,0,0,0,1
1950.1,0,3637,3771,279,469,469,1,1,1,1,0,NVM,820,1000,820,591,1000,591,557,1000,0,0,0,0,0,0,1
1960.1,0,3637,3771,282,469,469,1,1,1,1,0,NVM,819,1000,819,590,1000,590,556,1000,0,0,0,0,0,0,1
1970.1,0,3637,3771,282,469,469,1,1,1,1,0,NVM,819,1000,819,590,1000,590,556,1000,0,0,0,0,0,0,1
1980.1,0,3637,3771,282,469,469,1,1,1,1,0,NVM,819,1000,819,590,1000,590,556,1000,0,0,0,0,0,0,1
1990.1,0,3637,3771,282,469,469,1,1,1,1,0,NVM,819,1000,819,590,1000,590,556,1000,0,0,0,0,0,0,1
2000.1,0,3637,3771,282,469,469,1,1,1,1,0,NVM,819,1000,819,590,1000,590,556,1000,0,0,0,0,0,0,1
2010.1,0,3637,3771,282,469,469,1,1,1,1,0,NVM,819,1000,819,590,1000,590,556,1000,0,0,0,0,0,0,1
2020.1,0,3637,3771,282,469,469,1,1,1,1,0,NVM,819,1000,819,590,1000,590,556,1000,0,0,0,0,0,0,1
2030.1,0,3637,3771,282,469,469,1,1,1,1,0,NVM,819,1000,819,590,1000,590,556,1000,0,0,0,0,0,0,1
2040.1,0,3637,3771,282,469,469,1,1,1,1,0,NVM,819,1000,819,590,1000,590,556,1000,0,0,0,0,0,0,1
2050.2,0,3637,3771,282,469,469,1,1,1,1,0,NVM,819,1000,819,590,1000,590,556,1000,0,0,0,0,0,0,1
2060.1,0,3640,3759,281,469,469,1,1,1,1,0,NVM,819,1000,819,590,1000,590,556,1000,0,0,0,0,0,0,1
2070.1,0,3640,3759,281,469,469,1,1,1,1,0,NVM,819,1000,819,590,1000,590,556,1000,0,0,0,0,0,0,1
2080.1,0,3640,3759,281,469,469,1,1,1,1,0,NVM,819,1000,819,590,1000,590,556,1000,0,0,0,0,0,0,1
2090.1,0,3640,3759,281,469,469,1,1,1,1,0,NVM,819,1000,819,590,1000,590,556,1000,0,0,0,0,0,0,1
2100.1,0,3640,3759,281,469,469,1,1,1,1,0,NVM,819,1000,819,590,1000,590,556,1000,0,0,0,0,0,0,1
2110.1,0,3640,3759,281,469,469,1,1,1,1,0,NVM,819,1000,819,590,1000,590,556,1000,0,0,0,0,0,0,1
2120.1,0,3640,3759,281,469,469,1,1,1,1,0,NVM,819,1000,819,590,1000,590,556,1000,0,0,0,0,0,0,1
2130.1,0,3640,3759,281,469,469,1,1,1,1,0,NVM,819,1000,819,590,1000,590,556,1000,0,0,0,0,0,0,1
2140.1,0,3640,3759,281,469,469,1,1,1,1,0,NVM,819,1000,819,590,1000,590,556,1000,0,0,0,0,0,0,1
2150.1,0,3640,3759,281,469,469,1,1,1,1,0,NVM,819,1000,819,590,1000,590,556,1000,0,0,0,0,0,0,1
2160.1,0,3640,3759,286,469,469,1,1,1,1,0,NVM,818,1000,818,588,1000,588,554,1000,0,0,0,0,0,0,1
2170.1,0,3640,3759,286,469,469,1,1,1,1,0,NVM,818,1000,818,588,1000,588,554,1000,0,0,0,0,0,0,1
2180.1,0,3640,3759,286,469,469,1,1,1,1,0,NVM,818,1000,818,588,1000,588,554,1000,0,0,0,0,0,0,1
2190.1,0,3640,3759,286,469,469,1,1,1,1,0,NVM,818,1000,818,588,1000,588,554,1000,0,0,0,0,0,0,1
2200.1,0,3640,3759,286,469,469,1,1,1,1,0,NVM,818,1000,818,588,1000,588,554,1000,0,0,0,0,0,0,1
2210.1,0,3640,3759,286,469,469,1,1,1,1,0,NVM,818,1000,818,588,1000,588,554,1000,0,0,0,0,0,0,1
2220.1,0,3640,3759,286,469,469,1,1,1,1,0,NVM,818,1000,818,588,1000,588,554,1000,0,0,0,0,0,0,1
2230.1,0,3640,3759,286,469,469,1,1,1,1,0,NVM,818,1000,818,588,1000,588,554,1000,0,0,0,0,0,0,1
2240.1,0,3640,3759,286,469,469,1,1,1,1,0,NVM,818,1000,818,588,1000,588,554,1000,0,0,0,0,0,0,1
2250.1,0,3640,3759,286,469,469,1,1,1,1,0,NVM,818,1000,818,588,1000,588,554,1000,0,0,0,0,0,0,1
2260.1,0,3631,3744,282,469,469,1,1,1,1,0,NVM,819,1000,819,590,1000,590,556,1000,0,0,0,0,0,0,1
2270.1,0,3631,3744,282,469,469,1,1,1,1,0,NVM,819,1000,819,590,1000,590,556,1000,0,0,0,0,0,0,1
2280.1,0,3631,3744,282,469,469,1,1,1,1,0,NVM,819,1000,819,590,1000,590,556,1000,0,0,0,0,0,0,1
2290.1,0,3631,3744,282,469,469,1,1,1,1,0,NVM,819,1000,819,590,1000,590,556,1000,0,0,0,0,0,0,1
2300.1,0,3631,3744,282,469,469,1,1,1,1,0,NVM,819,1000,819,590,1000,590,556,1000,0,0,0,0,0,0,1
2310.1,0,3631,3744,282,469,469,1,1,1,1,0,NVM,819,1000,819,590,1000,590,556,1000,0,0,0,0,0,0,1
2320.1,0,3631,3744,282,469,469,1,1,1,1,0,NVM,819,1000,819,590,1000,590,556,1000,0,0,0,0,0,0,1
2330.1,0,3631,3744,282,469,469,1,1,1,1,0,NVM,819,1000,819,590,1000,590,556,1000,0,0,0,0,0,0,1
2340.1,0,3631,3744,282,469,469,1,1,1,1,0,NVM,819,1000,819,590,1000,590,556,1000,0,0,0,0,0,0,1
2350.1,0,3631,3744,282,469,469,1,1,1,1,0,NVM,819,1000,819,590,1000,590,556,1000,0,0,0,0,0,0,1
2360.1,0,3631,3744,282,469,469,1,1,1,1,0,NVM,819,1000,819,590,1000,590,556,1000,0,0,0,0,0,0,1
2370.1,0,3631,3744,282,469,469,1,1,1,1,0,NVM,819,1000,819,590,1000,590,556,1000,0,0,0,0,0,0,1
2380.1,0,3631,3744,282,469,469,1,1,1,1,0,NVM,819,1000,819,590,1000,590,556,1000,0,0,0,0,0,0,1
2390.1,0,3631,3744,282,469,469,1,1,1,1,0,NVM,819,1000,819,590,1000,590,556,1000,0,0,0,0,0,0,1
2400.1,0,3631,3744,282,469,469,1,1,1,1,0,NVM,819,1000,819,590,1000,590,556,1000,0,0,0,0,0,0,1
2410.1,0,3631,3744,282,469,469,1,1,1,1,0,NVM,819,1000,819,590,1000,590,556,1000,0,0,0,0,0,0,1
2420.1,0,3631,3744,282,469,469,1,1,1,1,0,NVM,819,1000,819,590,1000,590,556,1000,0,0,0,0,0,0,1
2430.1,0,3631,3744,282,469,469,1,1,1,1,0,NVM,819,1000,819,590,1000,590,556,1000,0,0,0,0,0,0,1
2440.1,0,3631,3744,282,469,469,1,1,1,1,0,NVM,819,1000,819,590,1000,590,556,1000,0,0,0,0,0,0,1
2450.1,0,3631,3744,282,469,469,1,1,1,1,0,NVM,819,1000,819,590,1000,590,556,1000,0,0,0,0,0,0,1
2460.1,0,3627,3764,279,469,469,1,1,1,1,0,NVM,820,1000,820,591,1000,591,557,1000,0,0,0,0,0,0,1
2470.1,0,3627,3764,279,469,469,1,1,1,1,0,NVM,820,1000,820,591,1000,591,557,1000,0,0,0,0,0,0,1
2480.1,0,3627,3764,279,469,469,1,1,1,1,0,NVM,820,1000,820,591,1000,591,557,1000,0,0,0,0,0,0,1
2490.1,0,3627,3764,279,469,469,1,1,1,1,0,NVM,820,1000,820,591,1000,591,557,1000,0,0,0,0,0,0,1
2500.1,0,3627,3764,279,469,469,1,1,1,1,0,NVM,820,1000,820,591,1000,591,557,1000,0,0,0,0,0,0,1
2510.1,0,3627,3764,279,469,469,1,1,1,1,0,NVM,820,1000,820,591,1000,591,557,1000,0,0,0,0,0,0,1
2520.1,0,3627,3764,279,469,469,1,1,1,1,0,NVM,820,1000,820,591,1000,591,557,1000,0,0,0,0,0,0,1
2530.1,0,3627,3764,279,469,469,1,1,1,1,0,NVM,820,1000,820,591,1000,591,557,1000,0,0,0,0,0,0,1
2540.1,0,3627,3764,279,469,469,1,1,1,1,0,NVM,820,1000,820,591,1000,591,557,1000,0,0,0,0,0,0,1
2550.1,0,3627,3764,279,469,469,1,1,1,1,0,NVM,820,1000,820,591,1000,591,557,1000,0,0,0,0,0,0,1
2560.1,0,3627,3764,282,469,469,1,1,1,1,0,NVM,819,1000,819,590,1000,590,556,1000,0,0,0,0,0,0,1
2570.1,0,3627,3764,282,469,469,1,1,1,1,0,NVM,819,1000,819,590,1000,590,556,1000,0,0,0,0,0,0,1
2580.1,0,3627,3764,282,469,469,1,1,1,1,0,NVM,819,1000,819,590,1000,590,556,1000,0,0,0,0,0,0,1
2590.1,0,3627,3764,282,469,469,1,1,1,1,0,NVM,819,1000,819,590,1000,590,556,1000,0,0,0,0,0,0,1
2600.1,0,3627,3764,282,469,469,1,1,1,1,0,NVM,819,1000,819,590,1000,590,556,1000,0,0,0,0,0,0,1
2610.1,0,3627,3764,282,469,469,1,1,1,1,0,NVM,819,1000,819,590,1000,590,556,1000,0,0,0,0,0,0,1
2620.1,0,3627,3764,282,469,469,1,1,1,1,0,NVM,819,1000,819,590,1000,590,556,1000,0,0,0,0,0,0,1
2630.1,0,3627,3764,282,469,469,1,1,1,1,0,NVM,819,1000,819,590,1000,590,556,1000,0,0,0,0,0,0,1
2640.1,0,3627,3764,282,469,469,1,1,1,1,0,NVM,819,1000,819,590,1000,590,556,1000,0,0,0,0,0,0,1
2650.1,0,3627,3764,282,469,469,1,1,1,1,0,NVM,819,1000,819,590,1000,590,556,1000,0,0,0,0,0,0,1
2660.1,0,3628,3771,283,469,469,1,1,1,1,0,NVM,819,1000,819,589,1000,589,555,1000,0,0,0,0,0,0,1
2670.1,0,3628,3771,283,469,469,1,1,1,1,0,NVM,819,1000,819,589,1000,589,555,1000,0,0,0,0,0,0,1
2680.1,0,3628,3771,283,469,469,1,1,1,1,0,NVM,819,1000,819,589,1000,589,555,1000,0,0,0,0,0,0,1
2690.1,0,3628,3771,283,469,469,1,1,1,1,0,NVM,819,1000,819,589,1000,589,555,1000,0,0,0,0,0,0,1
2700.1,0,3628,3771,283,469,469,1,1,1,1,0,NVM,819,1000,819,589,1000,589,555,1000,0,0,0,0,0,0,1
2710.1,0,3628,3771,283,469,469,1,1,1,1,0,NVM,819,1000,819,589,1000,589,555,1000,0,0,0,0,0,0,1
2720.1,0,3628,3771,283,469,469,1,1,1,1,0,NVM,819,1000,819,589,1000,589,555,1000,0,0,0,0,0,0,1
2730.1,0,3628,3771,283,469,469,1,1,1,1,0,NVM,819,1000,819,589,1000,589,555,1000,0,0,0,0,0,0,1
2740.1,0,3628,3771,283,469,469,1,1,1,1,0,NVM,819,1000,819,589,1000,589,555,1000,0,0,0,0,0,0,1
2750.1,0,3628,3771,283,469,469,1,1,1,1,0,NVM,819,1000,819,589,1000,589,555,1000,0,0,0,0,0,0,1
2760.1,0,3628,3771,278,469,469,1,1,1,1,0,NVM,820,1000,820,591,1000,591,557,1000,0,0,0,0,0,0,1
2770.1,0,3628,3771,278,469,469,1,1,1,1,0,NVM,820,1000,820,591,1000,591,557,1000,0,0,0,0,0,0,1
2780.1,0,3628,3771,278,469,469,1,1,1,1,0,NVM,820,1000,820,591,1000,591,557,1000,0,0,0,0,0,0,1
2790.1,0,3628,3771,278,469,469,1,1,1,1,0,NVM,820,1000,820,591,1000,591,557,1000,0,0,0,0,0,0,1
2800.1,0,3628,3771,278,469,469,1,1,1,1,0,NVM,820,1000,820,591,1000,591,557,1000,0,0,0,0,0,0,1
2810.1,0,3628,3771,278,469,469,1,1,1,1,0,NVM,820,1000,820,591,1000,591,557,1000,0,0,0,0,0,0,1
2820.1,0,3628,3771,278,469,469,1,1,1,1,0,NVM,820,1000,820,591,1000,591,557,1000,0,0,0,0,0,0,1
2830.1,0,3628,3771,278,469,469,1,1,1,1,0,NVM,820,1000,820,591,1000,591,557,1000,0,0,0,0,0,0,1
2840.1,0,3628,3771,278,469,469,1,1,1,1,0,NVM,820,1000,820,591,1000,591,557,1000,0,0,0,0,0,0,1
2850.1,0,3628,3771,278,469,469,1,1,1,1,0,NVM,820,1000,820,591,1000,591,557,1000,0,0,0,0,0,0,1
2860.1,0,3634,3766,288,469,469,1,1,1,1,0,NVM,817,1000,817,588,1000,588,554,1000,0,0,0,0,0,0,1
2870.1,0,3634,3766,288,469,469,1,1,1,1,0,NVM,817,1000,817,588,1000,588,554,1000,0,0,0,0,0,0,1
2880.1,0,3634,3766,288,469,469,1,1,1,1,0,NVM,817,1000,817,588,1000,588,554,1000,0,0,0,0,0,0,1
2890.2,0,3634,3766,288,469,469,1,1,1,1,0,NVM,817,1000,817,588,1000,588,554,1000,0,0,0,0,0,0,1
2900.1,0,3634,3766,288,469,469,1,1,1,1,0,NVM,817,1000,817,588,1000,588,554,1000,0,0,0,0,0,0,1
2910.1,0,3634,3766,288,469,469,1,1,1,1,0,NVM,817,1000,817,588,1000,588,554,1000,0,0,0,0,0,0,1
2920.1,0,3634,3766,288,469,469,1,1,1,1,0,NVM,817,1000,817,588,1000,588,554,1000,0,0,0,0,0,0,1
2930.1,0,3634,3766,288,469,469,1,1,1,1,0,NVM,817,1000,817,588,1000,588,554,1000,0,0,0,0,0,0,1
2940.1,0,3634,3766,288,469,469,1,1,1,1,0,NVM,817,1000,817,588,1000,588,554,1000,0,0,0,0,0,0,1
2950.1,0,3634,3766,288,469,469,1,1,1,1,0,NVM,817,1000,817,588,1000,588,554,1000,0,0,0,0,0,0,1
2960.1,0,3634,3766,282,469,469,1,1,1,1,0,NVM,819,1000,819,590,1000,590,556,1000,0,0,0,0,0,0,1
2970.1,0,3634,3766,282,469,469,1,1,1,1,0,NVM,819,1000,819,590,1000,590,556,1000,0,0,0,0,0,0,1
2980.1,0,3634,3766,282,469,469,1,1,1,1,0,NVM,819,1000,819,590,1000,590,556,1000,0,0,0,0,0,0,1
2990.1,0,3634,3766,282,469,469,1,1,1,1,0,NVM,819,1000,819,590,1000,590,556,1000,0,0,0,0,0,0,1
3000.1,0,3634,3766,282,469,469,1,1,1,1,0,NVM,819,1000,819,590,1000,590,556,1000,0,0,0,0,0,0,1
3010.1,0,3634,3766,282,469,469,1,1,1,1,0,NVM,819,1000,819,590,1000,590,556,1000,0,0,0,0,0,0,1
3020.1,0,3634,3766,282,469,469,1,1,1,1,0,NVM,819,1000,819,590,1000,590,556,1000,0,0,0,0,0,0,1
3030.1,0,3634,3766,282,469,469,1,1,1,1,0,NVM,819,1000,819,590,1000,590,556,1000,0,0,0,0,0,0,1
3040.1,0,3634,3766,282,469,469,1,1,1,1,0,NVM,819,1000,819,590,1000,590,556,1000,0,0,0,0,0,0,1
3050.1,0,3634,3766,282,469,469,1,1,1,1,0,NVM,819,1000,819,590,1000,590,556,1000,0,0,0,0,0,0,1
3060.1,0,3636,3752,279,469,469,1,1,1,1,0,NVM,820,1000,820,591,1000,591,557,1000,0,0,0,0,0,0,1
3070.1,0,3636,3752,279,469,469,1,1,1,1,0,NVM,820,1000,820,591,1000,591,557,1000,0,0,0,0,0,0,1
3080.1,0,3636,3752,279,469,469,1,1,1,1,0,NVM,820,1000,820,591,1000,591,557,1000,0,0,0,0,0,0,1
3090.1,0,3636,3752,279,469,469,1,1,1,1,0,NVM,820,1000,820,591,1000,591,557,1000,0,0,0,0,0,0,1
3100.1,0,3636,3752,279,469,469,1,1,1,1,0,NVM,820,1000,820,591,1000,591,557,1000,0,0,0,0,0,0,1
3110.1,0,3636,3752,279,469,469,1,1,1,1,0,NVM,820,1000,820,591,1000,591,557,1000,0,0,0,0,0,0,1
3120.1,0,3636,3752,279,469,469,1,1,1,1,0,NVM,820,1000,820,591,1000,591,557,1000,0,0,0,0,0,0,1
3130.1,0,3636,3752,279,469,469,1,1,1,1,0,NVM,820,1000,820,591,1000,591,557,1000,0,0,0,0,0,0,1
3140.1,0,3636,3752,279,469,469,1,1,1,1,0,NVM,820,1000,820,591,1000,591,557,1000,0,0,0,0,0,0,1
3150.1,0,3636,3752,279,469,469,1,1,1,1,0,NVM,820,1000,820,591,1000,591,557,1000,0,0,0,0,0,0,1
3160.1,0,3636,3752,282,469,469,1,1,1,1,0,NVM,819,1000,819,590,1000,590,556,1000,0,0,0,0,0,0,1
3170.1,0,3636,3752,282,469,469,1,1,1,1,0,NVM,819,1000,819,590,1000,590,556,1000,0,0,0,0,0,0,1
3180.1,0,3636,3752,282,469,469,1,1,1,1,0,NVM,819,1000,819,590,1000,590,556,1000,0,0,0,0,0,0,1
3190.1,0,3636,3752,282,469,469,1,1,1,1,0,NVM,819,1000,819,590,1000,590,556,1000,0,0,0,0,0,0,1
3200.1,0,3636,3752,282,469,469,1,1,1,1,0,NVM,819,1000,819,590,1000,590,556,1000,0,0,0,0,0,0,1
3210.1,0,3636,3752,282,469,469,1,1,1,1,0,NVM,819,1000,819,590,1000,590,556,1000,0,0,0,0,0,0,1
3220.1,0,3636,3752,282,469,469,1,1,1,1,0,NVM,819,1000,819,590,1000,590,556,1000,0,0,0,0,0,0,1
3230.1,0,3636,3752,282,469,469,1,1,1,1,0,NVM,819,1000,819,590,1000,590,556,1000,0,0,0,0,0,0,1
3240.1,0,3636,3752,282,469,469,1,1,1,1,0,NVM,819,1000,819,590,1000,590,556,1000,0,0,0,0,0,0,1
3250.1,0,3636,3752,282,469,469,1,1,1,1,0,NVM,819,1000,819,590,1000,590,556,1000,0,0,0,0,0,0,1
3260.1,0,3632,3768,282,469,469,1,1,1,1,0,NVM,819,1000,819,590,1000,590,556,1000,0,0,0,0,0,0,1
3270.1,0,3632,3768,282,469,469,1,1,1,1,0,NVM,819,1000,819,590,1000,590,556,1000,0,0,0,0,0,0,1
3280.1,0,3632,3768,282,469,469,1,1,1,1,0,NVM,819,1000,819,590,1000,590,556,1000,0,0,0,0,0,0,1
3290.1,0,3632,3768,282,469,469,1,1,1,1,0,NVM,819,1000,819,590,1000,590,556,1000,0,0,0,0,0,0,1
3300.1,0,3632,3768,282,469,469,1,1,1,1,0,NVM,819,1000,819,590,1000,590,556,1000,0,0,0,0,0,0,1
3310.1,0,3632,3768,282,469,469,1,1,1,1,0,NVM,819,1000,819,590,1000,590,556,1000,0,0,0,0,0,0,1
3320.1,0,3632,3768,282,469,469,1,1,1,1,0,NVM,819,1000,819,590,1000,590,556,1000,0,0,0,0,0,0,1
3330.1,0,3632,3768,282,469,469,1,1,1,1,0,NVM,819,1000,819,590,1000,590,556,1000,0,0,0,0,0,0,1
3340.1,0,3632,3768,282,469,469,1,1,1,1,0,NVM,819,1000,819,590,1000,590,556,1000,0,0,0,0,0,0,1
3350.1,0,3632,3768,282,469,469,1,1,1,1,0,NVM,819,1000,819,590,1000,590,556,1000,0,0,0,0,0,0,1
3360.1,0,3632,3768,283,469,469,1,1,1,1,0,NVM,819,1000,819,589,1000,589,555,1000,0,0,0,0,0,0,1
3370.1,0,3632,3768,283,469,469,1,1,1,1,0,NVM,819,1000,819,589,1000,589,555,1000,0,0,0,0,0,0,1
3380.1,0,3632,3768,283,469,469,1,1,1,1,0,NVM,819,1000,819,589,1000,589,555,1000,0,0,0,0,0,0,1
3390.2,0,3632,3768,283,469,469,1,1,1,1,0,NVM,819,1000,819,589,1000,589,555,1000,0,0,0,0,0,0,1
3400.1,0,3632,3768,283,469,469,1,1,1,1,0,NVM,819,1000,819,589,1000,589,555,1000,0,0,0,0,0,0,1
3410.1,0,3632,3768,283,469,469,1,1,1,1,0,NVM,819,1000,819,589,1000,589,555,1000,0,0,0,0,0,0,1
3420.1,0,3632,3768,283,469,469,1,1,1,1,0,NVM,819,1000,819,589,1000,589,555,1000,0,0,0,0,0,0,1
3430.1,0,3632,3768,283,469,469,1,1,1,1,0,NVM,819,1000,819,589,1000,589,555,1000,0,0,0,0,0,0,1
3440.1,0,3632,3768,283,469,469,1,1,1,1,0,NVM,819,1000,819,589,1000,589,555,1000,0,0,0,0,0,0,1
3450.1,0,3632,3768,283,469,469,1,1,1,1,0,NVM,819,1000,819,589,1000,589,555,1000,0,0,0,0,0,0,1
3460.1,0,3636,3766,281,469,469,1,1,1,1,0,NVM,819,1000,819,590,1000,590,556,1000,0,0,0,0,0,0,1
3470.1,0,3636,3766,281,469,469,1,1,1,1,0,NVM,819,1000,819,590,1000,590,556,1000,0,0,0,0,0,0,1
3480.1,0,3636,3766,281,469,469,1,1,1,1,0,NVM,819,1000,819,590,1000,590,556,1000,0,0,0,0,0,0,1
3490.1,0,3636,3766,281,469,469,1,1,1,1,0,NVM,819,1000,819,590,1000,590,556,1000,0,0,0,0,0,0,1
3500.1,0,3636,3766,281,469,469,1,1,1,1,0,NVM,819,1000,819,590,1000,590,556,1000,0,0,0,0,0,0,1
3510.1,0,3636,3766,281,469,469,1,1,1,1,0,NVM,819,1000,819,590,1000,590,556,1000,0,0,0,0,0,0,1
3520.1,0,3636,3766,281,469,469,1,1,1,1,0,NVM,819,1000,819,590,1000,590,556,1000,0,0,0,0,0,0,1
3530.1,0,3636,3766,281,469,469,1,1,1,1,0,NVM,819,1000,819,590,1000,590,556,1000,0,0,0,0,0,0,1
3540.1,0,3636,3766,281,469,469,1,1,1,1,0,NVM,819,1000,819,590,1000,590,556,1000,0,0,0,0,0,0,1
3550.1,0,3636,3766,281,469,469,1,1,1,1,0,NVM,819,1000,819,590,1000,590,556,1000,0,0,0,0,0,0,1
3560.1,0,3636,3766,284,469,469,1,1,1,1,0,NVM,818,1000,818,589,1000,589,555,1000,0,0,0,0,0,0,1
3570.1,0,3636,3766,284,469,469,1,1,1,1,0,NVM,818,1000,818,589,1000,589,555,1000,0,0,0,0,0,0,1
3580.1,0,3636,3766,284,469,469,1,1,1,1,0,NVM,818,1000,818,589,1000,589,555,1000,0,0,0,0,0,0,1
3590.1,0,3636,3766,284,469,469,1,1,1,1,0,NVM,818,1000,818,589,1000,589,555,1000,0,0,0,0,0,0,1
3600.1,0,3636,3766,284,469,469,1,1,1,1,0,NVM,818,1000,818,589,1000,589,555,1000,0,0,0,0,0,0,1
3610.1,0,3636,3766,284,469,469,1,1,1,1,0,NVM,818,1000,818,589,1000,589,555,1000,0,0,0,0,0,0,1
3620.1,0,3636,3766,284,469,469,1,1,1,1,0,NVM,818,1000,818,589,1000,589,555,1000,0,0,0,0,0,0,1
3630.1,0,3636,3766,284,469,469,1,1,1,1,0,NVM,818,1000,818,589,1000,589,555,1000,0,0,0,0,0,0,1
3640.1,0,3636,3766,284,469,469,1,1,1,1,0,NVM,818,1000,818,589,1000,589,555,1000,0,0,0,0,0,0,1
3650.1,0,3636,3766,284,469,469,1,1,1,1,0,NVM,818,1000,818,589,1000,589,555,1000,0,0,0,0,0,0,1
3660.1,0,3627,3764,279,469,469,1,1,1,1,0,NVM,820,1000,820,591,1000,591,557,1000,0,0,0,0,0,0,1
3670.1,0,3627,3764,279,469,469,1,1,1,1,0,NVM,820,1000,820,591,1000,591,557,1000,0,0,0,0,0,0,1
3680.1,0,3627,3764,279,469,469,1,1,1,1,0,NVM,820,1000,820,591,1000,591,557,1000,0,0,0,0,0,0,1
3690.1,0,3627,3764,279,469,469,1,1,1,1,0,NVM,820,1000,820,591,1000,591,557,1000,0,0,0,0,0,0,1
3700.1,0,3627,3764,279,469,469,1,1,1,1,0,NVM,820,1000,820,591,1000,591,557,1000,0,0,0,0,0,0,1
3710.1,0,3627,3764,279,469,469,1,1,1,1,0,NVM,820,1000,820,591,1000,591,557,1000,0,0,0,0,0,0,1
3720.1,0,3627,3764,279,469,469,1,1,1,1,0,NVM,820,1000,820,591,1000,591,557,1000,0,0,0,0,0,0,1
3730.1,0,3627,3764,279,469,469,1,1,1,1,0,NVM,820,1000,820,591,1000,591,557,1000,0,0,0,0,0,0,1
3740.1,0,3627,3764,279,469,469,1,1,1,1,0,NVM,820,1000,820,591,1000,591,557,1000,0,0,0,0,0,0,1
3750.1,0,3627,3764,279,469,469,1,1,1,1,0,NVM,820,1000,820,591,1000,591,557,1000,0,0,0,0,0,0,1
3760.1,0,3627,3764,281,469,469,1,1,1,1,0,NVM,819,1000,819,590,1000,590,556,1000,0,0,0,0,0,0,1
3770.1,0,3627,3764,281,469,469,1,1,1,1,0,NVM,819,1000,819,590,1000,590,556,1000,0,0,0,0,0,0,1
3780.1,0,3627,3764,281,469,469,1,1,1,1,0,NVM,819,1000,819,590,1000,590,556,1000,0,0,0,0,0,0,1
3790.1,0,3627,3764,281,469,469,1,1,1,1,0,NVM,819,1000,819,590,1000,590,556,1000,0,0,0,0,0,0,1
3800.1,0,3627,3764,281,469,469,1,1,1,1,0,NVM,819,1000,819,590,1000,590,556,1000,0,0,0,0,0,0,1
3810.1,0,3627,3764,281,469,469,1,1,1,1,0,NVM,819,1000,819,590,1000,590,556,1000,0,0,0,0,0,0,1
3820.1,0,3627,3764,281,469,469,1,1,1,1,0,NVM,819,1000,819,590,1000,590,556,1000,0,0,0,0,0,0,1
3830.1,0,3627,3764,281,469,469,1,1,1,1,0,NVM,819,1000,819,590,1000,590,556,1000,0,0,0,0,0,0,1
3840.1,0,3627,3764,281,469,469,1,1,1,1,0,NVM,819,1000,819,590,1000,590,556,1000,0,0,0,0,0,0,1
3850.1,0,3627,3764,281,469,469,1,1,1,1,0,NVM,819,1000,819,590,1000,590,556,1000,0,0,0,0,0,0,1
3860.1,0,3627,3766,283,469,469,1,1,1,1,0,NVM,819,1000,819,589,1000,589,555,1000,0,0,0,0,0,0,1
3870.1,0,3627,3766,283,469,469,1,1,1,1,0,NVM,819,1000,819,589,1000,589,555,1000,0,0,0,0,0,0,1
3880.1,0,3627,3766,283,469,469,1,1,1,1,0,NVM,819,1000,819,589,1000,589,555,1000,0,0,0,0,0,0,1
3890.1,0,3627,3766,283,469,469,1,1,1,1,0,NVM,819,1000,819,589,1000,589,555,1000,0,0,0,0,0,0,1
3900.1,0,3627,3766,283,469,469,1,1,1,1,0,NVM,819,1000,819,589,1000,589,555,1000,0,0,0,0,0,0,1
3910.1,0,3627,3766,283,469,469,1,1,1,1,0,NVM,819,1000,819,589,1000,589,555,1000,0,0,0,0,0,0,1
3920.1,0,3627,3766,283,469,469,1,1,1,1,0,NVM,819,1000,819,589,1000,589,555,1000,0,0,0,0,0,0,1
3930.1,0,3627,3766,283,469,469,1,1,1,1,0,NVM,819,1000,819,589,1000,589,555,1000,0,0,0,0,0,0,1
3940.2,0,3627,3766,283,469,469,1,1,1,1,0,NVM,819,1000,819,589,1000,589,555,1000,0,0,0,0,0,0,1
3950.1,0,3627,3766,283,469,469,1,1,1,1,0,NVM,819,1000,819,589,1000,589,555,1000,0,0,0,0,0,0,1
3960.1,0,3627,3766,281,469,469,1,1,1,1,0,NVM,819,1000,819,590,1000,590,556,1000,0,0,0,0,0,0,1
3970.1,0,3627,3766,281,469,469,1,1,1,1,0,NVM,819,1000,819,590,1000,590,556,1000,0,0,0,0,0,0,1
3980.1,0,3627,3766,281,469,469,1,1,1,1,0,NVM,819,1000,819,590,1000,590,556,1000,0,0,0,0,0,0,1
3990.1,0,3627,3766,281,469,469,1,1,1,1,0,NVM,819,1000,819,590,1000,590,556,1000,0,0,0,0,0,0,1
4000.1,0,3627,3766,281,469,469,1,1,1,1,0,NVM,819,1000,819,590,1000,590,556,1000,0,0,0,0,0,0,1
4010.1,0,3627,3766,281,469,469,1,1,1,1,0,NVM,819,1000,819,590,1000,590,556,1000,0,0,0,0,0,0,1
4020.1,0,3627,3766,281,469,469,1,1,1,1,0,NVM,819,1000,819,590,1000,590,556,1000,0,0,0,0,0,0,1
4030.1,0,3627,3766,281,469,469,1,1,1,1,0,NVM,819,1000,819,590,1000,590,556,1000,0,0,0,0,0,0,1
4040.1,0,3627,3766,281,469,469,1,1,1,1,0,NVM,819,1000,819,590,1000,590,556,1000,0,0,0,0,0,0,1
4050.1,0,3627,3766,281,469,469,1,1,1,1,0,NVM,819,1000,819,590,1000,590,556,1000,0,0,0,0,0,0,1
4060.1,0,3654,3751,283,469,469,1,1,1,1,0,NVM,819,1000,819,589,1000,589,555,1000,0,0,0,0,0,0,1
4070.1,0,3654,3751,283,469,469,1,1,1,1,0,NVM,819,1000,819,589,1000,589,555,1000,0,0,0,0,0,0,1
4080.1,0,3654,3751,283,469,469,1,1,1,1,0,NVM,819,1000,819,589,1000,589,555,1000,0,0,0,0,0,0,1
4090.1,0,3654,3751,283,469,469,1,1,1,1,0,NVM,819,1000,819,589,1000,589,555,1000,0,0,0,0,0,0,1
4100.1,0,3654,3751,283,469,469,1,1,1,1,0,NVM,819,1000,819,589,1000,589,555,1000,0,0,0,0,0,0,1
4110.1,0,3654,3751,283,469,469,1,1,1,1,0,NVM,819,1000,819,589,1000,589,555,1000,0,0,0,0,0,0,1
4120.1,0,3654,3751,283,469,469,1,1,1,1,0,NVM,819,1000,819,589,1000,589,555,1000,0,0,0,0,0,0,1
4130.1,0,3654,3751,283,469,469,1,1,1,1,0,NVM,819,1000,819,589,1000,589,555,1000,0,0,0,0,0,0,1
4140.1,0,3654,3751,283,469,469,1,1,1,1,0,NVM,819,1000,819,589,1000,589,555,1000,0,0,0,0,0,0,1
4150.1,0,3654,3751,283,469,469,1,1,1,1,0,NVM,819,1000,819,589,1000,589,555,1000,0,0,0,0,0,0,1
4160.1,0,3654,3751,285,469,469,1,1,1,1,0,NVM,818,1000,818,589,1000,589,555,1000,0,0,0,0,0,0,1
4170.1,0,3654,3751,285,469,469,1,1,1,1,0,NVM,818,1000,818,589,1000,589,555,1000,0,0,0,0,0,0,1
4180.1,0,3654,3751,285,469,469,1,1,1,1,0,NVM,818,1000,818,589,1000,589,555,1000,0,0,0,0,0,0,1
4190.1,0,3654,3751,285,469,469,1,1,1,1,0,NVM,818,1000,818,589,1000,589,555,1000,0,0,0,0,0,0,1
4200.1,0,3654,3751,285,469,469,1,1,1,1,0,NVM,818,1000,818,589,1000,589,555,1000,0,0,0,0,0,0,1
4210.1,0,3654,3751,285,469,469,1,1,1,1,0,NVM,818,1000,818,589,1000,589,555,1000,0,0,0,0,0,0,1
4220.1,0,3654,3751,285,469,469,1,1,1,1,0,NVM,818,1000,818,589,1000,589,555,1000,0,0,0,0,0,0,1
4230.1,0,3654,3751,285,469,469,1,1,1,1,0,NVM,818,1000,818,589,1000,589,555,1000,0,0,0,0,0,0,1
4240.1,0,3654,3751,285,469,469,1,1,1,1,0,NVM,818,1000,818,589,1000,589,555,1000,0,0,0,0,0,0,1
4250.1,0,3654,3751,285,469,469,1,1,1,1,0,NVM,818,1000,818,589,1000,589,555,1000,0,0,0,0,0,0,1
4260.1,0,3632,3773,283,469,469,1,1,1,1,0,NVM,819,1000,819,589,1000,589,555,1000,0,0,0,0,0,0,1
4270.1,0,3632,3773,283,469,469,1,1,1,1,0,NVM,819,1000,819,589,1000,589,555,1000,0,0,0,0,0,0,1
4280.1,0,3632,3773,283,469,469,1,1,1,1,0,NVM,819,1000,819,589,1000,589,555,1000,0,0,0,0,0,0,1
4290.1,0,3632,3773,283,469,469,1,1,1,1,0,NVM,819,1000,819,589,1000,589,555,1000,0,0,0,0,0,0,1
4300.1,0,3632,3773,283,469,469,1,1,1,1,0,NVM,819,1000,819,589,1000,589,555,1000,0,0,0,0,0,0,1
4310.1,0,3632,3773,283,469,469,1,1,1,1,0,NVM,819,1000,819,589,1000,589,555,1000,0,0,0,0,0,0,1
4320.1,0,3632,3773,283,469,469,1,1,1,1,0,NVM,819,1000,819,589,1000,589,555,1000,0,0,0,0,0,0,1
4330.1,0,3632,3773,283,469,469,1,1,1,1,0,NVM,819,1000,819,589,1000,589,555,1000,0,0,0,0,0,0,1
4340.1,0,3632,3773,283,469,469,1,1,1,1,0,NVM,819,1000,819,589,1000,589,555,1000,0,0,0,0,0,0,1
4350.1,0,3632,3773,283,469,469,1,1,1,1,0,NVM,819,1000,819,589,1000,589,555,1000,0,0,0,0,0,0,1
4360.1,0,3632,3773,279,469,469,1,1,1,1,0,NVM,820,1000,820,591,1000,591,557,1000,0,0,0,0,0,0,1
4370.1,0,3632,3773,279,469,469,1,1,1,1,0,NVM,820,1000,820,591,1000,591,557,1000,0,0,0,0,0,0,1
4380.1,0,3632,3773,279,469,469,1,1,1,1,0,NVM,820,1000,820,591,1000,591,557,1000,0,0,0,0,0,0,1
4390.1,0,3632,3773,279,469,469,1,1,1,1,0,NVM,820,1000,820,591,1000,591,557,1000,0,0,0,0,0,0,1
4400.1,0,3632,3773,279,469,469,1,1,1,1,0,NVM,820,1000,820,591,1000,591,557,1000,0,0,0,0,0,0,1
4410.1,0,3632,3773,279,469,469,1,1,1,1,0,NVM,820,1000,820,591,1000,591,557,1000,0,0,0,0,0,0,1
4420.1,0,3632,3773,279,469,469,1,1,1,1,0,NVM,820,1000,820,591,1000,591,557,1000,0,0,0,0,0,0,1
4430.1,0,3632,3773,279,469,469,1,1,1,1,0,NVM,820,1000,820,591,1000,591,557,1000,0,0,0,0,0,0,1
4440.1,0,3632,3773,279,469,469,1,1,1,1,0,NVM,820,1000,820,591,1000,591,557,1000,0,0,0,0,0,0,1
4450.1,0,3632,3773,279,469,469,1,1,1,1,0,NVM,820,1000,820,591,1000,591,557,1000,0,0,0,0,0,0,1
4460.1,0,3645,3772,288,469,469,1,1,1,1,0,NVM,817,1000,817,588,1000,588,554,1000,0,0,0,0,0,0,1
4470.1,0,3645,3772,288,469,469,1,1,1,1,0,NVM,817,1000,817,588,1000,588,554,1000,0,0,0,0,0,0,1
4480.1,0,3645,3772,288,469,469,1,1,1,1,0,NVM,817,1000,817,588,1000,588,554,1000,0,0,0,0,0,0,1
4490.1,0,3645,3772,288,469,469,1,1,1,1,0,NVM,817,1000,817,588,1000,588,554,1000,0,0,0,0,0,0,1
4500.1,0,3645,3772,288,469,469,1,1,1,1,0,NVM,817,1000,817,588,1000,588,554,1000,0,0,0,0,0,0,1
4510.1,0,3645,3772,288,469,469,1,1,1,1,0,NVM,817,1000,817,588,1000,588,554,1000,0,0,0,0,0,0,1
4520.1,0,3645,3772,288,469,469,1,1,1,1,0,NVM,817,1000,817,588,1000,588,554,1000,0,0,0,0,0,0,1
4530.1,0,3645,3772,288,469,469,1,1,1,1,0,NVM,817,1000,817,588,1000,588,554,1000,0,0,0,0,0,0,1
4540.1,0,3645,3772,288,469,469,1,1,1,1,0,NVM,817,1000,817,588,1000,588,554,1000,0,0,0,0,0,0,1
4550.1,0,3645,3772,288,469,469,1,1,1,1,0,NVM,817,1000,817,588,1000,588,554,1000,0,0,0,0,0,0,1
4560.1,0,3645,3772,279,469,469,1,1,1,1,0,NVM,820,1000,820,591,1000,591,557,1000,0,0,0,0,0,0,1
4570.1,0,3645,3772,279,469,469,1,1,1,1,0,NVM,820,1000,820,591,1000,591,557,1000,0,0,0,0,0,0,1
4580.1,0,3645,3772,279,469,469,1,1,1,1,0,NVM,820,1000,820,591,1000,591,557,1000,0,0,0,0,0,0,1
4590.1,0,3645,3772,279,469,469,1,1,1,1,0,NVM,820,1000,820,591,1000,591,557,1000,0,0,0,0,0,0,1
4600.1,0,3645,3772,279,469,469,1,1,1,1,0,NVM,820,1000,820,591,1000,591,557,1000,0,0,0,0,0,0,1
4610.1,0,3645,3772,279,469,469,1,1,1,1,0,NVM,820,1000,820,591,1000,591,557,1000,0,0,0,0,0,0,1
4620.1,0,3645,3772,279,469,469,1,1,1,1,0,NVM,820,1000,820,591,1000,591,557,1000,0,0,0,0,0,0,1
4630.1,0,3645,3772,279,469,469,1,1,1,1,0,NVM,820,1000,820,591,1000,591,557,1000,0,0,0,0,0,0,1
4640.1,0,3645,3772,279,469,469,1,1,1,1,0,NVM,820,1000,820,591,1000,591,557,1000,0,0,0,0,0,0,1
4650.1,0,3645,3772,279,469,469,1,1,1,1,0,NVM,820,1000,820,591,1000,591,557,1000,0,0,0,0,0,0,1
4660.1,0,3636,3768,283,469,469,1,1,1,1,0,NVM,819,1000,819,589,1000,589,555,1000,0,0,0,0,0,0,1
4670.1,0,3636,3768,283,469,469,1,1,1,1,0,NVM,819,1000,819,589,1000,589,555,1000,0,0,0,0,0,0,1
4680.1,0,3636,3768,283,469,469,1,1,1,1,0,NVM,819,1000,819,589,1000,589,555,1000,0,0,0,0,0,0,1
4690.1,0,3636,3768,283,469,469,1,1,1,1,0,NVM,819,1000,819,589,1000,589,555,1000,0,0,0,0,0,0,1
4700.1,0,3636,3768,283,469,469,1,1,1,1,0,NVM,819,1000,819,589,1000,589,555,1000,0,0,0,0,0,0,1
4710.1,0,3636,3768,283,469,469,1,1,1,1,0,NVM,819,1000,819,589,1000,589,555,1000,0,0,0,0,0,0,1
4720.1,0,3636,3768,283,469,469,1,1,1,1,0,NVM,819,1000,819,589,1000,589,555,1000,0,0,0,0,0,0,1
4730.1,0,3636,3768,283,469,469,1,1,1,1,0,NVM,819,1000,819,589,1000,589,555,1000,0,0,0,0,0,0,1
4740.1,0,3636,3768,283,469,469,1,1,1,1,0,NVM,819,1000,819,589,1000,589,555,1000,0,0,0,0,0,0,1
4750.1,0,3636,3768,283,469,469,1,1,1,1,0,NVM,819,1000,819,589,1000,589,555,1000,0,0,0,0,0,0,1
4760.1,0,3636,3768,282,469,469,1,1,1,1,0,NVM,819,1000,819,590,1000,590,556,1000,0,0,0,0,0,0,1
4770.1,0,3636,3768,282,469,469,1,1,1,1,0,NVM,819,1000,819,590,1000,590,556,1000,0,0,0,0,0,0,1
4780.1,0,3636,3768,282,469,469,1,1,1,1,0,NVM,819,1000,819,590,1000,590,556,1000,0,0,0,0,0,0,1
4790.1,0,3636,3768,282,469,469,1,1,1,1,0,NVM,819,1000,819,590,1000,590,556,1000,0,0,0,0,0,0,1
4800.1,0,3636,3768,282,469,469,1,1,1,1,0,NVM,819,1000,819,590,1000,590,556,1000,0,0,0,0,0,0,1
4810.1,0,3636,3768,282,469,469,1,1,1,1,0,NVM,819,1000,819,590,1000,590,556,1000,0,0,0,0,0,0,1
4820.1,0,3636,3768,282,469,469,1,1,1,1,0,NVM,819,1000,819,590,1000,590,556,1000,0,0,0,0,0,0,1
4830.1,0,3636,3768,282,469,469,1,1,1,1,0,NVM,819,1000,819,590,1000,590,556,1000,0,0,0,0,0,0,1
4840.1,0,3636,3768,282,469,469,1,1,1,1,0,NVM,819,1000,819,590,1000,590,556,1000,0,0,0,0,0,0,1
4850.1,0,3636,3768,282,469,469,1,1,1,1,0,NVM,819,1000,819,590,1000,590,556,1000,0,0,0,0,0,0,1
4860.1,0,3645,3755,281,469,469,1,1,1,1,0,NVM,819,1000,819,590,1000,590,556,1000,0,0,0,0,0,0,1
4870.1,0,3645,3755,281,469,469,1,1,1,1,0,NVM,819,1000,819,590,1000,590,556,1000,0,0,0,0,0,0,1
4880.1,0,3645,3755,281,469,469,1,1,1,1,0,NVM,819,1000,819,590,1000,590,556,1000,0,0,0,0,0,0,1
4890.1,0,3645,3755,281,469,469,1,1,1,1,0,NVM,819,1000,819,590,1000,590,556,1000,0,0,0,0,0,0,1
4900.1,0,3645,3755,281,469,469,1,1,1,1,0,NVM,819,1000,819,590,1000,590,556,1000,0,0,0,0,0,0,1
4910.1,0,3645,3755,281,469,469,1,1,1,1,0,NVM,819,1000,819,590,1000,590,556,1000,0,0,0,0,0,0,1
4920.1,0,3645,3755,281,469,469,1,1,1,1,0,NVM,819,1000,819,590,1000,590,556,1000,0,0,0,0,0,0,1
4930.1,0,3645,3755,281,469,469,1,1,1,1,0,NVM,819,1000,819,590,1000,590,556,1000,0,0,0,0,0,0,1
4940.1,0,3645,3755,281,469,469,1,1,1,1,0,NVM,819,1000,819,590,1000,590,556,1000,0,0,0,0,0,0,1
4950.1,0,3645,3755,281,469,469,1,1,1,1,0,NVM,819,1000,819,590,1000,590,556,1000,0,0,0,0,0,0,1
4960.1,0,3645,3755,283,469,469,1,1,1,1,0,NVM,819,1000,819,589,1000,589,555,1000,0,0,0,0,0,0,1
4970.1,0,3645,3755,283,469,469,1,1,1,1,0,NVM,819,1000,819,589,1000,589,555,1000,0,0,0,0,0,0,1
4980.1,0,3645,3755,283,469,469,1,1,1,1,0,NVM,819,1000,819,589,1000,589,555,1000,0,0,0,0,0,0,1
4990.1,0,3645,3755,283,469,469,1,1,1,1,0,NVM,819,1000,819,589,1000,589,555,1000,0,0,0,0,0,0,1
5000.1,0,3645,3755,283,469,469,1,1,1,1,0,NVM,819,1000,819,589,1000,589,555,1000,0,0,0,0,0,0,1
5010.1,0,3645,3755,283,469,469,1,1,1,1,0,NVM,819,1000,819,589,1000,589,555,1000,0,0,0,0,0,0,1
5020.1,0,3645,3755,283,469,469,1,1,1,1,0,NVM,819,1000,819,589,1000,589,555,1000,0,0,0,0,0,0,1
5030.1,0,3645,3755,283,469,469,1,1,1,1,0,NVM,819,1000,819,589,1000,589,555,1000,0,0,0,0,0,0,1
5040.1,0,3645,3755,283,469,469,1,1,1,1,0,NVM,819,1000,819,589,1000,589,555,1000,0,0,0,0,0,0,1
5050.1,0,3645,3755,283,469,469,1,1,1,1,0,NVM,819,1000,819,589,1000,589,555,1000,0,0,0,0,0,0,1
5060.1,0,3632,3750,279,469,469,1,1,1,1,0,NVM,820,1000,820,591,1000,591,557,1000,0,0,0,0,0,0,1
5070.1,0,3632,3750,279,469,469,1,1,1,1,0,NVM,820,1000,820,591,1000,591,557,1000,0,0,0,0,0,0,1
5080.1,0,3632,3750,279,469,469,1,1,1,1,0,NVM,820,1000,820,591,1000,591,557,1000,0,0,0,0,0,0,1
5090.1,0,3632,3750,279,469,469,1,1,1,1,0,NVM,820,1000,820,591,1000,591,557,1000,0,0,0,0,0,0,1
5100.1,0,3632,3750,279,469,469,1,1,1,1,0,NVM,820,1000,820,591,1000,591,557,1000,0,0,0,0,0,0,1
5110.1,0,3632,3750,279,469,469,1,1,1,1,0,NVM,820,1000,820,591,1000,591,557,1000,0,0,0,0,0,0,1
5120.1,0,3632,3750,279,469,469,1,1,1,1,0,NVM,820,1000,820,591,1000,591,557,1000,0,0,0,0,0,0,1
5130.1,0,3632,3750,279,469,469,1,1,1,1,0,NVM,820,1000,820,591,1000,591,557,1000,0,0,0,0,0,0,1
5140.1,0,3632,3750,279,469,469,1,1,1,1,0,NVM,820,1000,820,591,1000,591,557,1000,0,0,0,0,0,0,1
5150.1,0,3632,3750,279,469,469,1,1,1,1,0,NVM,820,1000,820,591,1000,591,557,1000,0,0,0,0,0,0,1
5160.1,0,3632,3750,281,469,469,1,1,1,1,0,NVM,819,1000,819,590,1000,590,556,1000,0,0,0,0,0,0,1
5170.1,0,3632,3750,281,469,469,1,1,1,1,0,NVM,819,1000,819,590,1000,590,556,1000,0,0,0,0,0,0,1
5180.1,0,3632,3750,281,469,469,1,1,1,1,0,NVM,819,1000,819,590,1000,590,556,1000,0,0,0,0,0,0,1
5190.1,0,3632,3750,281,469,469,1,1,1,1,0,NVM,819,1000,819,590,1000,590,556,1000,0,0,0,0,0,0,1
5200.1,0,3632,3750,281,469,469,1,1,1,1,0,NVM,819,1000,819,590,1000,590,556,1000,0,0,0,0,0,0,1
5210.1,0,3632,3750,281,469,469,1,1,1,1,0,NVM,819,1000,819,590,1000,590,556,1000,0,0,0,0,0,0,1
5220.1,0,3632,3750,281,469,469,1,1,1,1,0,NVM,819,1000,819,590,1000,590,556,1000,0,0,0,0,0,0,1
5230.1,0,3632,3750,281,469,469,1,1,1,1,0,NVM,819,1000,819,590,1000,590,556,1000,0,0,0,0,0,0,1
5240.1,0,3632,3750,281,469,469,1,1,1,1,0,NVM,819,1000,819,590,1000,590,556,1000,0,0,0,0,0,0,1
5250.1,0,3632,3750,281,469,469,1,1,1,1,0,NVM,819,1000,819,590,1000,590,556,1000,0,0,0,0,0,0,1
5260.1,0,3631,3766,282,469,469,1,1,1,1,0,NVM,819,1000,819,590,1000,590,556,1000,0,0,0,0,0,0,1
5270.1,0,3631,3766,282,469,469,1,1,1,1,0,NVM,819,1000,819,590,1000,590,556,1000,0,0,0,0,0,0,1
5280.1,0,3631,3766,282,469,469,1,1,1,1,0,NVM,819,1000,819,590,1000,590,556,1000,0,0,0,0,0,0,1
5290.1,0,3631,3766,282,469,469,1,1,1,1,0,NVM,819,1000,819,590,1000,590,556,1000,0,0,0,0,0,0,1
5300.1,0,3631,3766,282,469,469,1,1,1,1,0,NVM,819,1000,819,590,1000,590,556,1000,0,0,0,0,0,0,1
5310.1,0,3631,3766,282,469,469,1,1,1,1,0,NVM,819,1000,819,590,1000,590,556,1000,0,0,0,0,0,0,1
5320.1,0,3631,3766,282,469,469,1,1,1,1,0,NVM,819,1000,819,590,1000,590,556,1000,0,0,0,0,0,0,1
5330.1,0,3631,3766,282,469,469,1,1,1,1,0,NVM,819,1000,819,590,1000,590,556,1000,0,0,0,0,0,0,1
5340.1,0,3631,3766,282,469,469,1,1,1,1,0,NVM,819,1000,819,590,1000,590,556,1000,0,0,0,0,0,0,1
5350.1,0,3631,3766,282,469,469,1,1,1,1,0,NVM,819,1000,819,590,1000,590,556,1000,0,0,0,0,0,0,1
5360.1,0,3631,3766,281,469,469,1,1,1,1,0,NVM,819,1000,819,590,1000,590,556,1000,0,0,0,0,0,0,1
5370.1,0,3631,3766,281,469,469,1,1,1,1,0,NVM,819,1000,819,590,1000,590,556,1000,0,0,0,0,0,0,1
5380.1,0,3631,3766,281,469,469,1,1,1,1,0,NVM,819,1000,819,590,1000,590,556,1000,0,0,0,0,0,0,1
5390.1,0,3631,3766,281,469,469,1,1,1,1,0,NVM,819,1000,819,590,1000,590,556,1000,0,0,0,0,0,0,1
5400.1,0,3631,3766,281,469,469,1,1,1,1,0,NVM,819,1000,819,590,1000,590,556,1000,0,0,0,0,0,0,1
5410.2,0,3631,3766,281,469,469,1,1,1,1,0,NVM,819,1000,819,590,1000,590,556,1000,0,0,0,0,0,0,1
5420.1,0,3631,3766,281,469,469,1,1,1,1,0,NVM,819,1000,819,590,1000,590,556,1000,0,0,0,0,0,0,1
5430.1,0,3631,3766,281,469,469,1,1,1,1,0,NVM,819,1000,819,590,1000,590,556,1000,0,0,0,0,0,0,1
5440.1,0,3631,3766,281,469,469,1,1,1,1,0,NVM,819,1000,819,590,1000,590,556,1000,0,0,0,0,0,0,1
5450.1,0,3631,3766,281,469,469,1,1,1,1,0,NVM,819,1000,819,590,1000,590,556,1000,0,0,0,0,0,0,1
5460.1,0,3637,3748,282,469,469,1,1,1,1,0,NVM,819,1000,819,590,1000,590,556,1000,0,0,0,0,0,0,1
5470.1,0,3637,3748,282,469,469,1,1,1,1,0,NVM,819,1000,819,590,1000,590,556,1000,0,0,0,0,0,0,1
5480.1,0,3637,3748,282,469,469,1,1,1,1,0,NVM,819,1000,819,590,1000,590,556,1000,0,0,0,0,0,0,1
5490.1,0,3637,3748,282,469,469,1,1,1,1,0,NVM,819,1000,819,590,1000,590,556,1000,0,0,0,0,0,0,1
5500.1,0,3637,3748,282,469,469,1,1,1,1,0,NVM,819,1000,819,590,1000,590,556,1000,0,0,0,0,0,0,1
5510.1,0,3637,3748,282,469,469,1,1,1,1,0,NVM,819,1000,819,590,1000,590,556,1000,0,0,0,0,0,0,1
5520.1,0,3637,3748,282,469,469,1,1,1,1,0,NVM,819,1000,819,590,1000,590,556,1000,0,0,0,0,0,0,1
5530.1,0,3637,3748,282,469,469,1,1,1,1,0,NVM,819,1000,819,590,1000,590,556,1000,0,0,0,0,0,0,1
5540.1,0,3637,3748,282,469,469,1,1,1,1,0,NVM,819,1000,819,590,1000,590,556,1000,0,0,0,0,0,0,1
5550.1,0,3637,3748,282,469,469,1,1,1,1,0,NVM,819,1000,819,590,1000,590,556,1000,0,0,0,0,0,0,1
5560.1,0,3637,3748,282,469,469,1,1,1,1,0,NVM,819,1000,819,590,1000,590,556,1000,0,0,0,0,0,0,1
5570.1,0,3637,3748,282,469,469,1,1,1,1,0,NVM,819,1000,819,590,1000,590,556,1000,0,0,0,0,0,0,1
5580.1,0,3637,3748,282,469,469,1,1,1,1,0,NVM,819,1000,819,590,1000,590,556,1000,0,0,0,0,0,0,1
5590.1,0,3637,3748,282,469,469,1,1,1,1,0,NVM,819,1000,819,590,1000,590,556,1000,0,0,0,0,0,0,1
5600.1,0,3637,3748,282,469,469,1,1,1,1,0,NVM,819,1000,819,590,1000,590,556,1000,0,0,0,0,0,0,1
5610.1,0,3637,3748,282,469,469,1,1,1,1,0,NVM,819,1000,819,590,1000,590,556,1000,0,0,0,0,0,0,1
5620.1,0,3637,3748,282,469,469,1,1,1,1,0,NVM,819,1000,819,590,1000,590,556,1000,0,0,0,0,0,0,1
5630.1,0,3637,3748,282,469,469,1,1,1,1,0,NVM,819,1000,819,590,1000,590,556,1000,0,0,0,0,0,0,1
5640.1,0,3637,3748,282,469,469,1,1,1,1,0,NVM,819,1000,819,590,1000,590,556,1000,0,0,0,0,0,0,1
5650.1,0,3637,3748,282,469,469,1,1,1,1,0,NVM,819,1000,819,590,1000,590,556,1000,0,0,0,0,0,0,1
5660.1,0,3630,3757,282,469,469,1,1,1,1,0,NVM,819,1000,819,590,1000,590,556,1000,0,0,0,0,0,0,1
5670.1,0,3630,3757,282,469,469,1,1,1,1,0,NVM,819,1000,819,590,1000,590,556,1000,0,0,0,0,0,0,1
5680.1,0,3630,3757,282,469,469,1,1,1,1,0,NVM,819,1000,819,590,1000,590,556,1000,0,0,0,0,0,0,1
5690.1,0,3630,3757,282,469,469,1,1,1,1,0,NVM,819,1000,819,590,1000,590,556,1000,0,0,0,0,0,0,1
5700.1,0,3630,3757,282,469,469,1,1,1,1,0,NVM,819,1000,819,590,1000,590,556,1000,0,0,0,0,0,0,1
5710.1,0,3630,3757,282,469,469,1,1,1,1,0,NVM,819,1000,819,590,1000,590,556,1000,0,0,0,0,0,0,1
5720.1,0,3630,3757,282,469,469,1,1,1,1,0,NVM,819,1000,819,590,1000,590,556,1000,0,0,0,0,0,0,1
5730.1,0,3630,3757,282,469,469,1,1,1,1,0,NVM,819,1000,819,590,1000,590,556,1000,0,0,0,0,0,0,1
5740.1,0,3630,3757,282,469,469,1,1,1,1,0,NVM,819,1000,819,590,1000,590,556,1000,0,0,0,0,0,0,1
5750.1,0,3630,3757,282,469,469,1,1,1,1,0,NVM,819,1000,819,590,1000,590,556,1000,0,0,0,0,0,0,1
5760.1,0,3630,3757,283,469,469,1,1,1,1,0,NVM,819,1000,819,589,1000,589,555,1000,0,0,0,0,0,0,1
5770.1,0,3630,3757,283,469,469,1,1,1,1,0,NVM,819,1000,819,589,1000,589,555,1000,0,0,0,0,0,0,1
5780.1,0,3630,3757,283,469,469,1,1,1,1,0,NVM,819,1000,819,589,1000,589,555,1000,0,0,0,0,0,0,1
5790.1,0,3630,3757,283,469,469,1,1,1,1,0,NVM,819,1000,819,589,1000,589,555,1000,0,0,0,0,0,0,1
5800.1,0,3630,3757,283,469,469,1,1,1,1,0,NVM,819,1000,819,589,1000,589,555,1000,0,0,0,0,0,0,1
5810.1,0,3630,3757,283,469,469,1,1,1,1,0,NVM,819,1000,819,589,1000,589,555,1000,0,0,0,0,0,0,1
5820.1,0,3630,3757,283,469,469,1,1,1,1,0,NVM,819,1000,819,589,1000,589,555,1000,0,0,0,0,0,0,1
5830.1,0,3630,3757,283,469,469,1,1,1,1,0,NVM,819,1000,819,589,1000,589,555,1000,0,0,0,0,0,0,1
5840.1,0,3630,3757,283,469,469,1,1,1,1,0,NVM,819,1000,819,589,1000,589,555,1000,0,0,0,0,0,0,1
5850.1,0,3630,3757,283,469,469,1,1,1,1,0,NVM,819,1000,819,589,1000,589,555,1000,0,0,0,0,0,0,1
5860.1,0,3636,3766,283,469,469,1,1,1,1,0,NVM,819,1000,819,589,1000,589,555,1000,0,0,0,0,0,0,1
5870.1,0,3636,3766,283,469,469,1,1,1,1,0,NVM,819,1000,819,589,1000,589,555,1000,0,0,0,0,0,0,1
5880.1,0,3636,3766,283,469,469,1,1,1,1,0,NVM,819,1000,819,589,1000,589,555,1000,0,0,0,0,0,0,1
5890.1,0,3636,3766,283,469,469,1,1,1,1,0,NVM,819,1000,819,589,1000,589,555,1000,0,0,0,0,0,0,1
5900.1,0,3636,3766,283,469,469,1,1,1,1,0,NVM,819,1000,819,589,1000,589,555,1000,0,0,0,0,0,0,1
5910.1,0,3636,3766,283,469,469,1,1,1,1,0,NVM,819,1000,819,589,1000,589,555,1000,0,0,0,0,0,0,1
5920.1,0,3636,3766,283,469,469,1,1,1,1,0,NVM,819,1000,819,589,1000,589,555,1000,0,0,0,0,0,0,1
5930.1,0,3636,3766,283,469,469,1,1,1,1,0,NVM,819,1000,819,589,1000,589,555,1000,0,0,0,0,0,0,1
5940.1,0,3636,3766,283,469,469,1,1,1,1,0,NVM,819,1000,819,589,1000,589,555,1000,0,0,0,0,0,0,1
5950.1,0,3636,3766,283,469,469,1,1,1,1,0,NVM,819,1000,819,589,1000,589,555,1000,0,0,0,0,0,0,1
5960.1,0,3636,3766,278,469,469,1,1,1,1,0,NVM,820,1000,820,591,1000,591,557,1000,0,0,0,0,0,0,1
5970.1,0,3636,3766,278,469,469,1,1,1,1,0,NVM,820,1000,820,591,1000,591,557,1000,0,0,0,0,0,0,1
5980.1,0,3636,3766,278,469,469,1,1,1,1,0,NVM,820,1000,820,591,1000,591,557,1000,0,0,0,0,0,0,1
5990.1,0,3636,3766,278,469,469,1,1,1,1,0,NVM,820,1000,820,591,1000,591,557,1000,0,0,0,0,0,0,1
6000.1,0,3636,3766,278,469,469,1,1,1,1,0,NVM,820,1000,820,591,1000,591,557,1000,0,0,0,0,0,0,1
6010.1,0,3636,3766,278,469,469,1,1,1,1,0,NVM,820,1000,820,591,1000,591,557,1000,0,0,0,0,0,0,1
6020.1,0,3636,3766,278,469,469,1,1,1,1,0,NVM,820,1000,820,591,1000,591,557,1000,0,0,0,0,0,0,1
6030.1,0,3636,3766,278,469,469,1,1,1,1,0,NVM,820,1000,820,591,1000,591,557,1000,0,0,0,0,0,0,1
6040.1,0,3636,3766,278,469,469,1,1,1,1,0,NVM,820,1000,820,591,1000,591,557,1000,0,0,0,0,0,0,1
6050.1,0,3636,3766,278,469,469,1,1,1,1,0,NVM,820,1000,820,591,1000,591,557,1000,0,0,0,0,0,0,1
6060.1,0,3643,3769,282,469,469,1,1,1,1,0,NVM,819,1000,819,590,1000,590,556,1000,0,0,0,0,0,0,1
6070.1,0,3643,3769,282,469,469,1,1,1,1,0,NVM,819,1000,819,590,1000,590,556,1000,0,0,0,0,0,0,1
6080.1,0,3643,3769,282,469,469,1,1,1,1,0,NVM,819,1000,819,590,1000,590,556,1000,0,0,0,0,0,0,1
6090.1,0,3643,3769,282,469,469,1,1,1,1,0,NVM,819,1000,819,590,1000,590,556,1000,0,0,0,0,0,0,1
6100.1,0,3643,3769,282,469,469,1,1,1,1,0,NVM,819,1000,819,590,1000,590,556,1000,0,0,0,0,0,0,1
6110.1,0,3643,3769,282,469,469,1,1,1,1,0,NVM,819,1000,819,590,1000,590,556,1000,0,0,0,0,0,0,1
6120.1,0,3643,3769,282,469,469,1,1,1,1,0,NVM,819,1000,819,590,1000,590,556,1000,0,0,0,0,0,0,1
6130.1,0,3643,3769,282,469,469,1,1,1,1,0,NVM,819,1000,819,590,1000,590,556,1000,0,0,0,0,0,0,1
6140.1,0,3643,3769,282,469,469,1,1,1,1,0,NVM,819,1000,819,590,1000,590,556,1000,0,0,0,0,0,0,1
6150.1,0,3643,3769,282,469,469,1,1,1,1,0,NVM,819,1000,819,590,1000,590,556,1000,0,0,0,0,0,0,1
6160.1,0,3643,3769,283,469,469,1,1,1,1,0,NVM,819,1000,819,589,1000,589,555,1000,0,0,0,0,0,0,1
6170.1,0,3643,3769,283,469,469,1,1,1,1,0,NVM,819,1000,819,589,1000,589,555,1000,0,0,0,0,0,0,1
6180.1,0,3643,3769,283,469,469,1,1,1,1,0,NVM,819,1000,819,589,1000,589,555,1000,0,0,0,0,0,0,1
6190.1,0,3643,3769,283,469,469,1,1,1,1,0,NVM,819,1000,819,589,1000,589,555,1000,0,0,0,0,0,0,1
6200.1,0,3643,3769,283,469,469,1,1,1,1,0,NVM,819,1000,819,589,1000,589,555,1000,0,0,0,0,0,0,1
6210.1,0,3643,3769,283,469,469,1,1,1,1,0,NVM,819,1000,819,589,1000,589,555,1000,0,0,0,0,0,0,1
6220.1,0,3643,3769,283,469,469,1,1,1,1,0,NVM,819,1000,819,589,1000,589,555,1000,0,0,0,0,0,0,1
6230.1,0,3643,3769,283,469,469,1,1,1,1,0,NVM,819,1000,819,589,1000,589,555,1000,0,0,0,0,0,0,1
6240.1,0,3643,3769,283,469,469,1,1,1,1,0,NVM,819,1000,819,589,1000,589,555,1000,0,0,0,0,0,0,1
6250.1,0,3643,3769,283,469,469,1,1,1,1,0,NVM,819,1000,819,589,1000,589,555,1000,0,0,0,0,0,0,1
6260.1,0,3633,3768,278,469,469,1,1,1,1,0,NVM,820,1000,820,591,1000,591,557,1000,0,0,0,0,0,0,1
6270.1,0,3633,3768,278,469,469,1,1,1,1,0,NVM,820,1000,820,591,1000,591,557,1000,0,0,0,0,0,0,1
6280.1,0,3633,3768,278,469,469,1,1,1,1,0,NVM,820,1000,820,591,1000,591,557,1000,0,0,0,0,0,0,1
6290.1,0,3633,3768,278,469,469,1,1,1,1,0,NVM,820,1000,820,591,1000,591,557,1000,0,0,0,0,0,0,1
6300.1,0,3633,3768,278,469,469,1,1,1,1,0,NVM,820,1000,820,591,1000,591,557,1000,0,0,0,0,0,0,1
6310.1,0,3633,3768,278,469,469,1,1,1,1,0,NVM,820,1000,820,591,1000,591,557,1000,0,0,0,0,0,0,1
6320.1,0,3633,3768,278,469,469,1,1,1,1,0,NVM,820,1000,820,591,1000,591,557,1000,0,0,0,0,0,0,1
6330.1,0,3633,3768,278,469,469,1,1,1,1,0,NVM,820,1000,820,591,1000,591,557,1000,0,0,0,0,0,0,1
6340.1,0,3633,3768,278,469,469,1,1,1,1,0,NVM,820,1000,820,591,1000,591,557,1000,0,0,0,0,0,0,1
6350.1,0,3633,3768,278,469,469,1,1,1,1,0,NVM,820,1000,820,591,1000,591,557,1000,0,0,0,0,0,0,1
6360.1,0,3633,3768,282,469,469,1,1,1,1,0,NVM,819,1000,819,590,1000,590,556,1000,0,0,0,0,0,0,1
6370.1,0,3633,3768,282,469,469,1,1,1,1,0,NVM,819,1000,819,590,1000,590,556,1000,0,0,0,0,0,0,1
6380.1,0,3633,3768,282,469,469,1,1,1,1,0,NVM,819,1000,819,590,1000,590,556,1000,0,0,0,0,0,0,1
6390.1,0,3633,3768,282,469,469,1,1,1,1,0,NVM,819,1000,819,590,1000,590,556,1000,0,0,0,0,0,0,1
6400.1,0,3633,3768,282,469,469,1,1,1,1,0,NVM,819,1000,819,590,1000,590,556,1000,0,0,0,0,0,0,1
6410.1,0,3633,3768,282,469,469,1,1,1,1,0,NVM,819,1000,819,590,1000,590,556,1000,0,0,0,0,0,0,1
6420.1,0,3633,3768,282,469,469,1,1,1,1,0,NVM,819,1000,819,590,1000,590,556,1000,0,0,0,0,0,0,1
6430.1,0,3633,3768,282,469,469,1,1,1,1,0,NVM,819,1000,819,590,1000,590,556,1000,0,0,0,0,0,0,1
6440.1,0,3633,3768,282,469,469,1,1,1,1,0,NVM,819,1000,819,590,1000,590,556,1000,0,0,0,0,0,0,1
6450.1,0,3633,3768,282,469,469,1,1,1,1,0,NVM,819,1000,819,590,1000,590,556,1000,0,0,0,0,0,0,1
6460.1,0,3638,3767,285,469,469,1,1,1,1,0,NVM,818,1000,818,589,1000,589,555,1000,0,0,0,0,0,0,1
6470.1,0,3638,3767,285,469,469,1,1,1,1,0,NVM,818,1000,818,589,1000,589,555,1000,0,0,0,0,0,0,1
6480.1,0,3638,3767,285,469,469,1,1,1,1,0,NVM,818,1000,818,589,1000,589,555,1000,0,0,0,0,0,0,1
6490.1,0,3638,3767,285,469,469,1,1,1,1,0,NVM,818,1000,818,589,1000,589,555,1000,0,0,0,0,0,0,1
6500.1,0,3638,3767,285,469,469,1,1,1,1,0,NVM,818,1000,818,589,1000,589,555,1000,0,0,0,0,0,0,1
6510.1,0,3638,3767,285,469,469,1,1,1,1,0,NVM,818,1000,818,589,1000,589,555,1000,0,0,0,0,0,0,1
6520.1,0,3638,3767,285,469,469,1,1,1,1,0,NVM,818,1000,818,589,1000,589,555,1000,0,0,0,0,0,0,1
6530.1,0,3638,3767,285,469,469,1,1,1,1,0,NVM,818,1000,818,589,1000,589,555,1000,0,0,0,0,0,0,1
6540.1,0,3638,3767,285,469,469,1,1,1,1,0,NVM,818,1000,818,589,1000,589,555,1000,0,0,0,0,0,0,1
6550.1,0,3638,3767,285,469,469,1,1,1,1,0,NVM,818,1000,818,589,1000,589,555,1000,0,0,0,0,0,0,1
6560.1,0,3638,3767,280,469,469,1,1,1,1,0,NVM,819,1000,819,590,1000,590,556,1000,0,0,0,0,0,0,1
6570.1,0,3638,3767,280,469,469,1,1,1,1,0,NVM,819,1000,819,590,1000,590,556,1000,0,0,0,0,0,0,1
6580.1,0,3638,3767,280,469,469,1,1,1,1,0,NVM,819,1000,819,590,1000,590,556,1000,0,0,0,0,0,0,1
6590.1,0,3638,3767,280,469,469,1,1,1,1,0,NVM,819,1000,819,590,1000,590,556,1000,0,0,0,0,0,0,1
6600.1,0,3638,3767,280,469,469,1,1,1,1,0,NVM,819,1000,819,590,1000,590,556,1000,0,0,0,0,0,0,1
6610.1,0,3638,3767,280,469,469,1,1,1,1,0,NVM,819,1000,819,590,1000,590,556,1000,0,0,0,0,0,0,1
6620.1,0,3638,3767,280,469,469,1,1,1,1,0,NVM,819,1000,819,590,1000,590,556,1000,0,0,0,0,0,0,1
6630.1,0,3638,3767,280,469,469,1,1,1,1,0,NVM,819,1000,819,590,1000,590,556,1000,0,0,0,0,0,0,1
6640.1,0,3638,3767,280,469,469,1,1,1,1,0,NVM,819,1000,819,590,1000,590,556,1000,0,0,0,0,0,0,1
6650.1,0,3638,3767,280,469,469,1,1,1,1,0,NVM,819,1000,819,590,1000,590,556,1000,0,0,0,0,0,0,1
6660.1,0,3663,3767,278,469,469,1,1,1,1,0,NVM,820,1000,820,591,1000,591,557,1000,0,0,0,0,0,0,1
6670.1,0,3663,3767,278,469,469,1,1,1,1,0,NVM,820,1000,820,591,1000,591,557,1000,0,0,0,0,0,0,1
6680.1,0,3663,3767,278,469,469,1,1,1,1,0,NVM,820,1000,820,591,1000,591,557,1000,0,0,0,0,0,0,1
6690.1,0,3663,3767,278,469,469,1,1,1,1,0,NVM,820,1000,820,591,1000,591,557,1000,0,0,0,0,0,0,1
6700.1,0,3663,3767,278,469,469,1,1,1,1,0,NVM,820,1000,820,591,1000,591,557,1000,0,0,0,0,0,0,1
6710.1,0,3663,3767,278,469,469,1,1,1,1,0,NVM,820,1000,820,591,1000,591,557,1000,0,0,0,0,0,0,1
6720.1,0,3663,3767,278,469,469,1,1,1,1,0,NVM,820,1000,820,591,1000,591,557,1000,0,0,0,0,0,0,1
6730.1,0,3663,3767,278,469,469,1,1,1,1,0,NVM,820,1000,820,591,1000,591,557,1000,0,0,0,0,0,0,1
6740.1,0,3663,3767,278,469,469,1,1,1,1,0,NVM,820,1000,820,591,1000,591,557,1000,0,0,0,0,0,0,1
6750.1,0,3663,3767,278,469,469,1,1,1,1,0,NVM,820,1000,820,591,1000,591,557,1000,0,0,0,0,0,0,1
6760.1,0,3663,3767,279,469,469,1,1,1,1,0,NVM,820,1000,820,591,1000,591,557,1000,0,0,0,0,0,0,1
6770.2,0,3663,3767,279,469,469,1,1,1,1,0,NVM,820,1000,820,591,1000,591,557,1000,0,0,0,0,0,0,1
6780.1,0,3663,3767,279,469,469,1,1,1,1,0,NVM,820,1000,820,591,1000,591,557,1000,0,0,0,0,0,0,1
6790.1,0,3663,3767,279,469,469,1,1,1,1,0,NVM,820,1000,820,591,1000,591,557,1000,0,0,0,0,0,0,1
6800.1,0,3663,3767,279,469,469,1,1,1,1,0,NVM,820,1000,820,591,1000,591,557,1000,0,0,0,0,0,0,1
6810.1,0,3663,3767,279,469,469,1,1,1,1,0,NVM,820,1000,820,591,1000,591,557,1000,0,0,0,0,0,0,1
6820.1,0,3663,3767,279,469,469,1,1,1,1,0,NVM,820,1000,820,591,1000,591,557,1000,0,0,0,0,0,0,1
6830.1,0,3663,3767,279,469,469,1,1,1,1,0,NVM,820,1000,820,591,1000,591,557,1000,0,0,0,0,0,0,1
6840.1,0,3663,3767,279,469,469,1,1,1,1,0,NVM,820,1000,820,591,1000,591,557,1000,0,0,0,0,0,0,1
6850.1,0,3663,3767,279,469,469,1,1,1,1,0,NVM,820,1000,820,591,1000,591,557,1000,0,0,0,0,0,0,1
6860.1,0,3626,3773,282,469,469,1,1,1,1,0,NVM,819,1000,819,590,1000,590,556,1000,0,0,0,0,0,0,1
6870.1,0,3626,3773,282,469,469,1,1,1,1,0,NVM,819,1000,819,590,1000,590,556,1000,0,0,0,0,0,0,1
6880.1,0,3626,3773,282,469,469,1,1,1,1,0,NVM,819,1000,819,590,1000,590,556,1000,0,0,0,0,0,0,1
6890.1,0,3626,3773,282,469,469,1,1,1,1,0,NVM,819,1000,819,590,1000,590,556,1000,0,0,0,0,0,0,1
6900.1,0,3626,3773,282,469,469,1,1,1,1,0,NVM,819,1000,819,590,1000,590,556,1000,0,0,0,0,0,0,1
6910.1,0,3626,3773,282,469,469,1,1,1,1,0,NVM,819,1000,819,590,1000,590,556,1000,0,0,0,0,0,0,1
6920.1,0,3626,3773,282,469,469,1,1,1,1,0,NVM,819,1000,819,590,1000,590,556,1000,0,0,0,0,0,0,1
6930.1,0,3626,3773,282,469,469,1,1,1,1,0,NVM,819,1000,819,590,1000,590,556,1000,0,0,0,0,0,0,1
6940.1,0,3626,3773,282,469,469,1,1,1,1,0,NVM,819,1000,819,590,1000,590,556,1000,0,0,0,0,0,0,1
6950.1,0,3626,3773,282,469,469,1,1,1,1,0,NVM,819,1000,819,590,1000,590,556,1000,0,0,0,0,0,0,1
6960.1,0,3626,3773,283,469,469,1,1,1,1,0,NVM,819,1000,819,589,1000,589,555,1000,0,0,0,0,0,0,1
6970.1,0,3626,3773,283,469,469,1,1,1,1,0,NVM,819,1000,819,589,1000,589,555,1000,0,0,0,0,0,0,1
6980.1,0,3626,3773,283,469,469,1,1,1,1,0,NVM,819,1000,819,589,1000,589,555,1000,0,0,0,0,0,0,1
6990.1,0,3626,3773,283,469,469,1,1,1,1,0,NVM,819,1000,819,589,1000,589,555,1000,0,0,0,0,0,0,1
7000.1,0,3626,3773,283,469,469,1,1,1,1,0,NVM,819,1000,819,589,1000,589,555,1000,0,0,0,0,0,0,1
7010.1,0,3626,3773,283,469,469,1,1,1,1,0,NVM,819,1000,819,589,1000,589,555,1000,0,0,0,0,0,0,1
7020.1,0,3626,3773,283,469,469,1,1,1,1,0,NVM,819,1000,819,589,1000,589,555,1000,0,0,0,0,0,0,1
7030.1,0,3626,3773,283,469,469,1,1,1,1,0,NVM,819,1000,819,589,1000,589,555,1000,0,0,0,0,0,0,1
7040.1,0,3626,3773,283,469,469,1,1,1,1,0,NVM,819,1000,819,589,1000,589,555,1000,0,0,0,0,0,0,1
7050.1,0,3626,3773,283,469,469,1,1,1,1,0,NVM,819,1000,819,589,1000,589,555,1000,0,0,0,0,0,0,1
7060.1,0,3631,3771,280,469,469,1,1,1,1,0,NVM,819,1000,819,590,1000,590,556,1000,0,0,0,0,0,0,1
7070.1,0,3631,3771,280,469,469,1,1,1,1,0,NVM,819,1000,819,590,1000,590,556,1000,0,0,0,0,0,0,1
7080.1,0,3631,3771,280,469,469,1,1,1,1,0,NVM,819,1000,819,590,1000,590,556,1000,0,0,0,0,0,0,1
7090.1,0,3631,3771,280,469,469,1,1,1,1,0,NVM,819,1000,819,590,1000,590,556,1000,0,0,0,0,0,0,1
7100.2,0,3631,3771,280,469,469,1,1,1,1,0,NVM,819,1000,819,590,1000,590,556,1000,0,0,0,0,0,0,1
7110.1,0,3631,3771,280,469,469,1,1,1,1,0,NVM,819,1000,819,590,1000,590,556,1000,0,0,0,0,0,0,1
7120.1,0,3631,3771,280,469,469,1,1,1,1,0,NVM,819,1000,819,590,1000,590,556,1000,0,0,0,0,0,0,1
7130.1,0,3631,3771,280,469,469,1,1,1,1,0,NVM,819,1000,819,590,1000,590,556,1000,0,0,0,0,0,0,1
7140.1,0,3631,3771,280,469,469,1,1,1,1,0,NVM,819,1000,819,590,1000,590,556,1000,0,0,0,0,0,0,1
7150.1,0,3631,3771,280,469,469,1,1,1,1,0,NVM,819,1000,819,590,1000,590,556,1000,0,0,0,0,0,0,1
7160.1,0,3631,3771,280,469,469,1,1,1,1,0,NVM,819,1000,819,590,1000,590,556,1000,0,0,0,0,0,0,1
7170.1,0,3631,3771,280,469,469,1,1,1,1,0,NVM,819,1000,819,590,1000,590,556,1000,0,0,0,0,0,0,1
7180.1,0,3631,3771,280,469,469,1,1,1,1,0,NVM,819,1000,819,590,1000,590,556,1000,0,0,0,0,0,0,1
7190.1,0,3631,3771,280,469,469,1,1,1,1,0,NVM,819,1000,819,590,1000,590,556,1000,0,0,0,0,0,0,1
7200.1,0,3631,3771,280,469,469,1,1,1,1,0,NVM,819,1000,819,590,1000,590,556,1000,0,0,0,0,0,0,1
7210.1,0,3631,3771,280,469,469,1,1,1,1,0,NVM,819,1000,819,590,1000,590,556,1000,0,0,0,0,0,0,1
7220.1,0,3631,3771,280,469,469,1,1,1,1,0,NVM,819,1000,819,590,1000,590,556,1000,0,0,0,0,0,0,1
7230.1,0,3631,3771,280,469,469,1,1,1,1,0,NVM,819,1000,819,590,1000,590,556,1000,0,0,0,0,0,0,1
7240.1,0,3631,3771,280,469,469,1,1,1,1,0,NVM,819,1000,819,590,1000,590,556,1000,0,0,0,0,0,0,1
7250.1,0,3631,3771,280,469,469,1,1,1,1,0,NVM,819,1000,819,590,1000,590,556,1000,0,0,0,0,0,0,1
7260.1,0,3643,3763,282,469,469,1,1,1,1,0,NVM,819,1000,819,590,1000,590,556,1000,0,0,0,0,0,0,1
7270.1,0,3643,3763,282,469,469,1,1,1,1,0,NVM,819,1000,819,590,1000,590,556,1000,0,0,0,0,0,0,1
7280.1,0,3643,3763,282,469,469,1,1,1,1,0,NVM,819,1000,819,590,1000,590,556,1000,0,0,0,0,0,0,1
7290.1,0,3643,3763,282,469,469,1,1,1,1,0,NVM,819,1000,819,590,1000,590,556,1000,0,0,0,0,0,0,1
7300.1,0,3643,3763,282,469,469,1,1,1,1,0,NVM,819,1000,819,590,1000,590,556,1000,0,0,0,0,0,0,1
7310.1,0,3643,3763,282,469,469,1,1,1,1,0,NVM,819,1000,819,590,1000,590,556,1000,0,0,0,0,0,0,1
7320.1,0,3643,3763,282,469,469,1,1,1,1,0,NVM,819,1000,819,590,1000,590,556,1000,0,0,0,0,0,0,1
7330.1,0,3643,3763,282,469,469,1,1,1,1,0,NVM,819,1000,819,590,1000,590,556,1000,0,0,0,0,0,0,1
7340.1,0,3643,3763,282,469,469,1,1,1,1,0,NVM,819,1000,819,590,1000,590,556,1000,0,0,0,0,0,0,1
7350.1,0,3643,3763,282,469,469,1,1,1,1,0,NVM,819,1000,819,590,1000,590,556,1000,0,0,0,0,0,0,1
7360.1,0,3643,3763,282,469,469,1,1,1,1,0,NVM,819,1000,819,590,1000,590,556,1000,0,0,0,0,0,0,1
7370.1,0,3643,3763,282,469,469,1,1,1,1,0,NVM,819,1000,819,590,1000,590,556,1000,0,0,0,0,0,0,1
7380.1,0,3643,3763,282,469,469,1,1,1,1,0,NVM,819,1000,819,590,1000,590,556,1000,0,0,0,0,0,0,1
7390.1,0,3643,3763,282,469,469,1,1,1,1,0,NVM,819,1000,819,590,1000,590,556,1000,0,0,0,0,0,0,1
7400.1,0,3643,3763,282,469,469,1,1,1,1,0,NVM,819,1000,819,590,1000,590,556,1000,0,0,0,0,0,0,1
7410.1,0,3643,3763,282,469,469,1,1,1,1,0,NVM,819,1000,819,590,1000,590,556,1000,0,0,0,0,0,0,1
7420.1,0,3643,3763,282,469,469,1,1,1,1,0,NVM,819,1000,819,590,1000,590,556,1000,0,0,0,0,0,0,1
7430.1,0,3643,3763,282,469,469,1,1,1,1,0,NVM,819,1000,819,590,1000,590,556,1000,0,0,0,0,0,0,1
7440.1,0,3643,3763,282,469,469,1,1,1,1,0,NVM,819,1000,819,590,1000,590,556,1000,0,0,0,0,0,0,1
7450.1,0,3643,3763,282,469,469,1,1,1,1,0,NVM,819,1000,819,590,1000,590,556,1000,0,0,0,0,0,0,1
7460.1,0,3639,3772,278,469,469,1,1,1,1,0,NVM,820,1000,820,591,1000,591,557,1000,0,0,0,0,0,0,1
7470.1,0,3639,3772,278,469,469,1,1,1,1,0,NVM,820,1000,820,591,1000,591,557,1000,0,0,0,0,0,0,1
7480.1,0,3639,3772,278,469,469,1,1,1,1,0,NVM,820,1000,820,591,1000,591,557,1000,0,0,0,0,0,0,1
7490.1,0,3639,3772,278,469,469,1,1,1,1,0,NVM,820,1000,820,591,1000,591,557,1000,0,0,0,0,0,0,1
7500.1,0,3639,3772,278,469,469,1,1,1,1,0,NVM,820,1000,820,591,1000,591,557,1000,0,0,0,0,0,0,1
7510.1,0,3639,3772,278,469,469,1,1,1,1,0,NVM,820,1000,820,591,1000,591,557,1000,0,0,0,0,0,0,1
7520.1,0,3639,3772,278,469,469,1,1,1,1,0,NVM,820,1000,820,591,1000,591,557,1000,0,0,0,0,0,0,1
7530.1,0,3639,3772,278,469,469,1,1,1,1,0,NVM,820,1000,820,591,1000,591,557,1000,0,0,0,0,0,0,1
7540.1,0,3639,3772,278,469,469,1,1,1,1,0,NVM,820,1000,820,591,1000,591,557,1000,0,0,0,0,0,0,1
7550.1,0,3639,3772,278,469,469,1,1,1,1,0,NVM,820,1000,820,591,1000,591,557,1000,0,0,0,0,0,0,1
7560.1,0,3639,3772,281,469,469,1,1,1,1,0,NVM,819,1000,819,590,1000,590,556,1000,0,0,0,0,0,0,1
7570.1,0,3639,3772,281,469,469,1,1,1,1,0,NVM,819,1000,819,590,1000,590,556,1000,0,0,0,0,0,0,1
7580.1,0,3639,3772,281,469,469,1,1,1,1,0,NVM,819,1000,819,590,1000,590,556,1000,0,0,0,0,0,0,1
7590.1,0,3639,3772,281,469,469,1,1,1,1,0,NVM,819,1000,819,590,1000,590,556,1000,0,0,0,0,0,0,1
7600.1,0,3639,3772,281,469,469,1,1,1,1,0,NVM,819,1000,819,590,1000,590,556,1000,0,0,0,0,0,0,1
7610.1,0,3639,3772,281,469,469,1,1,1,1,0,NVM,819,1000,819,590,1000,590,556,1000,0,0,0,0,0,0,1
7620.1,0,3639,3772,281,469,469,1,1,1,1,0,NVM,819,1000,819,590,1000,590,556,1000,0,0,0,0,0,0,1
7630.1,0,3639,3772,281,469,469,1,1,1,1,0,NVM,819,1000,819,590,1000,590,556,1000,0,0,0,0,0,0,1
7640.1,0,3639,3772,281,469,469,1,1,1,1,0,NVM,819,1000,819,590,1000,590,556,1000,0,0,0,0,0,0,1
7650.1,0,3639,3772,281,469,469,1,1,1,1,0,NVM,819,1000,819,590,1000,590,556,1000,0,0,0,0,0,0,1
7660.1,0,3630,3772,278,469,469,1,1,1,1,0,NVM,820,1000,820,591,1000,591,557,1000,0,0,0,0,0,0,1
7670.1,0,3630,3772,278,469,469,1,1,1,1,0,NVM,820,1000,820,591,1000,591,557,1000,0,0,0,0,0,0,1
7680.1,0,3630,3772,278,469,469,1,1,1,1,0,NVM,820,1000,820,591,1000,591,557,1000,0,0,0,0,0,0,1
7690.1,0,3630,3772,278,469,469,1,1,1,1,0,NVM,820,1000,820,591,1000,591,557,1000,0,0,0,0,0,0,1
7700.1,0,3630,3772,278,469,469,1,1,1,1,0,NVM,820,1000,820,591,1000,591,557,1000,0,0,0,0,0,0,1
7710.1,0,3630,3772,278,469,469,1,1,1,1,0,NVM,820,1000,820,591,1000,591,557,1000,0,0,0,0,0,0,1
7720.1,0,3630,3772,278,469,469,1,1,1,1,0,NVM,820,1000,820,591,1000,591,557,1000,0,0,0,0,0,0,1
7730.1,0,3630,3772,278,469,469,1,1,1,1,0,NVM,820,1000,820,591,1000,591,557,1000,0,0,0,0,0,0,1
7740.1,0,3630,3772,278,469,469,1,1,1,1,0,NVM,820,1000,820,591,1000,591,557,1000,0,0,0,0,0,0,1
7750.1,0,3630,3772,278,469,469,1,1,1,1,0,NVM,820,1000,820,591,1000,591,557,1000,0,0,0,0,0,0,1
7760.1,0,3630,3772,278,469,469,1,1,1,1,0,NVM,820,1000,820,591,1000,591,557,1000,0,0,0,0,0,0,1
7770.1,0,3630,3772,278,469,469,1,1,1,1,0,NVM,820,1000,820,591,1000,591,557,1000,0,0,0,0,0,0,1
7780.1,0,3630,3772,278,469,469,1,1,1,1,0,NVM,820,1000,820,591,1000,591,557,1000,0,0,0,0,0,0,1
7790.1,0,3630,3772,278,469,469,1,1,1,1,0,NVM,820,1000,820,591,1000,591,557,1000,0,0,0,0,0,0,1
7800.1,0,3630,3772,278,469,469,1,1,1,1,0,NVM,820,1000,820,591,1000,591,557,1000,0,0,0,0,0,0,1
7810.1,0,3630,3772,278,469,469,1,1,1,1,0,NVM,820,1000,820,591,1000,591,557,1000,0,0,0,0,0,0,1
7820.1,0,3630,3772,278,469,469,1,1,1,1,0,NVM,820,1000,820,591,1000,591,557,1000,0,0,0,0,0,0,1
7830.1,0,3630,3772,278,469,469,1,1,1,1,0,NVM,820,1000,820,591,1000,591,557,1000,0,0,0,0,0,0,1
7840.1,0,3630,3772,278,469,469,1,1,1,1,0,NVM,820,1000,820,591,1000,591,557,1000,0,0,0,0,0,0,1
7850.1,0,3630,3772,278,469,469,1,1,1,1,0,NVM,820,1000,820,591,1000,591,557,1000,0,0,0,0,0,0,1
7860.1,0,3631,3774,283,469,469,1,1,1,1,0,NVM,819,1000,819,589,1000,589,555,1000,0,0,0,0,0,0,1
7870.1,0,3631,3774,283,469,469,1,1,1,1,0,NVM,819,1000,819,589,1000,589,555,1000,0,0,0,0,0,0,1
7880.1,0,3631,3774,283,469,469,1,1,1,1,0,NVM,819,1000,819,589,1000,589,555,1000,0,0,0,0,0,0,1
7890.1,0,3631,3774,283,469,469,1,1,1,1,0,NVM,819,1000,819,589,1000,589,555,1000,0,0,0,0,0,0,1
7900.1,0,3631,3774,283,469,469,1,1,1,1,0,NVM,819,1000,819,589,1000,589,555,1000,0,0,0,0,0,0,1
7910.1,0,3631,3774,283,469,469,1,1,1,1,0,NVM,819,1000,819,589,1000,589,555,1000,0,0,0,0,0,0,1
7920.1,0,3631,3774,283,469,469,1,1,1,1,0,NVM,819,1000,819,589,1000,589,555,1000,0,0,0,0,0,0,1
7930.1,0,3631,3774,283,469,469,1,1,1,1,0,NVM,819,1000,819,589,1000,589,555,1000,0,0,0,0,0,0,1
7940.1,0,3631,3774,283,469,469,1,1,1,1,0,NVM,819,1000,819,589,1000,589,555,1000,0,0,0,0,0,0,1
7950.1,0,3631,3774,283,469,469,1,1,1,1,0,NVM,819,1000,819,589,1000,589,555,1000,0,0,0,0,0,0,1
7960.1,0,3631,3774,281,469,469,1,1,1,1,0,NVM,819,1000,819,590,1000,590,556,1000,0,0,0,0,0,0,1
7970.1,0,3631,3774,281,469,469,1,1,1,1,0,NVM,819,1000,819,590,1000,590,556,1000,0,0,0,0,0,0,1
7980.1,0,3631,3774,281,469,469,1,1,1,1,0,NVM,819,1000,819,590,1000,590,556,1000,0,0,0,0,0,0,1
7990.1,0,3631,3774,281,469,469,1,1,1,1,0,NVM,819,1000,819,590,1000,590,556,1000,0,0,0,0,0,0,1
8000.1,0,3631,3774,281,469,469,1,1,1,1,0,NVM,819,1000,819,590,1000,590,556,1000,0,0,0,0,0,0,1
8010.1,0,3631,3774,281,469,469,1,1,1,1,0,NVM,819,1000,819,590,1000,590,556,1000,0,0,0,0,0,0,1
8020.1,0,3631,3774,281,469,469,1,1,1,1,0,NVM,819,1000,819,590,1000,590,556,1000,0,0,0,0,0,0,1
8030.1,0,3631,3774,281,469,469,1,1,1,1,0,NVM,819,1000,819,590,1000,590,556,1000,0,0,0,0,0,0,1
8040.1,0,3631,3774,281,469,469,1,1,1,1,0,NVM,819,1000,819,590,1000,590,556,1000,0,0,0,0,0,0,1
8050.1,0,3631,3774,281,469,469,1,1,1,1,0,NVM,819,1000,819,590,1000,590,556,1000,0,0,0,0,0,0,1
8060.1,0,3646,3766,281,469,469,1,1,1,1,0,NVM,819,1000,819,590,1000,590,556,1000,0,0,0,0,0,0,1
8070.1,0,3646,3766,281,469,469,1,1,1,1,0,NVM,819,1000,819,590,1000,590,556,1000,0,0,0,0,0,0,1
8080.1,0,3646,3766,281,469,469,1,1,1,1,0,NVM,819,1000,819,590,1000,590,556,1000,0,0,0,0,0,0,1
8090.1,0,3646,3766,281,469,469,1,1,1,1,0,NVM,819,1000,819,590,1000,590,556,1000,0,0,0,0,0,0,1
8100.1,0,3646,3766,281,469,469,1,1,1,1,0,NVM,819,1000,819,590,1000,590,556,1000,0,0,0,0,0,0,1
8110.1,0,3646,3766,281,469,469,1,1,1,1,0,NVM,819,1000,819,590,1000,590,556,1000,0,0,0,0,0,0,1
8120.1,0,3646,3766,281,469,469,1,1,1,1,0,NVM,819,1000,819,590,1000,590,556,1000,0,0,0,0,0,0,1
8130.1,0,3646,3766,281,469,469,1,1,1,1,0,NVM,819,1000,819,590,1000,590,556,1000,0,0,0,0,0,0,1
8140.1,0,3646,3766,281,469,469,1,1,1,1,0,NVM,819,1000,819,590,1000,590,556,1000,0,0,0,0,0,0,1
8150.1,0,3646,3766,281,469,469,1,1,1,1,0,NVM,819,1000,819,590,1000,590,556,1000,0,0,0,0,0,0,1
8160.1,0,3646,3766,284,469,469,1,1,1,1,0,NVM,818,1000,818,589,1000,589,555,1000,0,0,0,0,0,0,1
8170.1,0,3646,3766,284,469,469,1,1,1,1,0,NVM,818,1000,818,589,1000,589,555,1000,0,0,0,0,0,0,1
8180.1,0,3646,3766,284,469,469,1,1,1,1,0,NVM,818,1000,818,589,1000,589,555,1000,0,0,0,0,0,0,1
8190.1,0,3646,3766,284,469,469,1,1,1,1,0,NVM,818,1000,818,589,1000,589,555,1000,0,0,0,0,0,0,1
8200.1,0,3646,3766,284,469,469,1,1,1,1,0,NVM,818,1000,818,589,1000,589,555,1000,0,0,0,0,0,0,1
8210.1,0,3646,3766,284,469,469,1,1,1,1,0,NVM,818,1000,818,589,1000,589,555,1000,0,0,0,0,0,0,1
8220.1,0,3646,3766,284,469,469,1,1,1,1,0,NVM,818,1000,818,589,1000,589,555,1000,0,0,0,0,0,0,1
8230.1,0,3646,3766,284,469,469,1,1,1,1,0,NVM,818,1000,818,589,1000,589,555,1000,0,0,0,0,0,0,1
8240.1,0,3646,3766,284,469,469,1,1,1,1,0,NVM,818,1000,818,589,1000,589,555,1000,0,0,0,0,0,0,1
8250.1,0,3646,3766,284,469,469,1,1,1,1,0,NVM,818,1000,818,589,1000,589,555,1000,0,0,0,0,0,0,1
8260.1,0,3631,3774,282,469,469,1,1,1,1,0,NVM,819,1000,819,590,1000,590,556,1000,0,0,0,0,0,0,1
8270.1,0,3631,3774,282,469,469,1,1,1,1,0,NVM,819,1000,819,590,1000,590,556,1000,0,0,0,0,0,0,1
8280.1,0,3631,3774,282,469,469,1,1,1,1,0,NVM,819,1000,819,590,1000,590,556,1000,0,0,0,0,0,0,1
8290.1,0,3631,3774,282,469,469,1,1,1,1,0,NVM,819,1000,819,590,1000,590,556,1000,0,0,0,0,0,0,1
8300.1,0,3631,3774,282,469,469,1,1,1,1,0,NVM,819,1000,819,590,1000,590,556,1000,0,0,0,0,0,0,1
8310.1,0,3631,3774,282,469,469,1,1,1,1,0,NVM,819,1000,819,590,1000,590,556,1000,0,0,0,0,0,0,1
8320.1,0,3631,3774,282,469,469,1,1,1,1,0,NVM,819,1000,819,590,1000,590,556,1000,0,0,0,0,0,0,1
8330.1,0,3631,3774,282,469,469,1,1,1,1,0,NVM,819,1000,819,590,1000,590,556,1000,0,0,0,0,0,0,1
8340.1,0,3631,3774,282,469,469,1,1,1,1,0,NVM,819,1000,819,590,1000,590,556,1000,0,0,0,0,0,0,1
8350.1,0,3631,3774,282,469,469,1,1,1,1,0,NVM,819,1000,819,590,1000,590,556,1000,0,0,0,0,0,0,1
8360.1,0,3631,3774,278,469,469,1,1,1,1,0,NVM,820,1000,820,591,1000,591,557,1000,0,0,0,0,0,0,1
8370.1,0,3631,3774,278,469,469,1,1,1,1,0,NVM,820,1000,820,591,1000,591,557,1000,0,0,0,0,0,0,1
8380.1,0,3631,3774,278,469,469,1,1,1,1,0,NVM,820,1000,820,591,1000,591,557,1000,0,0,0,0,0,0,1
8390.1,0,3631,3774,278,469,469,1,1,1,1,0,NVM,820,1000,820,591,1000,591,557,1000,0,0,0,0,0,0,1
8400.1,0,3631,3774,278,469,469,1,1,1,1,0,NVM,820,1000,820,591,1000,591,557,1000,0,0,0,0,0,0,1
8410.1,0,3631,3774,278,469,469,1,1,1,1,0,NVM,820,1000,820,591,1000,591,557,1000,0,0,0,0,0,0,1
8420.1,0,3631,3774,278,469,469,1,1,1,1,0,NVM,820,1000,820,591,1000,591,557,1000,0,0,0,0,0,0,1
8430.1,0,3631,3774,278,469,469,1,1,1,1,0,NVM,820,1000,820,591,1000,591,557,1000,0,0,0,0,0,0,1
8440.1,0,3631,3774,278,469,469,1,1,1,1,0,NVM,820,1000,820,591,1000,591,557,1000,0,0,0,0,0,0,1
8450.1,0,3631,3774,278,469,469,1,1,1,1,0,NVM,820,1000,820,591,1000,591,557,1000,0,0,0,0,0,0,1
8460.1,0,3656,3753,283,469,469,1,1,1,1,0,NVM,819,1000,819,589,1000,589,555,1000,0,0,0,0,0,0,1
8470.1,0,3656,3753,283,469,469,1,1,1,1,0,NVM,819,1000,819,589,1000,589,555,1000,0,0,0,0,0,0,1
8480.1,0,3656,3753,283,469,469,1,1,1,1,0,NVM,819,1000,819,589,1000,589,555,1000,0,0,0,0,0,0,1
8490.1,0,3656,3753,283,469,469,1,1,1,1,0,NVM,819,1000,819,589,1000,589,555,1000,0,0,0,0,0,0,1
8500.1,0,3656,3753,283,469,469,1,1,1,1,0,NVM,819,1000,819,589,1000,589,555,1000,0,0,0,0,0,0,1
8510.1,0,3656,3753,283,469,469,1,1,1,1,0,NVM,819,1000,819,589,1000,589,555,1000,0,0,0,0,0,0,1
8520.1,0,3656,3753,283,469,469,1,1,1,1,0,NVM,819,1000,819,589,1000,589,555,1000,0,0,0,0,0,0,1
8530.1,0,3656,3753,283,469,469,1,1,1,1,0,NVM,819,1000,819,589,1000,589,555,1000,0,0,0,0,0,0,1
8540.1,0,3656,3753,283,469,469,1,1,1,1,0,NVM,819,1000,819,589,1000,589,555,1000,0,0,0,0,0,0,1
8550.1,0,3656,3753,283,469,469,1,1,1,1,0,NVM,819,1000,819,589,1000,589,555,1000,0,0,0,0,0,0,1
8560.1,0,3656,3753,282,469,469,1,1,1,1,0,NVM,819,1000,819,590,1000,590,556,1000,0,0,0,0,0,0,1
8570.1,0,3656,3753,282,469,469,1,1,1,1,0,NVM,819,1000,819,590,1000,590,556,1000,0,0,0,0,0,0,1
8580.1,0,3656,3753,282,469,469,1,1,1,1,0,NVM,819,1000,819,590,1000,590,556,1000,0,0,0,0,0,0,1
8590.1,0,3656,3753,282,469,469,1,1,1,1,0,NVM,819,1000,819,590,1000,590,556,1000,0,0,0,0,0,0,1
8600.1,0,3656,3753,282,469,469,1,1,1,1,0,NVM,819,1000,819,590,1000,590,556,1000,0,0,0,0,0,0,1
8610.1,0,3656,3753,282,469,469,1,1,1,1,0,NVM,819,1000,819,590,1000,590,556,1000,0,0,0,0,0,0,1
8620.1,0,3656,3753,282,469,469,1,1,1,1,0,NVM,819,1000,819,590,1000,590,556,1000,0,0,0,0,0,0,1
8630.1,0,3656,3753,282,469,469,1,1,1,1,0,NVM,819,1000,819,590,1000,590,556,1000,0,0,0,0,0,0,1
8640.1,0,3656,3753,282,469,469,1,1,1,1,0,NVM,819,1000,819,590,1000,590,556,1000,0,0,0,0,0,0,1
8650.1,0,3656,3753,282,469,469,1,1,1,1,0,NVM,819,1000,819,590,1000,590,556,1000,0,0,0,0,0,0,1
8660.1,0,3656,3753,281,469,469,1,1,1,1,0,NVM,819,1000,819,590,1000,590,556,1000,0,0,0,0,0,0,1
8670.1,0,3656,3753,281,469,469,1,1,1,1,0,NVM,819,1000,819,590,1000,590,556,1000,0,0,0,0,0,0,1
8680.1,0,3656,3753,281,469,469,1,1,1,1,0,NVM,819,1000,819,590,1000,590,556,1000,0,0,0,0,0,0,1
8690.1,0,3656,3753,281,469,469,1,1,1,1,0,NVM,819,1000,819,590,1000,590,556,1000,0,0,0,0,0,0,1
8700.1,0,3656,3753,281,469,469,1,1,1,1,0,NVM,819,1000,819,590,1000,590,556,1000,0,0,0,0,0,0,1
8710.1,0,3656,3753,281,469,469,1,1,1,1,0,NVM,819,1000,819,590,1000,590,556,1000,0,0,0,0,0,0,1
8720.1,0,3656,3753,281,469,469,1,1,1,1,0,NVM,819,1000,819,590,1000,590,556,1000,0,0,0,0,0,0,1
8730.1,0,3656,3753,281,469,469,1,1,1,1,0,NVM,819,1000,819,590,1000,590,556,1000,0,0,0,0,0,0,1
8740.1,0,3656,3753,281,469,469,1,1,1,1,0,NVM,819,1000,819,590,1000,590,556,1000,0,0,0,0,0,0,1
8750.1,0,3656,3753,281,469,469,1,1,1,1,0,NVM,819,1000,819,590,1000,590,556,1000,0,0,0,0,0,0,1
8760.1,0,3633,3771,281,469,469,1,1,1,1,0,NVM,819,1000,819,590,1000,590,556,1000,0,0,0,0,0,0,1
8770.1,0,3633,3771,281,469,469,1,1,1,1,0,NVM,819,1000,819,590,1000,590,556,1000,0,0,0,0,0,0,1
8780.1,0,3633,3771,281,469,469,1,1,1,1,0,NVM,819,1000,819,590,1000,590,556,1000,0,0,0,0,0,0,1
8790.1,0,3633,3771,281,469,469,1,1,1,1,0,NVM,819,1000,819,590,1000,590,556,1000,0,0,0,0,0,0,1
8800.1,0,3633,3771,281,469,469,1,1,1,1,0,NVM,819,1000,819,590,1000,590,556,1000,0,0,0,0,0,0,1
8810.1,0,3633,3771,281,469,469,1,1,1,1,0,NVM,819,1000,819,590,1000,590,556,1000,0,0,0,0,0,0,1
8820.1,0,3633,3771,281,469,469,1,1,1,1,0,NVM,819,1000,819,590,1000,590,556,1000,0,0,0,0,0,0,1
8830.1,0,3633,3771,281,469,469,1,1,1,1,0,NVM,819,1000,819,590,1000,590,556,1000,0,0,0,0,0,0,1
8840.1,0,3633,3771,281,469,469,1,1,1,1,0,NVM,819,1000,819,590,1000,590,556,1000,0,0,0,0,0,0,1
8850.1,0,3633,3771,281,469,469,1,1,1,1,0,NVM,819,1000,819,590,1000,590,556,1000,0,0,0,0,0,0,1
8860.1,0,3633,3771,282,469,469,1,1,1,1,0,NVM,819,1000,819,590,1000,590,556,1000,0,0,0,0,0,0,1
8870.1,0,3633,3771,282,469,469,1,1,1,1,0,NVM,819,1000,819,590,1000,590,556,1000,0,0,0,0,0,0,1
8880.1,0,3633,3771,282,469,469,1,1,1,1,0,NVM,819,1000,819,590,1000,590,556,1000,0,0,0,0,0,0,1
8890.1,0,3633,3771,282,469,469,1,1,1,1,0,NVM,819,1000,819,590,1000,590,556,1000,0,0,0,0,0,0,1
8900.1,0,3633,3771,282,469,469,1,1,1,1,0,NVM,819,1000,819,590,1000,590,556,1000,0,0,0,0,0,0,1
8910.1,0,3633,3771,282,469,469,1,1,1,1,0,NVM,819,1000,819,590,1000,590,556,1000,0,0,0,0,0,0,1
8920.1,0,3633,3771,282,469,469,1,1,1,1,0,NVM,819,1000,819,590,1000,590,556,1000,0,0,0,0,0,0,1
8930.1,0,3633,3771,282,469,469,1,1,1,1,0,NVM,819,1000,819,590,1000,590,556,1000,0,0,0,0,0,0,1
8940.1,0,3633,3771,282,469,469,1,1,1,1,0,NVM,819,1000,819,590,1000,590,556,1000,0,0,0,0,0,0,1
8950.1,0,3633,3771,282,469,469,1,1,1,1,0,NVM,819,1000,819,590,1000,590,556,1000,0,0,0,0,0,0,1
8960.1,0,3634,3765,282,469,469,1,1,1,1,0,NVM,819,1000,819,590,1000,590,556,1000,0,0,0,0,0,0,1
8970.1,0,3634,3765,282,469,469,1,1,1,1,0,NVM,819,1000,819,590,1000,590,556,1000,0,0,0,0,0,0,1
8980.1,0,3634,3765,282,469,469,1,1,1,1,0,NVM,819,1000,819,590,1000,590,556,1000,0,0,0,0,0,0,1
8990.1,0,3634,3765,282,469,469,1,1,1,1,0,NVM,819,1000,819,590,1000,590,556,1000,0,0,0,0,0,0,1
9000.1,0,3634,3765,282,469,469,1,1,1,1,0,NVM,819,1000,819,590,1000,590,556,1000,0,0,0,0,0,0,1
9010.1,0,3634,3765,282,469,469,1,1,1,1,0,NVM,819,1000,819,590,1000,590,556,1000,0,0,0,0,0,0,1
9020.1,0,3634,3765,282,469,469,1,1,1,1,0,NVM,819,1000,819,590,1000,590,556,1000,0,0,0,0,0,0,1
9030.1,0,3634,3765,282,469,469,1,1,1,1,0,NVM,819,1000,819,590,1000,590,556,1000,0,0,0,0,0,0,1
9040.1,0,3634,3765,282,469,469,1,1,1,1,0,NVM,819,1000,819,590,1000,590,556,1000,0,0,0,0,0,0,1
9050.1,0,3634,3765,282,469,469,1,1,1,1,0,NVM,819,1000,819,590,1000,590,556,1000,0,0,0,0,0,0,1
9060.1,0,3634,3765,280,469,469,1,1,1,1,0,NVM,819,1000,819,590,1000,590,556,1000,0,0,0,0,0,0,1
9070.1,0,3634,3765,280,469,469,1,1,1,1,0,NVM,819,1000,819,590,1000,590,556,1000,0,0,0,0,0,0,1
9080.1,0,3634,3765,280,469,469,1,1,1,1,0,NVM,819,1000,819,590,1000,590,556,1000,0,0,0,0,0,0,1
9090.1,0,3634,3765,280,469,469,1,1,1,1,0,NVM,819,1000,819,590,1000,590,556,1000,0,0,0,0,0,0,1
9100.1,0,3634,3765,280,469,469,1,1,1,1,0,NVM,819,1000,819,590,1000,590,556,1000,0,0,0,0,0,0,1
9110.1,0,3634,3765,280,469,469,1,1,1,1,0,NVM,819,1000,819,590,1000,590,556,1000,0,0,0,0,0,0,1
9120.1,0,3634,3765,280,469,469,1,1,1,1,0,NVM,819,1000,819,590,1000,590,556,1000,0,0,0,0,0,0,1
9130.2,0,3634,3765,280,469,469,1,1,1,1,0,NVM,819,1000,819,590,1000,590,556,1000,0,0,0,0,0,0,1
9140.1,0,3634,3765,280,469,469,1,1,1,1,0,NVM,819,1000,819,590,1000,590,556,1000,0,0,0,0,0,0,1
9150.1,0,3634,3765,280,469,469,1,1,1,1,0,NVM,819,1000,819,590,1000,590,556,1000,0,0,0,0,0,0,1
9160.1,0,3641,3769,281,469,469,1,1,1,1,0,NVM,819,1000,819,590,1000,590,556,1000,0,0,0,0,0,0,1
9170.1,0,3641,3769,281,469,469,1,1,1,1,0,NVM,819,1000,819,590,1000,590,556,1000,0,0,0,0,0,0,1
9180.1,0,3641,3769,281,469,469,1,1,1,1,0,NVM,819,1000,819,590,1000,590,556,1000,0,0,0,0,0,0,1
9190.1,0,3641,3769,281,469,469,1,1,1,1,0,NVM,819,1000,819,590,1000,590,556,1000,0,0,0,0,0,0,1
9200.1,0,3641,3769,281,469,469,1,1,1,1,0,NVM,819,1000,819,590,1000,590,556,1000,0,0,0,0,0,0,1
9210.1,0,3641,3769,281,469,469,1,1,1,1,0,NVM,819,1000,819,590,1000,590,556,1000,0,0,0,0,0,0,1
9220.1,0,3641,3769,281,469,469,1,1,1,1,0,NVM,819,1000,819,590,1000,590,556,1000,0,0,0,0,0,0,1
9230.1,0,3641,3769,281,469,469,1,1,1,1,0,NVM,819,1000,819,590,1000,590,556,1000,0,0,0,0,0,0,1
9240.1,0,3641,3769,281,469,469,1,1,1,1,0,NVM,819,1000,819,590,1000,590,556,1000,0,0,0,0,0,0,1
9250.1,0,3641,3769,281,469,469,1,1,1,1,0,NVM,819,1000,819,590,1000,590,556,1000,0,0,0,0,0,0,1
9260.1,0,3641,3769,281,469,469,1,1,1,1,0,NVM,819,1000,819,590,1000,590,556,1000,0,0,0,0,0,0,1
9270.1,0,3641,3769,281,469,469,1,1,1,1,0,NVM,819,1000,819,590,1000,590,556,1000,0,0,0,0,0,0,1
9280.1,0,3641,3769,281,469,469,1,1,1,1,0,NVM,819,1000,819,590,1000,590,556,1000,0,0,0,0,0,0,1
9290.1,0,3641,3769,281,469,469,1,1,1,1,0,NVM,819,1000,819,590,1000,590,556,1000,0,0,0,0,0,0,1
9300.1,0,3641,3769,281,469,469,1,1,1,1,0,NVM,819,1000,819,590,1000,590,556,1000,0,0,0,0,0,0,1
9310.1,0,3641,3769,281,469,469,1,1,1,1,0,NVM,819,1000,819,590,1000,590,556,1000,0,0,0,0,0,0,1
9320.1,0,3641,3769,281,469,469,1,1,1,1,0,NVM,819,1000,819,590,1000,590,556,1000,0,0,0,0,0,0,1
9330.1,0,3641,3769,281,469,469,1,1,1,1,0,NVM,819,1000,819,590,1000,590,556,1000,0,0,0,0,0,0,1
9340.1,0,3641,3769,281,469,469,1,1,1,1,0,NVM,819,1000,819,590,1000,590,556,1000,0,0,0,0,0,0,1
9350.1,0,3641,3769,281,469,469,1,1,1,1,0,NVM,819,1000,819,590,1000,590,556,1000,0,0,0,0,0,0,1
9360.1,0,3651,3760,285,469,469,1,1,1,1,0,NVM,818,1000,818,589,1000,589,555,1000,0,0,0,0,0,0,1
9370.1,0,3651,3760,285,469,469,1,1,1,1,0,NVM,818,1000,818,589,1000,589,555,1000,0,0,0,0,0,0,1
9380.1,0,3651,3760,285,469,469,1,1,1,1,0,NVM,818,1000,818,589,1000,589,555,1000,0,0,0,0,0,0,1
9390.1,0,3651,3760,285,469,469,1,1,1,1,0,NVM,818,1000,818,589,1000,589,555,1000,0,0,0,0,0,0,1
9400.1,0,3651,3760,285,469,469,1,1,1,1,0,NVM,818,1000,818,589,1000,589,555,1000,0,0,0,0,0,0,1
9410.1,0,3651,3760,285,469,469,1,1,1,1,0,NVM,818,1000,818,589,1000,589,555,1000,0,0,0,0,0,0,1
9420.1,0,3651,3760,285,469,469,1,1,1,1,0,NVM,818,1000,818,589,1000,589,555,1000,0,0,0,0,0,0,1
9430.1,0,3651,3760,285,469,469,1,1,1,1,0,NVM,818,1000,818,589,1000,589,555,1000,0,0,0,0,0,0,1
9440.1,0,3651,3760,285,469,469,1,1,1,1,0,NVM,818,1000,818,589,1000,589,555,1000,0,0,0,0,0,0,1
9450.1,0,3651,3760,285,469,469,1,1,1,1,0,NVM,818,1000,818,589,1000,589,555,1000,0,0,0,0,0,0,1
9460.1,0,3651,3760,281,469,469,1,1,1,1,0,NVM,819,1000,819,590,1000,590,556,1000,0,0,0,0,0,0,1
9470.1,0,3651,3760,281,469,469,1,1,1,1,0,NVM,819,1000,819,590,1000,590,556,1000,0,0,0,0,0,0,1
9480.1,0,3651,3760,281,469,469,1,1,1,1,0,NVM,819,1000,819,590,1000,590,556,1000,0,0,0,0,0,0,1
9490.1,0,3651,3760,281,469,469,1,1,1,1,0,NVM,819,1000,819,590,1000,590,556,1000,0,0,0,0,0,0,1
9500.1,0,3651,3760,281,469,469,1,1,1,1,0,NVM,819,1000,819,590,1000,590,556,1000,0,0,0,0,0,0,1
9510.1,0,3651,3760,281,469,469,1,1,1,1,0,NVM,819,1000,819,590,1000,590,556,1000,0,0,0,0,0,0,1
9520.1,0,3651,3760,281,469,469,1,1,1,1,0,NVM,819,1000,819,590,1000,590,556,1000,0,0,0,0,0,0,1
9530.1,0,3651,3760,281,469,469,1,1,1,1,0,NVM,819,1000,819,590,1000,590,556,1000,0,0,0,0,0,0,1
9540.1,0,3651,3760,281,469,469,1,1,1,1,0,NVM,819,1000,819,590,1000,590,556,1000,0,0,0,0,0,0,1
9550.1,0,3651,3760,281,469,469,1,1,1,1,0,NVM,819,1000,819,590,1000,590,556,1000,0,0,0,0,0,0,1
9560.1,0,3630,3763,278,469,469,1,1,1,1,0,NVM,820,1000,820,591,1000,591,557,1000,0,0,0,0,0,0,1
9570.1,0,3630,3763,278,469,469,1,1,1,1,0,NVM,820,1000,820,591,1000,591,557,1000,0,0,0,0,0,0,1
9580.1,0,3630,3763,278,469,469,1,1,1,1,0,NVM,820,1000,820,591,1000,591,557,1000,0,0,0,0,0,0,1
9590.1,0,3630,3763,278,469,469,1,1,1,1,0,NVM,820,1000,820,591,1000,591,557,1000,0,0,0,0,0,0,1
9600.1,0,3630,3763,278,469,469,1,1,1,1,0,NVM,820,1000,820,591,1000,591,557,1000,0,0,0,0,0,0,1
9610.1,0,3630,3763,278,469,469,1,1,1,1,0,NVM,820,1000,820,591,1000,591,557,1000,0,0,0,0,0,0,1
9620.1,0,3630,3763,278,469,469,1,1,1,1,0,NVM,820,1000,820,591,1000,591,557,1000,0,0,0,0,0,0,1
9630.1,0,3630,3763,278,469,469,1,1,1,1,0,NVM,820,1000,820,591,1000,591,557,1000,0,0,0,0,0,0,1
9640.1,0,3630,3763,278,469,469,1,1,1,1,0,NVM,820,1000,820,591,1000,591,557,1000,0,0,0,0,0,0,1
9650.1,0,3630,3763,278,469,469,1,1,1,1,0,NVM,820,1000,820,591,1000,591,557,1000,0,0,0,0,0,0,1
9660.2,0,3630,3763,283,469,469,1,1,1,1,0,NVM,819,1000,819,589,1000,589,555,1000,0,0,0,0,0,0,1
9670.1,0,3630,3763,283,469,469,1,1,1,1,0,NVM,819,1000,819,589,1000,589,555,1000,0,0,0,0,0,0,1
9680.1,0,3630,3763,283,469,469,1,1,1,1,0,NVM,819,1000,819,589,1000,589,555,1000,0,0,0,0,0,0,1
9690.1,0,3630,3763,283,469,469,1,1,1,1,0,NVM,819,1000,819,589,1000,589,555,1000,0,0,0,0,0,0,1
9700.1,0,3630,3763,283,469,469,1,1,1,1,0,NVM,819,1000,819,589,1000,589,555,1000,0,0,0,0,0,0,1
9710.1,0,3630,3763,283,469,469,1,1,1,1,0,NVM,819,1000,819,589,1000,589,555,1000,0,0,0,0,0,0,1
9720.1,0,3630,3763,283,469,469,1,1,1,1,0,NVM,819,1000,819,589,1000,589,555,1000,0,0,0,0,0,0,1
9730.1,0,3630,3763,283,469,469,1,1,1,1,0,NVM,819,1000,819,589,1000,589,555,1000,0,0,0,0,0,0,1
9740.1,0,3630,3763,283,469,469,1,1,1,1,0,NVM,819,1000,819,589,1000,589,555,1000,0,0,0,0,0,0,1
9750.1,0,3630,3763,283,469,469,1,1,1,1,0,NVM,819,1000,819,589,1000,589,555,1000,0,0,0,0,0,0,1
9760.1,0,3633,3759,282,469,469,1,1,1,1,0,NVM,819,1000,819,590,1000,590,556,1000,0,0,0,0,0,0,1
9770.1,0,3633,3759,282,469,469,1,1,1,1,0,NVM,819,1000,819,590,1000,590,556,1000,0,0,0,0,0,0,1
9780.1,0,3633,3759,282,469,469,1,1,1,1,0,NVM,819,1000,819,590,1000,590,556,1000,0,0,0,0,0,0,1
9790.1,0,3633,3759,282,469,469,1,1,1,1,0,NVM,819,1000,819,590,1000,590,556,1000,0,0,0,0,0,0,1
9800.1,0,3633,3759,282,469,469,1,1,1,1,0,NVM,819,1000,819,590,1000,590,556,1000,0,0,0,0,0,0,1
9810.1,0,3633,3759,282,469,469,1,1,1,1,0,NVM,819,1000,819,590,1000,590,556,1000,0,0,0,0,0,0,1
9820.2,0,3633,3759,282,469,469,1,1,1,1,0,NVM,819,1000,819,590,1000,590,556,1000,0,0,0,0,0,0,1
9830.1,0,3633,3759,282,469,469,1,1,1,1,0,NVM,819,1000,819,590,1000,590,556,1000,0,0,0,0,0,0,1
9840.1,0,3633,3759,282,469,469,1,1,1,1,0,NVM,819,1000,819,590,1000,590,556,1000,0,0,0,0,0,0,1
9850.1,0,3633,3759,282,469,469,1,1,1,1,0,NVM,819,1000,819,590,1000,590,556,1000,0,0,0,0,0,0,1
9860.1,0,3633,3759,281,469,469,1,1,1,1,0,NVM,819,1000,819,590,1000,590,556,1000,0,0,0,0,0,0,1
9870.1,0,3633,3759,281,469,469,1,1,1,1,0,NVM,819,1000,819,590,1000,590,556,1000,0,0,0,0,0,0,1
9880.1,0,3633,3759,281,469,469,1,1,1,1,0,NVM,819,1000,819,590,1000,590,556,1000,0,0,0,0,0,0,1
9890.1,0,3633,3759,281,469,469,1,1,1,1,0,NVM,819,1000,819,590,1000,590,556,1000,0,0,0,0,0,0,1
9900.1,0,3633,3759,281,469,469,1,1,1,1,0,NVM,819,1000,819,590,1000,590,556,1000,0,0,0,0,0,0,1
9910.1,0,3633,3759,281,469,469,1,1,1,1,0,NVM,819,1000,819,590,1000,590,556,1000,0,0,0,0,0,0,1
9920.1,0,3633,3759,281,469,469,1,1,1,1,0,NVM,819,1000,819,590,1000,590,556,1000,0,0,0,0,0,0,1
9930.1,0,3633,3759,281,469,469,1,1,1,1,0,NVM,819,1000,819,590,1000,590,556,1000,0,0,0,0,0,0,1
9940.1,0,3633,3759,281,469,469,1,1,1,1,0,NVM,819,1000,819,590,1000,590,556,1000,0,0,0,0,0,0,1
9950.1,0,3633,3759,281,469,469,1,1,1,1,0,NVM,819,1000,819,590,1000,590,556,1000,0,0,0,0,0,0,1
9960.1,0,3627,3758,279,469,469,1,1,1,1,0,NVM,820,1000,820,591,1000,591,557,1000,0,0,0,0,0,0,1
9970.1,0,3627,3758,279,469,469,1,1,1,1,0,NVM,820,1000,820,591,1000,591,557,1000,0,0,0,0,0,0,1
9980.1,0,3627,3758,279,469,469,1,1,1,1,0,NVM,820,1000,820,591,1000,591,557,1000,0,0,0,0,0,0,1
9990.1,0,3627,3758,279,469,469,1,1,1,1,0,NVM,820,1000,820,591,1000,591,557,1000,0,0,0,0,0,0,1
10000.1,0,3627,3758,279,469,469,1,1,1,1,0,NVM,820,1000,820,591,1000,591,557,1000,0,0,0,0,0,0,1
10010.1,0,3627,3758,279,469,469,1,1,1,1,0,NVM,820,1000,820,591,1000,591,557,1000,0,0,0,0,0,0,1
10020.1,0,3627,3758,279,469,469,1,1,1,1,0,NVM,820,1000,820,591,1000,591,557,1000,0,0,0,0,0,0,1
10030.1,0,3627,3758,279,469,469,1,1,1,1,0,NVM,820,1000,820,591,1000,591,557,1000,0,0,0,0,0,0,1
10040.1,0,3627,3758,279,469,469,1,1,1,1,0,NVM,820,1000,820,591,1000,591,557,1000,0,0,0,0,0,0,1
10050.1,0,3627,3758,279,469,469,1,1,1,1,0,NVM,820,1000,820,591,1000,591,557,1000,0,0,0,0,0,0,1
10060.1,0,3627,3758,279,469,469,1,1,1,1,0,NVM,820,1000,820,591,1000,591,557,1000,0,0,0,0,0,0,1
10070.1,0,3627,3758,279,469,469,1,1,1,1,0,NVM,820,1000,820,591,1000,591,557,1000,0,0,0,0,0,0,1
10080.1,0,3627,3758,279,469,469,1,1,1,1,0,NVM,820,1000,820,591,1000,591,557,1000,0,0,0,0,0,0,1
10090.1,0,3627,3758,279,469,469,1,1,1,1,0,NVM,820,1000,820,591,1000,591,557,1000,0,0,0,0,0,0,1
10100.1,0,3627,3758,279,469,469,1,1,1,1,0,NVM,820,1000,820,591,1000,591,557,1000,0,0,0,0,0,0,1
10110.1,0,3627,3758,279,469,469,1,1,1,1,0,NVM,820,1000,820,591,1000,591,557,1000,0,0,0,0,0,0,1
10120.1,0,3627,3758,279,469,469,1,1,1,1,0,NVM,820,1000,820,591,1000,591,557,1000,0,0,0,0,0,0,1
10130.1,0,3627,3758,279,469,469,1,1,1,1,0,NVM,820,1000,820,591,1000,591,557,1000,0,0,0,0,0,0,1
10140.1,0,3627,3758,279,469,469,1,1,1,1,0,NVM,820,1000,820,591,1000,591,557,1000,0,0,0,0,0,0,1
10150.1,0,3627,3758,279,469,469,1,1,1,1,0,NVM,820,1000,820,591,1000,591,557,1000,0,0,0,0,0,0,1
10160.1,0,3630,3771,278,469,469,1,1,1,1,0,NVM,820,1000,820,591,1000,591,557,1000,0,0,0,0,0,0,1
10170.1,0,3630,3771,278,469,469,1,1,1,1,0,NVM,820,1000,820,591,1000,591,557,1000,0,0,0,0,0,0,1
10180.1,0,3630,3771,278,469,469,1,1,1,1,0,NVM,820,1000,820,591,1000,591,557,1000,0,0,0,0,0,0,1
10190.1,0,3630,3771,278,469,469,1,1,1,1,0,NVM,820,1000,820,591,1000,591,557,1000,0,0,0,0,0,0,1
10200.1,0,3630,3771,278,469,469,1,1,1,1,0,NVM,820,1000,820,591,1000,591,557,1000,0,0,0,0,0,0,1
10210.1,0,3630,3771,278,469,469,1,1,1,1,0,NVM,820,1000,820,591,1000,591,557,1000,0,0,0,0,0,0,1
10220.1,0,3630,3771,278,469,469,1,1,1,1,0,NVM,820,1000,820,591,1000,591,557,1000,0,0,0,0,0,0,1
10230.1,0,3630,3771,278,469,469,1,1,1,1,0,NVM,820,1000,820,591,1000,591,557,1000,0,0,0,0,0,0,1
10240.1,0,3630,3771,278,469,469,1,1,1,1,0,NVM,820,1000,820,591,1000,591,557,1000,0,0,0,0,0,0,1
10250.1,0,3630,3771,278,469,469,1,1,1,1,0,NVM,820,1000,820,591,1000,591,557,1000,0,0,0,0,0,0,1
10260.1,0,3630,3771,282,469,469,1,1,1,1,0,NVM,819,1000,819,590,1000,590,556,1000,0,0,0,0,0,0,1
10270.1,0,3630,3771,282,469,469,1,1,1,1,0,NVM,819,1000,819,590,1000,590,556,1000,0,0,0,0,0,0,1
10280.1,0,3630,3771,282,469,469,1,1,1,1,0,NVM,819,1000,819,590,1000,590,556,1000,0,0,0,0,0,0,1
10290.1,0,3630,3771,282,469,469,1,1,1,1,0,NVM,819,1000,819,590,1000,590,556,1000,0,0,0,0,0,0,1
10300.1,0,3630,3771,282,469,469,1,1,1,1,0,NVM,819,1000,819,590,1000,590,556,1000,0,0,0,0,0,0,1
10310.1,0,3630,3771,282,469,469,1,1,1,1,0,NVM,819,1000,819,590,1000,590,556,1000,0,0,0,0,0,0,1
10320.1,0,3630,3771,282,469,469,1,1,1,1,0,NVM,819,1000,819,590,1000,590,556,1000,0,0,0,0,0,0,1
10330.1,0,3630,3771,282,469,469,1,1,1,1,0,NVM,819,1000,819,590,1000,590,556,1000,0,0,0,0,0,0,1
10340.1,0,3630,3771,282,469,469,1,1,1,1,0,NVM,819,1000,819,590,1000,590,556,1000,0,0,0,0,0,0,1
10350.1,0,3630,3771,282,469,469,1,1,1,1,0,NVM,819,1000,819,590,1000,590,556,1000,0,0,0,0,0,0,1
10360.1,0,3634,3759,284,469,469,1,1,1,1,0,NVM,818,1000,818,589,1000,589,555,1000,0,0,0,0,0,0,1
10370.1,0,3634,3759,284,469,469,1,1,1,1,0,NVM,818,1000,818,589,1000,589,555,1000,0,0,0,0,0,0,1
10380.1,0,3634,3759,284,469,469,1,1,1,1,0,NVM,818,1000,818,589,1000,589,555,1000,0,0,0,0,0,0,1
10390.1,0,3634,3759,284,469,469,1,1,1,1,0,NVM,818,1000,818,589,1000,589,555,1000,0,0,0,0,0,0,1
10400.1,0,3634,3759,284,469,469,1,1,1,1,0,NVM,818,1000,818,589,1000,589,555,1000,0,0,0,0,0,0,1
10410.1,0,3634,3759,284,469,469,1,1,1,1,0,NVM,818,1000,818,589,1000,589,555,1000,0,0,0,0,0,0,1
10420.1,0,3634,3759,284,469,469,1,1,1,1,0,NVM,818,1000,818,589,1000,589,555,1000,0,0,0,0,0,0,1
10430.1,0,3634,3759,284,469,469,1,1,1,1,0,NVM,818,1000,818,589,1000,589,555,1000,0,0,0,0,0,0,1
10440.1,0,3634,3759,284,469,469,1,1,1,1,0,NVM,818,1000,818,589,1000,589,555,1000,0,0,0,0,0,0,1
10450.1,0,3634,3759,284,469,469,1,1,1,1,0,NVM,818,1000,818,589,1000,589,555,1000,0,0,0,0,0,0,1
10460.1,0,3634,3759,283,469,469,1,1,1,1,0,NVM,819,1000,819,589,1000,589,555,1000,0,0,0,0,0,0,1
10470.1,0,3634,3759,283,469,469,1,1,1,1,0,NVM,819,1000,819,589,1000,589,555,1000,0,0,0,0,0,0,1
10480.1,0,3634,3759,283,469,469,1,1,1,1,0,NVM,819,1000,819,589,1000,589,555,1000,0,0,0,0,0,0,1
10490.1,0,3634,3759,283,469,469,1,1,1,1,0,NVM,819,1000,819,589,1000,589,555,1000,0,0,0,0,0,0,1
10500.1,0,3634,3759,283,469,469,1,1,1,1,0,NVM,819,1000,819,589,1000,589,555,1000,0,0,0,0,0,0,1
10510.1,0,3634,3759,283,469,469,1,1,1,1,0,NVM,819,1000,819,589,1000,589,555,1000,0,0,0,0,0,0,1
10520.1,0,3634,3759,283,469,469,1,1,1,1,0,NVM,819,1000,819,589,1000,589,555,1000,0,0,0,0,0,0,1
10530.1,0,3634,3759,283,469,469,1,1,1,1,0,NVM,819,1000,819,589,1000,589,555,1000,0,0,0,0,0,0,1
10540.1,0,3634,3759,283,469,469,1,1,1,1,0,NVM,819,1000,819,589,1000,589,555,1000,0,0,0,0,0,0,1
10550.1,0,3634,3759,283,469,469,1,1,1,1,0,NVM,819,1000,819,589,1000,589,555,1000,0,0,0,0,0,0,1
10560.1,0,3628,3773,281,469,469,1,1,1,1,0,NVM,819,1000,819,590,1000,590,556,1000,0,0,0,0,0,0,1
10570.1,0,3628,3773,281,469,469,1,1,1,1,0,NVM,819,1000,819,590,1000,590,556,1000,0,0,0,0,0,0,1
10580.1,0,3628,3773,281,469,469,1,1,1,1,0,NVM,819,1000,819,590,1000,590,556,1000,0,0,0,0,0,0,1
10590.1,0,3628,3773,281,469,469,1,1,1,1,0,NVM,819,1000,819,590,1000,590,556,1000,0,0,0,0,0,0,1
10600.1,0,3628,3773,281,469,469,1,1,1,1,0,NVM,819,1000,819,590,1000,590,556,1000,0,0,0,0,0,0,1
10610.1,0,3628,3773,281,469,469,1,1,1,1,0,NVM,819,1000,819,590,1000,590,556,1000,0,0,0,0,0,0,1
10620.1,0,3628,3773,281,469,469,1,1,1,1,0,NVM,819,1000,819,590,1000,590,556,1000,0,0,0,0,0,0,1
10630.1,0,3628,3773,281,469,469,1,1,1,1,0,NVM,819,1000,819,590,1000,590,556,1000,0,0,0,0,0,0,1
10640.1,0,3628,3773,281,469,469,1,1,1,1,0,NVM,819,1000,819,590,1000,590,556,1000,0,0,0,0,0,0,1
10650.1,0,3628,3773,281,469,469,1,1,1,1,0,NVM,819,1000,819,590,1000,590,556,1000,0,0,0,0,0,0,1
10660.1,0,3628,3773,282,469,469,1,1,1,1,0,NVM,819,1000,819,590,1000,590,556,1000,0,0,0,0,0,0,1
10670.1,0,3628,3773,282,469,469,1,1,1,1,0,NVM,819,1000,819,590,1000,590,556,1000,0,0,0,0,0,0,1
10680.1,0,3628,3773,282,469,469,1,1,1,1,0,NVM,819,1000,819,590,1000,590,556,1000,0,0,0,0,0,0,1
10690.2,0,3628,3773,282,469,469,1,1,1,1,0,NVM,819,1000,819,590,1000,590,556,1000,0,0,0,0,0,0,1
10700.1,0,3628,3773,282,469,469,1,1,1,1,0,NVM,819,1000,819,590,1000,590,556,1000,0,0,0,0,0,0,1
10710.1,0,3628,3773,282,469,469,1,1,1,1,0,NVM,819,1000,819,590,1000,590,556,1000,0,0,0,0,0,0,1
10720.1,0,3628,3773,282,469,469,1,1,1,1,0,NVM,819,1000,819,590,1000,590,556,1000,0,0,0,0,0,0,1
10730.1,0,3628,3773,282,469,469,1,1,1,1,0,NVM,819,1000,819,590,1000,590,556,1000,0,0,0,0,0,0,1
10740.1,0,3628,3773,282,469,469,1,1,1,1,0,NVM,819,1000,819,590,1000,590,556,1000,0,0,0,0,0,0,1
10750.1,0,3628,3773,282,469,469,1,1,1,1,0,NVM,819,1000,819,590,1000,590,556,1000,0,0,0,0,0,0,1
10760.1,0,3627,3766,281,469,469,1,1,1,1,0,NVM,819,1000,819,590,1000,590,556,1000,0,0,0,0,0,0,1
10770.1,0,3627,3766,281,469,469,1,1,1,1,0,NVM,819,1000,819,590,1000,590,556,1000,0,0,0,0,0,0,1
10780.1,0,3627,3766,281,469,469,1,1,1,1,0,NVM,819,1000,819,590,1000,590,556,1000,0,0,0,0,0,0,1
10790.1,0,3627,3766,281,469,469,1,1,1,1,0,NVM,819,1000,819,590,1000,590,556,1000,0,0,0,0,0,0,1
10800.1,0,3627,3766,281,469,469,1,1,1,1,0,NVM,819,1000,819,590,1000,590,556,1000,0,0,0,0,0,0,1
10810.1,0,3627,3766,281,469,469,1,1,1,1,0,NVM,819,1000,819,590,1000,590,556,1000,0,0,0,0,0,0,1
10820.1,0,3627,3766,281,469,469,1,1,1,1,0,NVM,819,1000,819,590,1000,590,556,1000,0,0,0,0,0,0,1
10830.1,0,3627,3766,281,469,469,1,1,1,1,0,NVM,819,1000,819,590,1000,590,556,1000,0,0,0,0,0,0,1
10840.1,0,3627,3766,281,469,469,1,1,1,1,0,NVM,819,1000,819,590,1000,590,556,1000,0,0,0,0,0,0,1
10850.1,0,3627,3766,281,469,469,1,1,1,1,0,NVM,819,1000,819,590,1000,590,556,1000,0,0,0,0,0,0,1
10860.1,0,3627,3766,279,469,469,1,1,1,1,0,NVM,820,1000,820,591,1000,591,557,1000,0,0,0,0,0,0,1
10870.1,0,3627,3766,279,469,469,1,1,1,1,0,NVM,820,1000,820,591,1000,591,557,1000,0,0,0,0,0,0,1
10880.1,0,3627,3766,279,469,469,1,1,1,1,0,NVM,820,1000,820,591,1000,591,557,1000,0,0,0,0,0,0,1
10890.1,0,3627,3766,279,469,469,1,1,1,1,0,NVM,820,1000,820,591,1000,591,557,1000,0,0,0,0,0,0,1
10900.1,0,3627,3766,279,469,469,1,1,1,1,0,NVM,820,1000,820,591,1000,591,557,1000,0,0,0,0,0,0,1
10910.1,0,3627,3766,279,469,469,1,1,1,1,0,NVM,820,1000,820,591,1000,591,557,1000,0,0,0,0,0,0,1
10920.1,0,3627,3766,279,469,469,1,1,1,1,0,NVM,820,1000,820,591,1000,591,557,1000,0,0,0,0,0,0,1
10930.1,0,3627,3766,279,469,469,1,1,1,1,0,NVM,820,1000,820,591,1000,591,557,1000,0,0,0,0,0,0,1
10940.1,0,3627,3766,279,469,469,1,1,1,1,0,NVM,820,1000,820,591,1000,591,557,1000,0,0,0,0,0,0,1
10950.1,0,3627,3766,279,469,469,1,1,1,1,0,NVM,820,1000,820,591,1000,591,557,1000,0,0,0,0,0,0,1
10960.1,0,3629,3768,282,469,469,1,1,1,1,0,NVM,819,1000,819,590,1000,590,556,1000,0,0,0,0,0,0,1
10970.1,0,3629,3768,282,469,469,1,1,1,1,0,NVM,819,1000,819,590,1000,590,556,1000,0,0,0,0,0,0,1
10980.1,0,3629,3768,282,469,469,1,1,1,1,0,NVM,819,1000,819,590,1000,590,556,1000,0,0,0,0,0,0,1
10990.1,0,3629,3768,282,469,469,1,1,1,1,0,NVM,819,1000,819,590,1000,590,556,1000,0,0,0,0,0,0,1
11000.1,0,3629,3768,282,469,469,1,1,1,1,0,NVM,819,1000,819,590,1000,590,556,1000,0,0,0,0,0,0,1
11010.1,0,3629,3768,282,469,469,1,1,1,1,0,NVM,819,1000,819,590,1000,590,556,1000,0,0,0,0,0,0,1
11020.1,0,3629,3768,282,469,469,1,1,1,1,0,NVM,819,1000,819,590,1000,590,556,1000,0,0,0,0,0,0,1
11030.1,0,3629,3768,282,469,469,1,1,1,1,0,NVM,819,1000,819,590,1000,590,556,1000,0,0,0,0,0,0,1
11040.1,0,3629,3768,282,469,469,1,1,1,1,0,NVM,819,1000,819,590,1000,590,556,1000,0,0,0,0,0,0,1
11050.1,0,3629,3768,282,469,469,1,1,1,1,0,NVM,819,1000,819,590,1000,590,556,1000,0,0,0,0,0,0,1
11060.1,0,3629,3768,278,469,469,1,1,1,1,0,NVM,820,1000,820,591,1000,591,557,1000,0,0,0,0,0,0,1
11070.1,0,3629,3768,278,469,469,1,1,1,1,0,NVM,820,1000,820,591,1000,591,557,1000,0,0,0,0,0,0,1
11080.1,0,3629,3768,278,469,469,1,1,1,1,0,NVM,820,1000,820,591,1000,591,557,1000,0,0,0,0,0,0,1
11090.1,0,3629,3768,278,469,469,1,1,1,1,0,NVM,820,1000,820,591,1000,591,557,1000,0,0,0,0,0,0,1
11100.1,0,3629,3768,278,469,469,1,1,1,1,0,NVM,820,1000,820,591,1000,591,557,1000,0,0,0,0,0,0,1
11110.1,0,3629,3768,278,469,469,1,1,1,1,0,NVM,820,1000,820,591,1000,591,557,1000,0,0,0,0,0,0,1
11120.1,0,3629,3768,278,469,469,1,1,1,1,0,NVM,820,1000,820,591,1000,591,557,1000,0,0,0,0,0,0,1
11130.1,0,3629,3768,278,469,469,1,1,1,1,0,NVM,820,1000,820,591,1000,591,557,1000,0,0,0,0,0,0,1
11140.1,0,3629,3768,278,469,469,1,1,1,1,0,NVM,820,1000,820,591,1000,591,557,1000,0,0,0,0,0,0,1
11150.1,0,3629,3768,278,469,469,1,1,1,1,0,NVM,820,1000,820,591,1000,591,557,1000,0,0,0,0,0,0,1
11160.1,0,3628,3770,282,469,469,1,1,1,1,0,NVM,819,1000,819,590,1000,590,556,1000,0,0,0,0,0,0,1
11170.1,0,3628,3770,282,469,469,1,1,1,1,0,NVM,819,1000,819,590,1000,590,556,1000,0,0,0,0,0,0,1
11180.1,0,3628,3770,282,469,469,1,1,1,1,0,NVM,819,1000,819,590,1000,590,556,1000,0,0,0,0,0,0,1
11190.1,0,3628,3770,282,469,469,1,1,1,1,0,NVM,819,1000,819,590,1000,590,556,1000,0,0,0,0,0,0,1
11200.1,0,3628,3770,282,469,469,1,1,1,1,0,NVM,819,1000,819,590,1000,590,556,1000,0,0,0,0,0,0,1
11210.1,0,3628,3770,282,469,469,1,1,1,1,0,NVM,819,1000,819,590,1000,590,556,1000,0,0,0,0,0,0,1
11220.1,0,3628,3770,282,469,469,1,1,1,1,0,NVM,819,1000,819,590,1000,590,556,1000,0,0,0,0,0,0,1
11230.1,0,3628,3770,282,469,469,1,1,1,1,0,NVM,819,1000,819,590,1000,590,556,1000,0,0,0,0,0,0,1
11240.1,0,3628,3770,282,469,469,1,1,1,1,0,NVM,819,1000,819,590,1000,590,556,1000,0,0,0,0,0,0,1
11250.1,0,3628,3770,282,469,469,1,1,1,1,0,NVM,819,1000,819,590,1000,590,556,1000,0,0,0,0,0,0,1
11260.1,0,3628,3770,278,469,469,1,1,1,1,0,NVM,820,1000,820,591,1000,591,557,1000,0,0,0,0,0,0,1
11270.1,0,3628,3770,278,469,469,1,1,1,1,0,NVM,820,1000,820,591,1000,591,557,1000,0,0,0,0,0,0,1
11280.1,0,3628,3770,278,469,469,1,1,1,1,0,NVM,820,1000,820,591,1000,591,557,1000,0,0,0,0,0,0,1
11290.1,0,3628,3770,278,469,469,1,1,1,1,0,NVM,820,1000,820,591,1000,591,557,1000,0,0,0,0,0,0,1
11300.1,0,3628,3770,278,469,469,1,1,1,1,0,NVM,820,1000,820,591,1000,591,557,1000,0,0,0,0,0,0,1
11310.1,0,3628,3770,278,469,469,1,1,1,1,0,NVM,820,1000,820,591,1000,591,557,1000,0,0,0,0,0,0,1
11320.1,0,3628,3770,278,469,469,1,1,1,1,0,NVM,820,1000,820,591,1000,591,557,1000,0,0,0,0,0,0,1
11330.1,0,3628,3770,278,469,469,1,1,1,1,0,NVM,820,1000,820,591,1000,591,557,1000,0,0,0,0,0,0,1
11340.1,0,3628,3770,278,469,469,1,1,1,1,0,NVM,820,1000,820,591,1000,591,557,1000,0,0,0,0,0,0,1
11350.1,0,3628,3770,278,469,469,1,1,1,1,0,NVM,820,1000,820,591,1000,591,557,1000,0,0,0,0,0,0,1
11360.1,0,3632,3757,277,469,469,1,1,1,1,0,NVM,820,1000,820,591,1000,591,557,1000,0,0,0,0,0,0,1
11370.1,0,3632,3757,277,469,469,1,1,1,1,0,NVM,820,1000,820,591,1000,591,557,1000,0,0,0,0,0,0,1
11380.1,0,3632,3757,277,469,469,1,1,1,1,0,NVM,820,1000,820,591,1000,591,557,1000,0,0,0,0,0,0,1
11390.1,0,3632,3757,277,469,469,1,1,1,1,0,NVM,820,1000,820,591,1000,591,557,1000,0,0,0,0,0,0,1
11400.1,0,3632,3757,277,469,469,1,1,1,1,0,NVM,820,1000,820,591,1000,591,557,1000,0,0,0,0,0,0,1
11410.1,0,3632,3757,277,469,469,1,1,1,1,0,NVM,820,1000,820,591,1000,591,557,1000,0,0,0,0,0,0,1
11420.1,0,3632,3757,277,469,469,1,1,1,1,0,NVM,820,1000,820,591,1000,591,557,1000,0,0,0,0,0,0,1
11430.1,0,3632,3757,277,469,469,1,1,1,1,0,NVM,820,1000,820,591,1000,591,557,1000,0,0,0,0,0,0,1
11440.1,0,3632,3757,277,469,469,1,1,1,1,0,NVM,820,1000,820,591,1000,591,557,1000,0,0,0,0,0,0,1
11450.1,0,3632,3757,277,469,469,1,1,1,1,0,NVM,820,1000,820,591,1000,591,557,1000,0,0,0,0,0,0,1
11460.1,0,3632,3757,280,469,469,1,1,1,1,0,NVM,819,1000,819,590,1000,590,556,1000,0,0,0,0,0,0,1
11470.1,0,3632,3757,280,469,469,1,1,1,1,0,NVM,819,1000,819,590,1000,590,556,1000,0,0,0,0,0,0,1
11480.1,0,3632,3757,280,469,469,1,1,1,1,0,NVM,819,1000,819,590,1000,590,556,1000,0,0,0,0,0,0,1
11490.1,0,3632,3757,280,469,469,1,1,1,1,0,NVM,819,1000,819,590,1000,590,556,1000,0,0,0,0,0,0,1
11500.1,0,3632,3757,280,469,469,1,1,1,1,0,NVM,819,1000,819,590,1000,590,556,1000,0,0,0,0,0,0,1
11510.1,0,3632,3757,280,469,469,1,1,1,1,0,NVM,819,1000,819,590,1000,590,556,1000,0,0,0,0,0,0,1
11520.1,0,3632,3757,280,469,469,1,1,1,1,0,NVM,819,1000,819,590,1000,590,556,1000,0,0,0,0,0,0,1
11530.1,0,3632,3757,280,469,469,1,1,1,1,0,NVM,819,1000,819,590,1000,590,556,1000,0,0,0,0,0,0,1
11540.1,0,3632,3757,280,469,469,1,1,1,1,0,NVM,819,1000,819,590,1000,590,556,1000,0,0,0,0,0,0,1
11550.1,0,3632,3757,280,469,469,1,1,1,1,0,NVM,819,1000,819,590,1000,590,556,1000,0,0,0,0,0,0,1
11560.1,0,3643,3766,282,469,469,1,1,1,1,0,NVM,819,1000,819,590,1000,590,556,1000,0,0,0,0,0,0,1
11570.1,0,3643,3766,282,469,469,1,1,1,1,0,NVM,819,1000,819,590,1000,590,556,1000,0,0,0,0,0,0,1
11580.1,0,3643,3766,282,469,469,1,1,1,1,0,NVM,819,1000,819,590,1000,590,556,1000,0,0,0,0,0,0,1
11590.1,0,3643,3766,282,469,469,1,1,1,1,0,NVM,819,1000,819,590,1000,590,556,1000,0,0,0,0,0,0,1
11600.1,0,3643,3766,282,469,469,1,1,1,1,0,NVM,819,1000,819,590,1000,590,556,1000,0,0,0,0,0,0,1
11610.1,0,3643,3766,282,469,469,1,1,1,1,0,NVM,819,1000,819,590,1000,590,556,1000,0,0,0,0,0,0,1
11620.1,0,3643,3766,282,469,469,1,1,1,1,0,NVM,819,1000,819,590,1000,590,556,1000,0,0,0,0,0,0,1
11630.1,0,3643,3766,282,469,469,1,1,1,1,0,NVM,819,1000,819,590,1000,590,556,1000,0,0,0,0,0,0,1
11640.1,0,3643,3766,282,469,469,1,1,1,1,0,NVM,819,1000,819,590,1000,590,556,1000,0,0,0,0,0,0,1
11650.1,0,3643,3766,282,469,469,1,1,1,1,0,NVM,819,1000,819,590,1000,590,556,1000,0,0,0,0,0,0,1
11660.1,0,3643,3766,281,469,469,1,1,1,1,0,NVM,819,1000,819,590,1000,590,556,1000,0,0,0,0,0,0,1
11670.1,0,3643,3766,281,469,469,1,1,1,1,0,NVM,819,1000,819,590,1000,590,556,1000,0,0,0,0,0,0,1
11680.1,0,3643,3766,281,469,469,1,1,1,1,0,NVM,819,1000,819,590,1000,590,556,1000,0,0,0,0,0,0,1
11690.1,0,3643,3766,281,469,469,1,1,1,1,0,NVM,819,1000,819,590,1000,590,556,1000,0,0,0,0,0,0,1
11700.1,0,3643,3766,281,469,469,1,1,1,1,0,NVM,819,1000,819,590,1000,590,556,1000,0,0,0,0,0,0,1
11710.1,0,3643,3766,281,469,469,1,1,1,1,0,NVM,819,1000,819,590,1000,590,556,1000,0,0,0,0,0,0,1
11720.1,0,3643,3766,281,469,469,1,1,1,1,0,NVM,819,1000,819,590,1000,590,556,1000,0,0,0,0,0,0,1
11730.1,0,3643,3766,281,469,469,1,1,1,1,0,NVM,819,1000,819,590,1000,590,556,1000,0,0,0,0,0,0,1
11740.1,0,3643,3766,281,469,469,1,1,1,1,0,NVM,819,1000,819,590,1000,590,556,1000,0,0,0,0,0,0,1
11750.1,0,3643,3766,281,469,469,1,1,1,1,0,NVM,819,1000,819,590,1000,590,556,1000,0,0,0,0,0,0,1
11760.1,0,3646,3768,281,469,469,1,1,1,1,0,NVM,819,1000,819,590,1000,590,556,1000,0,0,0,0,0,0,1
11770.1,0,3646,3768,281,469,469,1,1,1,1,0,NVM,819,1000,819,590,1000,590,556,1000,0,0,0,0,0,0,1
11780.1,0,3646,3768,281,469,469,1,1,1,1,0,NVM,819,1000,819,590,1000,590,556,1000,0,0,0,0,0,0,1
11790.1,0,3646,3768,281,469,469,1,1,1,1,0,NVM,819,1000,819,590,1000,590,556,1000,0,0,0,0,0,0,1
11800.1,0,3646,3768,281,469,469,1,1,1,1,0,NVM,819,1000,819,590,1000,590,556,1000,0,0,0,0,0,0,1
11810.1,0,3646,3768,281,469,469,1,1,1,1,0,NVM,819,1000,819,590,1000,590,556,1000,0,0,0,0,0,0,1
11820.1,0,3646,3768,281,469,469,1,1,1,1,0,NVM,819,1000,819,590,1000,590,556,1000,0,0,0,0,0,0,1
11830.1,0,3646,3768,281,469,469,1,1,1,1,0,NVM,819,1000,819,590,1000,590,556,1000,0,0,0,0,0,0,1
11840.1,0,3646,3768,281,469,469,1,1,1,1,0,NVM,819,1000,819,590,1000,590,556,1000,0,0,0,0,0,0,1
11850.1,0,3646,3768,281,469,469,1,1,1,1,0,NVM,819,1000,819,590,1000,590,556,1000,0,0,0,0,0,0,1
11860.1,0,3646,3768,281,469,469,1,1,1,1,0,NVM,819,1000,819,590,1000,590,556,1000,0,0,0,0,0,0,1
11870.1,0,3646,3768,281,469,469,1,1,1,1,0,NVM,819,1000,819,590,1000,590,556,1000,0,0,0,0,0,0,1
11880.1,0,3646,3768,281,469,469,1,1,1,1,0,NVM,819,1000,819,590,1000,590,556,1000,0,0,0,0,0,0,1
11890.1,0,3646,3768,281,469,469,1,1,1,1,0,NVM,819,1000,819,590,1000,590,556,1000,0,0,0,0,0,0,1
11900.1,0,3646,3768,281,469,469,1,1,1,1,0,NVM,819,1000,819,590,1000,590,556,1000,0,0,0,0,0,0,1
11910.1,0,3646,3768,281,469,469,1,1,1,1,0,NVM,819,1000,819,590,1000,590,556,1000,0,0,0,0,0,0,1
11920.1,0,3646,3768,281,469,469,1,1,1,1,0,NVM,819,1000,819,590,1000,590,556,1000,0,0,0,0,0,0,1
11930.1,0,3646,3768,281,469,469,1,1,1,1,0,NVM,819,1000,819,590,1000,590,556,1000,0,0,0,0,0,0,1
11940.1,0,3646,3768,281,469,469,1,1,1,1,0,NVM,819,1000,819,590,1000,590,556,1000,0,0,0,0,0,0,1
11950.1,0,3646,3768,281,469,469,1,1,1,1,0,NVM,819,1000,819,590,1000,590,556,1000,0,0,0,0,0,0,1
11960.1,0,3637,3773,282,469,469,1,1,1,1,0,NVM,819,1000,819,590,1000,590,556,1000,0,0,0,0,0,0,1
11970.1,0,3637,3773,282,469,469,1,1,1,1,0,NVM,819,1000,819,590,1000,590,556,1000,0,0,0,0,0,0,1
11980.1,0,3637,3773,282,469,469,1,1,1,1,0,NVM,819,1000,819,590,1000,590,556,1000,0,0,0,0,0,0,1
11990.1,0,3637,3773,282,469,469,1,1,1,1,0,NVM,819,1000,819,590,1000,590,556,1000,0,0,0,0,0,0,1
12000.1,0,3637,3773,282,469,469,1,1,1,1,0,NVM,819,1000,819,590,1000,590,556,1000,0,0,0,0,0,0,1
12010.1,0,3637,3773,282,469,469,1,1,1,1,0,NVM,819,1000,819,590,1000,590,556,1000,0,0,0,0,0,0,1
12020.1,0,3637,3773,282,469,469,1,1,1,1,0,NVM,819,1000,819,590,1000,590,556,1000,0,0,0,0,0,0,1
12030.1,0,3637,3773,282,469,469,1,1,1,1,0,NVM,819,1000,819,590,1000,590,556,1000,0,0,0,0,0,0,1
12040.2,0,3637,3773,282,469,469,1,1,1,1,0,NVM,819,1000,819,590,1000,590,556,1000,0,0,0,0,0,0,1
12050.1,0,3637,3773,282,469,469,1,1,1,1,0,NVM,819,1000,819,590,1000,590,556,1000,0,0,0,0,0,0,1
12060.1,0,3637,3773,279,469,469,1,1,1,1,0,NVM,820,1000,820,591,1000,591,557,1000,0,0,0,0,0,0,1
12070.1,0,3637,3773,279,469,469,1,1,1,1,0,NVM,820,1000,820,591,1000,591,557,1000,0,0,0,0,0,0,1
12080.1,0,3637,3773,279,469,469,1,1,1,1,0,NVM,820,1000,820,591,1000,591,557,1000,0,0,0,0,0,0,1
12090.1,0,3637,3773,279,469,469,1,1,1,1,0,NVM,820,1000,820,591,1000,591,557,1000,0,0,0,0,0,0,1
12100.1,0,3637,3773,279,469,469,1,1,1,1,0,NVM,820,1000,820,591,1000,591,557,1000,0,0,0,0,0,0,1
12110.1,0,3637,3773,279,469,469,1,1,1,1,0,NVM,820,1000,820,591,1000,591,557,1000,0,0,0,0,0,0,1
12120.1,0,3637,3773,279,469,469,1,1,1,1,0,NVM,820,1000,820,591,1000,591,557,1000,0,0,0,0,0,0,1
12130.1,0,3637,3773,279,469,469,1,1,1,1,0,NVM,820,1000,820,591,1000,591,557,1000,0,0,0,0,0,0,1
12140.1,0,3637,3773,279,469,469,1,1,1,1,0,NVM,820,1000,820,591,1000,591,557,1000,0,0,0,0,0,0,1
12150.1,0,3637,3773,279,469,469,1,1,1,1,0,NVM,820,1000,820,591,1000,591,557,1000,0,0,0,0,0,0,1
12160.1,0,3630,3773,283,469,469,1,1,1,1,0,NVM,819,1000,819,589,1000,589,555,1000,0,0,0,0,0,0,1
12170.1,0,3630,3773,283,469,469,1,1,1,1,0,NVM,819,1000,819,589,1000,589,555,1000,0,0,0,0,0,0,1
12180.1,0,3630,3773,283,469,469,1,1,1,1,0,NVM,819,1000,819,589,1000,589,555,1000,0,0,0,0,0,0,1
12190.1,0,3630,3773,283,469,469,1,1,1,1,0,NVM,819,1000,819,589,1000,589,555,1000,0,0,0,0,0,0,1
12200.1,0,3630,3773,283,469,469,1,1,1,1,0,NVM,819,1000,819,589,1000,589,555,1000,0,0,0,0,0,0,1
12210.1,0,3630,3773,283,469,469,1,1,1,1,0,NVM,819,1000,819,589,1000,589,555,1000,0,0,0,0,0,0,1
12220.1,0,3630,3773,283,469,469,1,1,1,1,0,NVM,819,1000,819,589,1000,589,555,1000,0,0,0,0,0,0,1
12230.1,0,3630,3773,283,469,469,1,1,1,1,0,NVM,819,1000,819,589,1000,589,555,1000,0,0,0,0,0,0,1
12240.1,0,3630,3773,283,469,469,1,1,1,1,0,NVM,819,1000,819,589,1000,589,555,1000,0,0,0,0,0,0,1
12250.1,0,3630,3773,283,469,469,1,1,1,1,0,NVM,819,1000,819,589,1000,589,555,1000,0,0,0,0,0,0,1
12260.1,0,3630,3773,283,469,469,1,1,1,1,0,NVM,819,1000,819,589,1000,589,555,1000,0,0,0,0,0,0,1
12270.1,0,3630,3773,283,469,469,1,1,1,1,0,NVM,819,1000,819,589,1000,589,555,1000,0,0,0,0,0,0,1
12280.1,0,3630,3773,283,469,469,1,1,1,1,0,NVM,819,1000,819,589,1000,589,555,1000,0,0,0,0,0,0,1
12290.1,0,3630,3773,283,469,469,1,1,1,1,0,NVM,819,1000,819,589,1000,589,555,1000,0,0,0,0,0,0,1
12300.1,0,3630,3773,283,469,469,1,1,1,1,0,NVM,819,1000,819,589,1000,589,555,1000,0,0,0,0,0,0,1
12310.1,0,3630,3773,283,469,469,1,1,1,1,0,NVM,819,1000,819,589,1000,589,555,1000,0,0,0,0,0,0,1
12320.1,0,3630,3773,283,469,469,1,1,1,1,0,NVM,819,1000,819,589,1000,589,555,1000,0,0,0,0,0,0,1
12330.1,0,3630,3773,283,469,469,1,1,1,1,0,NVM,819,1000,819,589,1000,589,555,1000,0,0,0,0,0,0,1
12340.1,0,3630,3773,283,469,469,1,1,1,1,0,NVM,819,1000,819,589,1000,589,555,1000,0,0,0,0,0,0,1
12350.1,0,3630,3773,283,469,469,1,1,1,1,0,NVM,819,1000,819,589,1000,589,555,1000,0,0,0,0,0,0,1
12360.1,0,3667,3769,278,469,469,1,1,1,1,0,NVM,820,1000,820,591,1000,591,557,1000,0,0,0,0,0,0,1
12370.1,0,3667,3769,278,469,469,1,1,1,1,0,NVM,820,1000,820,591,1000,591,557,1000,0,0,0,0,0,0,1
12380.1,0,3667,3769,278,469,469,1,1,1,1,0,NVM,820,1000,820,591,1000,591,557,1000,0,0,0,0,0,0,1
12390.1,0,3667,3769,278,469,469,1,1,1,1,0,NVM,820,1000,820,591,1000,591,557,1000,0,0,0,0,0,0,1
12400.1,0,3667,3769,278,469,469,1,1,1,1,0,NVM,820,1000,820,591,1000,591,557,1000,0,0,0,0,0,0,1
12410.1,0,3667,3769,278,469,469,1,1,1,1,0,NVM,820,1000,820,591,1000,591,557,1000,0,0,0,0,0,0,1
12420.1,0,3667,3769,278,469,469,1,1,1,1,0,NVM,820,1000,820,591,1000,591,557,1000,0,0,0,0,0,0,1
12430.1,0,3667,3769,278,469,469,1,1,1,1,0,NVM,820,1000,820,591,1000,591,557,1000,0,0,0,0,0,0,1
12440.1,0,3667,3769,278,469,469,1,1,1,1,0,NVM,820,1000,820,591,1000,591,557,1000,0,0,0,0,0,0,1
12450.1,0,3667,3769,278,469,469,1,1,1,1,0,NVM,820,1000,820,591,1000,591,557,1000,0,0,0,0,0,0,1
12460.1,0,3667,3769,279,469,469,1,1,1,1,0,NVM,820,1000,820,591,1000,591,557,1000,0,0,0,0,0,0,1
12470.1,0,3667,3769,279,469,469,1,1,1,1,0,NVM,820,1000,820,591,1000,591,557,1000,0,0,0,0,0,0,1
12480.1,0,3667,3769,279,469,469,1,1,1,1,0,NVM,820,1000,820,591,1000,591,557,1000,0,0,0,0,0,0,1
12490.1,0,3667,3769,279,469,469,1,1,1,1,0,NVM,820,1000,820,591,1000,591,557,1000,0,0,0,0,0,0,1
12500.1,0,3667,3769,279,469,469,1,1,1,1,0,NVM,820,1000,820,591,1000,591,557,1000,0,0,0,0,0,0,1
12510.1,0,3667,3769,279,469,469,1,1,1,1,0,NVM,820,1000,820,591,1000,591,557,1000,0,0,0,0,0,0,1
12520.1,0,3667,3769,279,469,469,1,1,1,1,0,NVM,820,1000,820,591,1000,591,557,1000,0,0,0,0,0,0,1
12530.1,0,3667,3769,279,469,469,1,1,1,1,0,NVM,820,1000,820,591,1000,591,557,1000,0,0,0,0,0,0,1
12540.1,0,3667,3769,279,469,469,1,1,1,1,0,NVM,820,1000,820,591,1000,591,557,1000,0,0,0,0,0,0,1
12550.1,0,3667,3769,279,469,469,1,1,1,1,0,NVM,820,1000,820,591,1000,591,557,1000,0,0,0,0,0,0,1
12560.1,0,3635,3772,283,469,469,1,1,1,1,0,NVM,819,1000,819,589,1000,589,555,1000,0,0,0,0,0,0,1
12570.1,0,3635,3772,283,469,469,1,1,1,1,0,NVM,819,1000,819,589,1000,589,555,1000,0,0,0,0,0,0,1
12580.1,0,3635,3772,283,469,469,1,1,1,1,0,NVM,819,1000,819,589,1000,589,555,1000,0,0,0,0,0,0,1
12590.1,0,3635,3772,283,469,469,1,1,1,1,0,NVM,819,1000,819,589,1000,589,555,1000,0,0,0,0,0,0,1
12600.1,0,3635,3772,283,469,469,1,1,1,1,0,NVM,819,1000,819,589,1000,589,555,1000,0,0,0,0,0,0,1
12610.1,0,3635,3772,283,469,469,1,1,1,1,0,NVM,819,1000,819,589,1000,589,555,1000,0,0,0,0,0,0,1
12620.1,0,3635,3772,283,469,469,1,1,1,1,0,NVM,819,1000,819,589,1000,589,555,1000,0,0,0,0,0,0,1
12630.1,0,3635,3772,283,469,469,1,1,1,1,0,NVM,819,1000,819,589,1000,589,555,1000,0,0,0,0,0,0,1
12640.1,0,3635,3772,283,469,469,1,1,1,1,0,NVM,819,1000,819,589,1000,589,555,1000,0,0,0,0,0,0,1
12650.1,0,3635,3772,283,469,469,1,1,1,1,0,NVM,819,1000,819,589,1000,589,555,1000,0,0,0,0,0,0,1
12660.1,0,3635,3772,287,469,469,1,1,1,1,0,NVM,818,1000,818,588,1000,588,554,1000,0,0,0,0,0,0,1
12670.1,0,3635,3772,287,469,469,1,1,1,1,0,NVM,818,1000,818,588,1000,588,554,1000,0,0,0,0,0,0,1
12680.1,0,3635,3772,287,469,469,1,1,1,1,0,NVM,818,1000,818,588,1000,588,554,1000,0,0,0,0,0,0,1
12690.1,0,3635,3772,287,469,469,1,1,1,1,0,NVM,818,1000,818,588,1000,588,554,1000,0,0,0,0,0,0,1
12700.1,0,3635,3772,287,469,469,1,1,1,1,0,NVM,818,1000,818,588,1000,588,554,1000,0,0,0,0,0,0,1
12710.1,0,3635,3772,287,469,469,1,1,1,1,0,NVM,818,1000,818,588,1000,588,554,1000,0,0,0,0,0,0,1
12720.1,0,3635,3772,287,469,469,1,1,1,1,0,NVM,818,1000,818,588,1000,588,554,1000,0,0,0,0,0,0,1
12730.1,0,3635,3772,287,469,469,1,1,1,1,0,NVM,818,1000,818,588,1000,588,554,1000,0,0,0,0,0,0,1
12740.1,0,3635,3772,287,469,469,1,1,1,1,0,NVM,818,1000,818,588,1000,588,554,1000,0,0,0,0,0,0,1
12750.1,0,3635,3772,287,469,469,1,1,1,1,0,NVM,818,1000,818,588,1000,588,554,1000,0,0,0,0,0,0,1
12760.1,0,3630,3772,282,469,469,1,1,1,1,0,NVM,819,1000,819,590,1000,590,556,1000,0,0,0,0,0,0,1
12770.1,0,3630,3772,282,469,469,1,1,1,1,0,NVM,819,1000,819,590,1000,590,556,1000,0,0,0,0,0,0,1
12780.1,0,3630,3772,282,469,469,1,1,1,1,0,NVM,819,1000,819,590,1000,590,556,1000,0,0,0,0,0,0,1
12790.1,0,3630,3772,282,469,469,1,1,1,1,0,NVM,819,1000,819,590,1000,590,556,1000,0,0,0,0,0,0,1
12800.1,0,3630,3772,282,469,469,1,1,1,1,0,NVM,819,1000,819,590,1000,590,556,1000,0,0,0,0,0,0,1
12810.1,0,3630,3772,282,469,469,1,1,1,1,0,NVM,819,1000,819,590,1000,590,556,1000,0,0,0,0,0,0,1
12820.1,0,3630,3772,282,469,469,1,1,1,1,0,NVM,819,1000,819,590,1000,590,556,1000,0,0,0,0,0,0,1
12830.1,0,3630,3772,282,469,469,1,1,1,1,0,NVM,819,1000,819,590,1000,590,556,1000,0,0,0,0,0,0,1
12840.1,0,3630,3772,282,469,469,1,1,1,1,0,NVM,819,1000,819,590,1000,590,556,1000,0,0,0,0,0,0,1
12850.1,0,3630,3772,282,469,469,1,1,1,1,0,NVM,819,1000,819,590,1000,590,556,1000,0,0,0,0,0,0,1
12860.1,0,3630,3772,281,469,469,1,1,1,1,0,NVM,819,1000,819,590,1000,590,556,1000,0,0,0,0,0,0,1
12870.1,0,3630,3772,281,469,469,1,1,1,1,0,NVM,819,1000,819,590,1000,590,556,1000,0,0,0,0,0,0,1
12880.1,0,3630,3772,281,469,469,1,1,1,1,0,NVM,819,1000,819,590,1000,590,556,1000,0,0,0,0,0,0,1
12890.1,0,3630,3772,281,469,469,1,1,1,1,0,NVM,819,1000,819,590,1000,590,556,1000,0,0,0,0,0,0,1
12900.1,0,3630,3772,281,469,469,1,1,1,1,0,NVM,819,1000,819,590,1000,590,556,1000,0,0,0,0,0,0,1
12910.1,0,3630,3772,281,469,469,1,1,1,1,0,NVM,819,1000,819,590,1000,590,556,1000,0,0,0,0,0,0,1
12920.1,0,3630,3772,281,469,469,1,1,1,1,0,NVM,819,1000,819,590,1000,590,556,1000,0,0,0,0,0,0,1
12930.1,0,3630,3772,281,469,469,1,1,1,1,0,NVM,819,1000,819,590,1000,590,556,1000,0,0,0,0,0,0,1
12940.1,0,3630,3772,281,469,469,1,1,1,1,0,NVM,819,1000,819,590,1000,590,556,1000,0,0,0,0,0,0,1
12950.1,0,3630,3772,281,469,469,1,1,1,1,0,NVM,819,1000,819,590,1000,590,556,1000,0,0,0,0,0,0,1
12960.1,0,3626,3752,282,469,469,1,1,1,1,0,NVM,819,1000,819,590,1000,590,556,1000,0,0,0,0,0,0,1
12970.1,0,3626,3752,282,469,469,1,1,1,1,0,NVM,819,1000,819,590,1000,590,556,1000,0,0,0,0,0,0,1
12980.1,0,3626,3752,282,469,469,1,1,1,1,0,NVM,819,1000,819,590,1000,590,556,1000,0,0,0,0,0,0,1
12990.1,0,3626,3752,282,469,469,1,1,1,1,0,NVM,819,1000,819,590,1000,590,556,1000,0,0,0,0,0,0,1
13000.1,0,3626,3752,282,469,469,1,1,1,1,0,NVM,819,1000,819,590,1000,590,556,1000,0,0,0,0,0,0,1
13010.1,0,3626,3752,282,469,469,1,1,1,1,0,NVM,819,1000,819,590,1000,590,556,1000,0,0,0,0,0,0,1
13020.1,0,3626,3752,282,469,469,1,1,1,1,0,NVM,819,1000,819,590,1000,590,556,1000,0,0,0,0,0,0,1
13030.1,0,3626,3752,282,469,469,1,1,1,1,0,NVM,819,1000,819,590,1000,590,556,1000,0,0,0,0,0,0,1
13040.1,0,3626,3752,282,469,469,1,1,1,1,0,NVM,819,1000,819,590,1000,590,556,1000,0,0,0,0,0,0,1
13050.1,0,3626,3752,282,469,469,1,1,1,1,0,NVM,819,1000,819,590,1000,590,556,1000,0,0,0,0,0,0,1
13060.1,0,3626,3752,282,469,469,1,1,1,1,0,NVM,819,1000,819,590,1000,590,556,1000,0,0,0,0,0,0,1
13070.1,0,3626,3752,282,469,469,1,1,1,1,0,NVM,819,1000,819,590,1000,590,556,1000,0,0,0,0,0,0,1
13080.1,0,3626,3752,282,469,469,1,1,1,1,0,NVM,819,1000,819,590,1000,590,556,1000,0,0,0,0,0,0,1
13090.1,0,3626,3752,282,469,469,1,1,1,1,0,NVM,819,1000,819,590,1000,590,556,1000,0,0,0,0,0,0,1
13100.1,0,3626,3752,282,469,469,1,1,1,1,0,NVM,819,1000,819,590,1000,590,556,1000,0,0,0,0,0,0,1
13110.1,0,3626,3752,282,469,469,1,1,1,1,0,NVM,819,1000,819,590,1000,590,556,1000,0,0,0,0,0,0,1
13120.1,0,3626,3752,282,469,469,1,1,1,1,0,NVM,819,1000,819,590,1000,590,556,1000,0,0,0,0,0,0,1
13130.1,0,3626,3752,282,469,469,1,1,1,1,0,NVM,819,1000,819,590,1000,590,556,1000,0,0,0,0,0,0,1
13140.1,0,3626,3752,282,469,469,1,1,1,1,0,NVM,819,1000,819,590,1000,590,556,1000,0,0,0,0,0,0,1
13150.1,0,3626,3752,282,469,469,1,1,1,1,0,NVM,819,1000,819,590,1000,590,556,1000,0,0,0,0,0,0,1
13160.1,0,3627,3765,285,469,469,1,1,1,1,0,NVM,818,1000,818,589,1000,589,555,1000,0,0,0,0,0,0,1
13170.1,0,3627,3765,285,469,469,1,1,1,1,0,NVM,818,1000,818,589,1000,589,555,1000,0,0,0,0,0,0,1
13180.1,0,3627,3765,285,469,469,1,1,1,1,0,NVM,818,1000,818,589,1000,589,555,1000,0,0,0,0,0,0,1
13190.1,0,3627,3765,285,469,469,1,1,1,1,0,NVM,818,1000,818,589,1000,589,555,1000,0,0,0,0,0,0,1
13200.1,0,3627,3765,285,469,469,1,1,1,1,0,NVM,818,1000,818,589,1000,589,555,1000,0,0,0,0,0,0,1
13210.1,0,3627,3765,285,469,469,1,1,1,1,0,NVM,818,1000,818,589,1000,589,555,1000,0,0,0,0,0,0,1
13220.1,0,3627,3765,285,469,469,1,1,1,1,0,NVM,818,1000,818,589,1000,589,555,1000,0,0,0,0,0,0,1
13230.1,0,3627,3765,285,469,469,1,1,1,1,0,NVM,818,1000,818,589,1000,589,555,1000,0,0,0,0,0,0,1
13240.1,0,3627,3765,285,469,469,1,1,1,1,0,NVM,818,1000,818,589,1000,589,555,1000,0,0,0,0,0,0,1
13250.1,0,3627,3765,285,469,469,1,1,1,1,0,NVM,818,1000,818,589,1000,589,555,1000,0,0,0,0,0,0,1
13260.1,0,3627,3765,285,469,469,1,1,1,1,0,NVM,818,1000,818,589,1000,589,555,1000,0,0,0,0,0,0,1
13270.1,0,3627,3765,285,469,469,1,1,1,1,0,NVM,818,1000,818,589,1000,589,555,1000,0,0,0,0,0,0,1
13280.1,0,3627,3765,285,469,469,1,1,1,1,0,NVM,818,1000,818,589,1000,589,555,1000,0,0,0,0,0,0,1
13290.1,0,3627,3765,285,469,469,1,1,1,1,0,NVM,818,1000,818,589,1000,589,555,1000,0,0,0,0,0,0,1
13300.1,0,3627,3765,285,469,469,1,1,1,1,0,NVM,818,1000,818,589,1000,589,555,1000,0,0,0,0,0,0,1
13310.1,0,3627,3765,285,469,469,1,1,1,1,0,NVM,818,1000,818,589,1000,589,555,1000,0,0,0,0,0,0,1
13320.1,0,3627,3765,285,469,469,1,1,1,1,0,NVM,818,1000,818,589,1000,589,555,1000,0,0,0,0,0,0,1
13330.1,0,3627,3765,285,469,469,1,1,1,1,0,NVM,818,1000,818,589,1000,589,555,1000,0,0,0,0,0,0,1
13340.1,0,3627,3765,285,469,469,1,1,1,1,0,NVM,818,1000,818,589,1000,589,555,1000,0,0,0,0,0,0,1
13350.1,0,3627,3765,285,469,469,1,1,1,1,0,NVM,818,1000,818,589,1000,589,555,1000,0,0,0,0,0,0,1
13360.1,0,3636,3768,287,469,469,1,1,1,1,0,NVM,818,1000,818,588,1000,588,554,1000,0,0,0,0,0,0,1
13370.1,0,3636,3768,287,469,469,1,1,1,1,0,NVM,818,1000,818,588,1000,588,554,1000,0,0,0,0,0,0,1
13380.1,0,3636,3768,287,469,469,1,1,1,1,0,NVM,818,1000,818,588,1000,588,554,1000,0,0,0,0,0,0,1
13390.1,0,3636,3768,287,469,469,1,1,1,1,0,NVM,818,1000,818,588,1000,588,554,1000,0,0,0,0,0,0,1
13400.1,0,3636,3768,287,469,469,1,1,1,1,0,NVM,818,1000,818,588,1000,588,554,1000,0,0,0,0,0,0,1
13410.1,0,3636,3768,287,469,469,1,1,1,1,0,NVM,818,1000,818,588,1000,588,554,1000,0,0,0,0,0,0,1
13420.1,0,3636,3768,287,469,469,1,1,1,1,0,NVM,818,1000,818,588,1000,588,554,1000,0,0,0,0,0,0,1
13430.1,0,3636,3768,287,469,469,1,1,1,1,0,NVM,818,1000,818,588,1000,588,554,1000,0,0,0,0,0,0,1
13440.1,0,3636,3768,287,469,469,1,1,1,1,0,NVM,818,1000,818,588,1000,588,554,1000,0,0,0,0,0,0,1
13450.1,0,3636,3768,287,469,469,1,1,1,1,0,NVM,818,1000,818,588,1000,588,554,1000,0,0,0,0,0,0,1
13460.1,0,3636,3768,283,469,469,1,1,1,1,0,NVM,819,1000,819,589,1000,589,555,1000,0,0,0,0,0,0,1
13470.1,0,3636,3768,283,469,469,1,1,1,1,0,NVM,819,1000,819,589,1000,589,555,1000,0,0,0,0,0,0,1
13480.1,0,3636,3768,283,469,469,1,1,1,1,0,NVM,819,1000,819,589,1000,589,555,1000,0,0,0,0,0,0,1
13490.1,0,3636,3768,283,469,469,1,1,1,1,0,NVM,819,1000,819,589,1000,589,555,1000,0,0,0,0,0,0,1
13500.1,0,3636,3768,283,469,469,1,1,1,1,0,NVM,819,1000,819,589,1000,589,555,1000,0,0,0,0,0,0,1
13510.1,0,3636,3768,283,469,469,1,1,1,1,0,NVM,819,1000,819,589,1000,589,555,1000,0,0,0,0,0,0,1
13520.1,0,3636,3768,283,469,469,1,1,1,1,0,NVM,819,1000,819,589,1000,589,555,1000,0,0,0,0,0,0,1
13530.1,0,3636,3768,283,469,469,1,1,1,1,0,NVM,819,1000,819,589,1000,589,555,1000,0,0,0,0,0,0,1
13540.1,0,3636,3768,283,469,469,1,1,1,1,0,NVM,819,1000,819,589,1000,589,555,1000,0,0,0,0,0,0,1
13550.1,0,3636,3768,283,469,469,1,1,1,1,0,NVM,819,1000,819,589,1000,589,555,1000,0,0,0,0,0,0,1
13560.1,0,3637,3760,282,469,469,1,1,1,1,0,NVM,819,1000,819,590,1000,590,556,1000,0,0,0,0,0,0,1
13570.1,0,3637,3760,282,469,469,1,1,1,1,0,NVM,819,1000,819,590,1000,590,556,1000,0,0,0,0,0,0,1
13580.1,0,3637,3760,282,469,469,1,1,1,1,0,NVM,819,1000,819,590,1000,590,556,1000,0,0,0,0,0,0,1
13590.1,0,3637,3760,282,469,469,1,1,1,1,0,NVM,819,1000,819,590,1000,590,556,1000,0,0,0,0,0,0,1
13600.1,0,3637,3760,282,469,469,1,1,1,1,0,NVM,819,1000,819,590,1000,590,556,1000,0,0,0,0,0,0,1
13610.1,0,3637,3760,282,469,469,1,1,1,1,0,NVM,819,1000,819,590,1000,590,556,1000,0,0,0,0,0,0,1
13620.1,0,3637,3760,282,469,469,1,1,1,1,0,NVM,819,1000,819,590,1000,590,556,1000,0,0,0,0,0,0,1
13630.1,0,3637,3760,282,469,469,1,1,1,1,0,NVM,819,1000,819,590,1000,590,556,1000,0,0,0,0,0,0,1
13640.1,0,3637,3760,282,469,469,1,1,1,1,0,NVM,819,1000,819,590,1000,590,556,1000,0,0,0,0,0,0,1
13650.1,0,3637,3760,282,469,469,1,1,1,1,0,NVM,819,1000,819,590,1000,590,556,1000,0,0,0,0,0,0,1
13660.1,0,3637,3760,282,469,469,1,1,1,1,0,NVM,819,1000,819,590,1000,590,556,1000,0,0,0,0,0,0,1
13670.1,0,3637,3760,282,469,469,1,1,1,1,0,NVM,819,1000,819,590,1000,590,556,1000,0,0,0,0,0,0,1
13680.1,0,3637,3760,282,469,469,1,1,1,1,0,NVM,819,1000,819,590,1000,590,556,1000,0,0,0,0,0,0,1
13690.1,0,3637,3760,282,469,469,1,1,1,1,0,NVM,819,1000,819,590,1000,590,556,1000,0,0,0,0,0,0,1
13700.1,0,3637,3760,282,469,469,1,1,1,1,0,NVM,819,1000,819,590,1000,590,556,1000,0,0,0,0,0,0,1
13710.1,0,3637,3760,282,469,469,1,1,1,1,0,NVM,819,1000,819,590,1000,590,556,1000,0,0,0,0,0,0,1
13720.1,0,3637,3760,282,469,469,1,1,1,1,0,NVM,819,1000,819,590,1000,590,556,1000,0,0,0,0,0,0,1
13730.1,0,3637,3760,282,469,469,1,1,1,1,0,NVM,819,1000,819,590,1000,590,556,1000,0,0,0,0,0,0,1
13740.1,0,3637,3760,282,469,469,1,1,1,1,0,NVM,819,1000,819,590,1000,590,556,1000,0,0,0,0,0,0,1
13750.1,0,3637,3760,282,469,469,1,1,1,1,0,NVM,819,1000,819,590,1000,590,556,1000,0,0,0,0,0,0,1
13760.1,0,3637,3743,279,469,469,1,1,1,1,0,NVM,820,1000,820,591,1000,591,557,1000,0,0,0,0,0,0,1
13770.1,0,3637,3743,279,469,469,1,1,1,1,0,NVM,820,1000,820,591,1000,591,557,1000,0,0,0,0,0,0,1
13780.1,0,3637,3743,279,469,469,1,1,1,1,0,NVM,820,1000,820,591,1000,591,557,1000,0,0,0,0,0,0,1
13790.1,0,3637,3743,279,469,469,1,1,1,1,0,NVM,820,1000,820,591,1000,591,557,1000,0,0,0,0,0,0,1
13800.1,0,3637,3743,279,469,469,1,1,1,1,0,NVM,820,1000,820,591,1000,591,557,1000,0,0,0,0,0,0,1
13810.1,0,3637,3743,279,469,469,1,1,1,1,0,NVM,820,1000,820,591,1000,591,557,1000,0,0,0,0,0,0,1
13820.1,0,3637,3743,279,469,469,1,1,1,1,0,NVM,820,1000,820,591,1000,591,557,1000,0,0,0,0,0,0,1
13830.1,0,3637,3743,279,469,469,1,1,1,1,0,NVM,820,1000,820,591,1000,591,557,1000,0,0,0,0,0,0,1
13840.1,0,3637,3743,279,469,469,1,1,1,1,0,NVM,820,1000,820,591,1000,591,557,1000,0,0,0,0,0,0,1
13850.1,0,3637,3743,279,469,469,1,1,1,1,0,NVM,820,1000,820,591,1000,591,557,1000,0,0,0,0,0,0,1
13860.1,0,3637,3743,282,469,469,1,1,1,1,0,NVM,819,1000,819,590,1000,590,556,1000,0,0,0,0,0,0,1
13870.1,0,3637,3743,282,469,469,1,1,1,1,0,NVM,819,1000,819,590,1000,590,556,1000,0,0,0,0,0,0,1
13880.1,0,3637,3743,282,469,469,1,1,1,1,0,NVM,819,1000,819,590,1000,590,556,1000,0,0,0,0,0,0,1
13890.2,0,3637,3743,282,469,469,1,1,1,1,0,NVM,819,1000,819,590,1000,590,556,1000,0,0,0,0,0,0,1
13900.1,0,3637,3743,282,469,469,1,1,1,1,0,NVM,819,1000,819,590,1000,590,556,1000,0,0,0,0,0,0,1
13910.1,0,3637,3743,282,469,469,1,1,1,1,0,NVM,819,1000,819,590,1000,590,556,1000,0,0,0,0,0,0,1
13920.1,0,3637,3743,282,469,469,1,1,1,1,0,NVM,819,1000,819,590,1000,590,556,1000,0,0,0,0,0,0,1
13930.1,0,3637,3743,282,469,469,1,1,1,1,0,NVM,819,1000,819,590,1000,590,556,1000,0,0,0,0,0,0,1
13940.1,0,3637,3743,282,469,469,1,1,1,1,0,NVM,819,1000,819,590,1000,590,556,1000,0,0,0,0,0,0,1
13950.1,0,3637,3743,282,469,469,1,1,1,1,0,NVM,819,1000,819,590,1000,590,556,1000,0,0,0,0,0,0,1
13960.1,0,3636,3756,281,469,469,1,1,1,1,0,NVM,819,1000,819,590,1000,590,556,1000,0,0,0,0,0,0,1
13970.1,0,3636,3756,281,469,469,1,1,1,1,0,NVM,819,1000,819,590,1000,590,556,1000,0,0,0,0,0,0,1
13980.1,0,3636,3756,281,469,469,1,1,1,1,0,NVM,819,1000,819,590,1000,590,556,1000,0,0,0,0,0,0,1
13990.1,0,3636,3756,281,469,469,1,1,1,1,0,NVM,819,1000,819,590,1000,590,556,1000,0,0,0,0,0,0,1
14000.1,0,3636,3756,281,469,469,1,1,1,1,0,NVM,819,1000,819,590,1000,590,556,1000,0,0,0,0,0,0,1
14010.1,0,3636,3756,281,469,469,1,1,1,1,0,NVM,819,1000,819,590,1000,590,556,1000,0,0,0,0,0,0,1
14020.1,0,3636,3756,281,469,469,1,1,1,1,0,NVM,819,1000,819,590,1000,590,556,1000,0,0,0,0,0,0,1
14030.1,0,3636,3756,281,469,469,1,1,1,1,0,NVM,819,1000,819,590,1000,590,556,1000,0,0,0,0,0,0,1
14040.1,0,3636,3756,281,469,469,1,1,1,1,0,NVM,819,1000,819,590,1000,590,556,1000,0,0,0,0,0,0,1
14050.1,0,3636,3756,281,469,469,1,1,1,1,0,NVM,819,1000,819,590,1000,590,556,1000,0,0,0,0,0,0,1
14060.1,0,3636,3756,279,469,469,1,1,1,1,0,NVM,820,1000,820,591,1000,591,557,1000,0,0,0,0,0,0,1
14070.1,0,3636,3756,279,469,469,1,1,1,1,0,NVM,820,1000,820,591,1000,591,557,1000,0,0,0,0,0,0,1
14080.1,0,3636,3756,279,469,469,1,1,1,1,0,NVM,820,1000,820,591,1000,591,557,1000,0,0,0,0,0,0,1
14090.1,0,3636,3756,279,469,469,1,1,1,1,0,NVM,820,1000,820,591,1000,591,557,1000,0,0,0,0,0,0,1
14100.1,0,3636,3756,279,469,469,1,1,1,1,0,NVM,820,1000,820,591,1000,591,557,1000,0,0,0,0,0,0,1
14110.1,0,3636,3756,279,469,469,1,1,1,1,0,NVM,820,1000,820,591,1000,591,557,1000,0,0,0,0,0,0,1
14120.1,0,3636,3756,279,469,469,1,1,1,1,0,NVM,820,1000,820,591,1000,591,557,1000,0,0,0,0,0,0,1
14130.1,0,3636,3756,279,469,469,1,1,1,1,0,NVM,820,1000,820,591,1000,591,557,1000,0,0,0,0,0,0,1
14140.1,0,3636,3756,279,469,469,1,1,1,1,0,NVM,820,1000,820,591,1000,591,557,1000,0,0,0,0,0,0,1
14150.1,0,3636,3756,279,469,469,1,1,1,1,0,NVM,820,1000,820,591,1000,591,557,1000,0,0,0,0,0,0,1
14160.1,0,3640,3773,282,469,469,1,1,1,1,0,NVM,819,1000,819,590,1000,590,556,1000,0,0,0,0,0,0,1
14170.1,0,3640,3773,282,469,469,1,1,1,1,0,NVM,819,1000,819,590,1000,590,556,1000,0,0,0,0,0,0,1
14180.1,0,3640,3773,282,469,469,1,1,1,1,0,NVM,819,1000,819,590,1000,590,556,1000,0,0,0,0,0,0,1
14190.1,0,3640,3773,282,469,469,1,1,1,1,0,NVM,819,1000,819,590,1000,590,556,1000,0,0,0,0,0,0,1
14200.1,0,3640,3773,282,469,469,1,1,1,1,0,NVM,819,1000,819,590,1000,590,556,1000,0,0,0,0,0,0,1
14210.1,0,3640,3773,282,469,469,1,1,1,1,0,NVM,819,1000,819,590,1000,590,556,1000,0,0,0,0,0,0,1
14220.1,0,3640,3773,282,469,469,1,1,1,1,0,NVM,819,1000,819,590,1000,590,556,1000,0,0,0,0,0,0,1
14230.1,0,3640,3773,282,469,469,1,1,1,1,0,NVM,819,1000,819,590,1000,590,556,1000,0,0,0,0,0,0,1
14240.1,0,3640,3773,282,469,469,1,1,1,1,0,NVM,819,1000,819,590,1000,590,556,1000,0,0,0,0,0,0,1
14250.1,0,3640,3773,282,469,469,1,1,1,1,0,NVM,819,1000,819,590,1000,590,556,1000,0,0,0,0,0,0,1
14260.1,0,3640,3773,282,469,469,1,1,1,1,0,NVM,819,1000,819,590,1000,590,556,1000,0,0,0,0,0,0,1
14270.1,0,3640,3773,282,469,469,1,1,1,1,0,NVM,819,1000,819,590,1000,590,556,1000,0,0,0,0,0,0,1
14280.1,0,3640,3773,282,469,469,1,1,1,1,0,NVM,819,1000,819,590,1000,590,556,1000,0,0,0,0,0,0,1
14290.1,0,3640,3773,282,469,469,1,1,1,1,0,NVM,819,1000,819,590,1000,590,556,1000,0,0,0,0,0,0,1
14300.1,0,3640,3773,282,469,469,1,1,1,1,0,NVM,819,1000,819,590,1000,590,556,1000,0,0,0,0,0,0,1
14310.1,0,3640,3773,282,469,469,1,1,1,1,0,NVM,819,1000,819,590,1000,590,556,1000,0,0,0,0,0,0,1
14320.1,0,3640,3773,282,469,469,1,1,1,1,0,NVM,819,1000,819,590,1000,590,556,1000,0,0,0,0,0,0,1
14330.1,0,3640,3773,282,469,469,1,1,1,1,0,NVM,819,1000,819,590,1000,590,556,1000,0,0,0,0,0,0,1
14340.1,0,3640,3773,282,469,469,1,1,1,1,0,NVM,819,1000,819,590,1000,590,556,1000,0,0,0,0,0,0,1
14350.1,0,3640,3773,282,469,469,1,1,1,1,0,NVM,819,1000,819,590,1000,590,556,1000,0,0,0,0,0,0,1
14360.1,0,3657,3773,281,469,469,1,1,1,1,0,NVM,819,1000,819,590,1000,590,556,1000,0,0,0,0,0,0,1
14370.1,0,3657,3773,281,469,469,1,1,1,1,0,NVM,819,1000,819,590,1000,590,556,1000,0,0,0,0,0,0,1
14380.2,0,3657,3773,281,469,469,1,1,1,1,0,NVM,819,1000,819,590,1000,590,556,1000,0,0,0,0,0,0,1
14390.1,0,3657,3773,281,469,469,1,1,1,1,0,NVM,819,1000,819,590,1000,590,556,1000,0,0,0,0,0,0,1
14400.1,0,3657,3773,281,469,469,1,1,1,1,0,NVM,819,1000,819,590,1000,590,556,1000,0,0,0,0,0,0,1
14410.1,0,3657,3773,281,469,469,1,1,1,1,0,NVM,819,1000,819,590,1000,590,556,1000,0,0,0,0,0,0,1
14420.1,0,3657,3773,281,469,469,1,1,1,1,0,NVM,819,1000,819,590,1000,590,556,1000,0,0,0,0,0,0,1
14430.1,0,3657,3773,281,469,469,1,1,1,1,0,NVM,819,1000,819,590,1000,590,556,1000,0,0,0,0,0,0,1
14440.1,0,3657,3773,281,469,469,1,1,1,1,0,NVM,819,1000,819,590,1000,590,556,1000,0,0,0,0,0,0,1
14450.1,0,3657,3773,281,469,469,1,1,1,1,0,NVM,819,1000,819,590,1000,590,556,1000,0,0,0,0,0,0,1
14460.1,0,3657,3773,279,469,469,1,1,1,1,0,NVM,820,1000,820,591,1000,591,557,1000,0,0,0,0,0,0,1
14470.1,0,3657,3773,279,469,469,1,1,1,1,0,NVM,820,1000,820,591,1000,591,557,1000,0,0,0,0,0,0,1
14480.1,0,3657,3773,279,469,469,1,1,1,1,0,NVM,820,1000,820,591,1000,591,557,1000,0,0,0,0,0,0,1
14490.1,0,3657,3773,279,469,469,1,1,1,1,0,NVM,820,1000,820,591,1000,591,557,1000,0,0,0,0,0,0,1
14500.1,0,3657,3773,279,469,469,1,1,1,1,0,NVM,820,1000,820,591,1000,591,557,1000,0,0,0,0,0,0,1
14510.1,0,3657,3773,279,469,469,1,1,1,1,0,NVM,820,1000,820,591,1000,591,557,1000,0,0,0,0,0,0,1
14520.1,0,3657,3773,279,469,469,1,1,1,1,0,NVM,820,1000,820,591,1000,591,557,1000,0,0,0,0,0,0,1
14530.1,0,3657,3773,279,469,469,1,1,1,1,0,NVM,820,1000,820,591,1000,591,557,1000,0,0,0,0,0,0,1
14540.1,0,3657,3773,279,469,469,1,1,1,1,0,NVM,820,1000,820,591,1000,591,557,1000,0,0,0,0,0,0,1
14550.1,0,3657,3773,279,469,469,1,1,1,1,0,NVM,820,1000,820,591,1000,591,557,1000,0,0,0,0,0,0,1
14560.1,0,3656,3753,285,469,469,1,1,1,1,0,NVM,818,1000,818,589,1000,589,555,1000,0,0,0,0,0,0,1
14570.1,0,3656,3753,285,469,469,1,1,1,1,0,NVM,818,1000,818,589,1000,589,555,1000,0,0,0,0,0,0,1
14580.1,0,3656,3753,285,469,469,1,1,1,1,0,NVM,818,1000,818,589,1000,589,555,1000,0,0,0,0,0,0,1
14590.1,0,3656,3753,285,469,469,1,1,1,1,0,NVM,818,1000,818,589,1000,589,555,1000,0,0,0,0,0,0,1
14600.1,0,3656,3753,285,469,469,1,1,1,1,0,NVM,818,1000,818,589,1000,589,555,1000,0,0,0,0,0,0,1
14610.1,0,3656,3753,285,469,469,1,1,1,1,0,NVM,818,1000,818,589,1000,589,555,1000,0,0,0,0,0,0,1
14620.1,0,3656,3753,285,469,469,1,1,1,1,0,NVM,818,1000,818,589,1000,589,555,1000,0,0,0,0,0,0,1
14630.1,0,3656,3753,285,469,469,1,1,1,1,0,NVM,818,1000,818,589,1000,589,555,1000,0,0,0,0,0,0,1
14640.1,0,3656,3753,285,469,469,1,1,1,1,0,NVM,818,1000,818,589,1000,589,555,1000,0,0,0,0,0,0,1
14650.1,0,3656,3753,285,469,469,1,1,1,1,0,NVM,818,1000,818,589,1000,589,555,1000,0,0,0,0,0,0,1
14660.1,0,3656,3753,278,469,469,1,1,1,1,0,NVM,820,1000,820,591,1000,591,557,1000,0,0,0,0,0,0,1
14670.1,0,3656,3753,278,469,469,1,1,1,1,0,NVM,820,1000,820,591,1000,591,557,1000,0,0,0,0,0,0,1
14680.1,0,3656,3753,278,469,469,1,1,1,1,0,NVM,820,1000,820,591,1000,591,557,1000,0,0,0,0,0,0,1
14690.1,0,3656,3753,278,469,469,1,1,1,1,0,NVM,820,1000,820,591,1000,591,557,1000,0,0,0,0,0,0,1
14700.1,0,3656,3753,278,469,469,1,1,1,1,0,NVM,820,1000,820,591,1000,591,557,1000,0,0,0,0,0,0,1
14710.1,0,3656,3753,278,469,469,1,1,1,1,0,NVM,820,1000,820,591,1000,591,557,1000,0,0,0,0,0,0,1
14720.1,0,3656,3753,278,469,469,1,1,1,1,0,NVM,820,1000,820,591,1000,591,557,1000,0,0,0,0,0,0,1
14730.1,0,3656,3753,278,469,469,1,1,1,1,0,NVM,820,1000,820,591,1000,591,557,1000,0,0,0,0,0,0,1
14740.1,0,3656,3753,278,469,469,1,1,1,1,0,NVM,820,1000,820,591,1000,591,557,1000,0,0,0,0,0,0,1
14750.1,0,3656,3753,278,469,469,1,1,1,1,0,NVM,820,1000,820,591,1000,591,557,1000,0,0,0,0,0,0,1
14760.1,0,3631,3747,280,469,469,1,1,1,1,0,NVM,819,1000,819,590,1000,590,556,1000,0,0,0,0,0,0,1
14770.1,0,3631,3747,280,469,469,1,1,1,1,0,NVM,819,1000,819,590,1000,590,556,1000,0,0,0,0,0,0,1
14780.1,0,3631,3747,280,469,469,1,1,1,1,0,NVM,819,1000,819,590,1000,590,556,1000,0,0,0,0,0,0,1
14790.1,0,3631,3747,280,469,469,1,1,1,1,0,NVM,819,1000,819,590,1000,590,556,1000,0,0,0,0,0,0,1
14800.1,0,3631,3747,280,469,469,1,1,1,1,0,NVM,819,1000,819,590,1000,590,556,1000,0,0,0,0,0,0,1
14810.1,0,3631,3747,280,469,469,1,1,1,1,0,NVM,819,1000,819,590,1000,590,556,1000,0,0,0,0,0,0,1
14820.1,0,3631,3747,280,469,469,1,1,1,1,0,NVM,819,1000,819,590,1000,590,556,1000,0,0,0,0,0,0,1
14830.1,0,3631,3747,280,469,469,1,1,1,1,0,NVM,819,1000,819,590,1000,590,556,1000,0,0,0,0,0,0,1
14840.1,0,3631,3747,280,469,469,1,1,1,1,0,NVM,819,1000,819,590,1000,590,556,1000,0,0,0,0,0,0,1
14850.1,0,3631,3747,280,469,469,1,1,1,1,0,NVM,819,1000,819,590,1000,590,556,1000,0,0,0,0,0,0,1
14860.1,0,3631,3747,282,469,469,1,1,1,1,0,NVM,819,1000,819,590,1000,590,556,1000,0,0,0,0,0,0,1
14870.1,0,3631,3747,282,469,469,1,1,1,1,0,NVM,819,1000,819,590,1000,590,556,1000,0,0,0,0,0,0,1
14880.1,0,3631,3747,282,469,469,1,1,1,1,0,NVM,819,1000,819,590,1000,590,556,1000,0,0,0,0,0,0,1
14890.1,0,3631,3747,282,469,469,1,1,1,1,0,NVM,819,1000,819,590,1000,590,556,1000,0,0,0,0,0,0,1
14900.1,0,3631,3747,282,469,469,1,1,1,1,0,NVM,819,1000,819,590,1000,590,556,1000,0,0,0,0,0,0,1
14910.1,0,3631,3747,282,469,469,1,1,1,1,0,NVM,819,1000,819,590,1000,590,556,1000,0,0,0,0,0,0,1
14920.1,0,3631,3747,282,469,469,1,1,1,1,0,NVM,819,1000,819,590,1000,590,556,1000,0,0,0,0,0,0,1
14930.1,0,3631,3747,282,469,469,1,1,1,1,0,NVM,819,1000,819,590,1000,590,556,1000,0,0,0,0,0,0,1
14940.1,0,3631,3747,282,469,469,1,1,1,1,0,NVM,819,1000,819,590,1000,590,556,1000,0,0,0,0,0,0,1
14950.1,0,3631,3747,282,469,469,1,1,1,1,0,NVM,819,1000,819,590,1000,590,556,1000,0,0,0,0,0,0,1
14960.1,0,3631,3773,283,469,469,1,1,1,1,0,NVM,819,1000,819,589,1000,589,555,1000,0,0,0,0,0,0,1
14970.1,0,3631,3773,283,469,469,1,1,1,1,0,NVM,819,1000,819,589,1000,589,555,1000,0,0,0,0,0,0,1
14980.1,0,3631,3773,283,469,469,1,1,1,1,0,NVM,819,1000,819,589,1000,589,555,1000,0,0,0,0,0,0,1
14990.1,0,3631,3773,283,469,469,1,1,1,1,0,NVM,819,1000,819,589,1000,589,555,1000,0,0,0,0,0,0,1
15000.1,0,3631,3773,283,469,469,1,1,1,1,0,NVM,819,1000,819,589,1000,589,555,1000,0,0,0,0,0,0,1
15010.1,0,3631,3773,283,469,469,1,1,1,1,0,NVM,819,1000,819,589,1000,589,555,1000,0,0,0,0,0,0,1
15020.1,0,3631,3773,283,469,469,1,1,1,1,0,NVM,819,1000,819,589,1000,589,555,1000,0,0,0,0,0,0,1
15030.1,0,3631,3773,283,469,469,1,1,1,1,0,NVM,819,1000,819,589,1000,589,555,1000,0,0,0,0,0,0,1
15040.1,0,3631,3773,283,469,469,1,1,1,1,0,NVM,819,1000,819,589,1000,589,555,1000,0,0,0,0,0,0,1
15050.1,0,3631,3773,283,469,469,1,1,1,1,0,NVM,819,1000,819,589,1000,589,555,1000,0,0,0,0,0,0,1
15060.1,0,3631,3773,283,469,469,1,1,1,1,0,NVM,819,1000,819,589,1000,589,555,1000,0,0,0,0,0,0,1
15070.1,0,3631,3773,283,469,469,1,1,1,1,0,NVM,819,1000,819,589,1000,589,555,1000,0,0,0,0,0,0,1
15080.1,0,3631,3773,283,469,469,1,1,1,1,0,NVM,819,1000,819,589,1000,589,555,1000,0,0,0,0,0,0,1
15090.1,0,3631,3773,283,469,469,1,1,1,1,0,NVM,819,1000,819,589,1000,589,555,1000,0,0,0,0,0,0,1
15100.1,0,3631,3773,283,469,469,1,1,1,1,0,NVM,819,1000,819,589,1000,589,555,1000,0,0,0,0,0,0,1
15110.1,0,3631,3773,283,469,469,1,1,1,1,0,NVM,819,1000,819,589,1000,589,555,1000,0,0,0,0,0,0,1
15120.1,0,3631,3773,283,469,469,1,1,1,1,0,NVM,819,1000,819,589,1000,589,555,1000,0,0,0,0,0,0,1
15130.1,0,3631,3773,283,469,469,1,1,1,1,0,NVM,819,1000,819,589,1000,589,555,1000,0,0,0,0,0,0,1
15140.1,0,3631,3773,283,469,469,1,1,1,1,0,NVM,819,1000,819,589,1000,589,555,1000,0,0,0,0,0,0,1
15150.1,0,3631,3773,283,469,469,1,1,1,1,0,NVM,819,1000,819,589,1000,589,555,1000,0,0,0,0,0,0,1
15160.1,0,3631,3766,282,469,469,1,1,1,1,0,NVM,819,1000,819,590,1000,590,556,1000,0,0,0,0,0,0,1
15170.1,0,3631,3766,282,469,469,1,1,1,1,0,NVM,819,1000,819,590,1000,590,556,1000,0,0,0,0,0,0,1
15180.1,0,3631,3766,282,469,469,1,1,1,1,0,NVM,819,1000,819,590,1000,590,556,1000,0,0,0,0,0,0,1
15190.1,0,3631,3766,282,469,469,1,1,1,1,0,NVM,819,1000,819,590,1000,590,556,1000,0,0,0,0,0,0,1
15200.1,0,3631,3766,282,469,469,1,1,1,1,0,NVM,819,1000,819,590,1000,590,556,1000,0,0,0,0,0,0,1
15210.1,0,3631,3766,282,469,469,1,1,1,1,0,NVM,819,1000,819,590,1000,590,556,1000,0,0,0,0,0,0,1
15220.1,0,3631,3766,282,469,469,1,1,1,1,0,NVM,819,1000,819,590,1000,590,556,1000,0,0,0,0,0,0,1
15230.1,0,3631,3766,282,469,469,1,1,1,1,0,NVM,819,1000,819,590,1000,590,556,1000,0,0,0,0,0,0,1
15240.1,0,3631,3766,282,469,469,1,1,1,1,0,NVM,819,1000,819,590,1000,590,556,1000,0,0,0,0,0,0,1
15250.1,0,3631,3766,282,469,469,1,1,1,1,0,NVM,819,1000,819,590,1000,590,556,1000,0,0,0,0,0,0,1
15260.1,0,3631,3766,284,469,469,1,1,1,1,0,NVM,818,1000,818,589,1000,589,555,1000,0,0,0,0,0,0,1
15270.2,0,3631,3766,284,469,469,1,1,1,1,0,NVM,818,1000,818,589,1000,589,555,1000,0,0,0,0,0,0,1
15280.1,0,3631,3766,284,469,469,1,1,1,1,0,NVM,818,1000,818,589,1000,589,555,1000,0,0,0,0,0,0,1
15290.1,0,3631,3766,284,469,469,1,1,1,1,0,NVM,818,1000,818,589,1000,589,555,1000,0,0,0,0,0,0,1
15300.1,0,3631,3766,284,469,469,1,1,1,1,0,NVM,818,1000,818,589,1000,589,555,1000,0,0,0,0,0,0,1
15310.1,0,3631,3766,284,469,469,1,1,1,1,0,NVM,818,1000,818,589,1000,589,555,1000,0,0,0,0,0,0,1
15320.1,0,3631,3766,284,469,469,1,1,1,1,0,NVM,818,1000,818,589,1000,589,555,1000,0,0,0,0,0,0,1
15330.1,0,3631,3766,284,469,469,1,1,1,1,0,NVM,818,1000,818,589,1000,589,555,1000,0,0,0,0,0,0,1
15340.1,0,3631,3766,284,469,469,1,1,1,1,0,NVM,818,1000,818,589,1000,589,555,1000,0,0,0,0,0,0,1
15350.1,0,3631,3766,284,469,469,1,1,1,1,0,NVM,818,1000,818,589,1000,589,555,1000,0,0,0,0,0,0,1
15360.1,0,3636,3774,282,469,469,1,1,1,1,0,NVM,819,1000,819,590,1000,590,556,1000,0,0,0,0,0,0,1
15370.1,0,3636,3774,282,469,469,1,1,1,1,0,NVM,819,1000,819,590,1000,590,556,1000,0,0,0,0,0,0,1
15380.1,0,3636,3774,282,469,469,1,1,1,1,0,NVM,819,1000,819,590,1000,590,556,1000,0,0,0,0,0,0,1
15390.1,0,3636,3774,282,469,469,1,1,1,1,0,NVM,819,1000,819,590,1000,590,556,1000,0,0,0,0,0,0,1
15400.1,0,3636,3774,282,469,469,1,1,1,1,0,NVM,819,1000,819,590,1000,590,556,1000,0,0,0,0,0,0,1
15410.1,0,3636,3774,282,469,469,1,1,1,1,0,NVM,819,1000,819,590,1000,590,556,1000,0,0,0,0,0,0,1
15420.1,0,3636,3774,282,469,469,1,1,1,1,0,NVM,819,1000,819,590,1000,590,556,1000,0,0,0,0,0,0,1
15430.1,0,3636,3774,282,469,469,1,1,1,1,0,NVM,819,1000,819,590,1000,590,556,1000,0,0,0,0,0,0,1
15440.1,0,3636,3774,282,469,469,1,1,1,1,0,NVM,819,1000,819,590,1000,590,556,1000,0,0,0,0,0,0,1
15450.1,0,3636,3774,282,469,469,1,1,1,1,0,NVM,819,1000,819,590,1000,590,556,1000,0,0,0,0,0,0,1
15460.1,0,3636,3774,283,469,469,1,1,1,1,0,NVM,819,1000,819,589,1000,589,555,1000,0,0,0,0,0,0,1
15470.1,0,3636,3774,283,469,469,1,1,1,1,0,NVM,819,1000,819,589,1000,589,555,1000,0,0,0,0,0,0,1
15480.1,0,3636,3774,283,469,469,1,1,1,1,0,NVM,819,1000,819,589,1000,589,555,1000,0,0,0,0,0,0,1
15490.1,0,3636,3774,283,469,469,1,1,1,1,0,NVM,819,1000,819,589,1000,589,555,1000,0,0,0,0,0,0,1
15500.1,0,3636,3774,283,469,469,1,1,1,1,0,NVM,819,1000,819,589,1000,589,555,1000,0,0,0,0,0,0,1
15510.1,0,3636,3774,283,469,469,1,1,1,1,0,NVM,819,1000,819,589,1000,589,555,1000,0,0,0,0,0,0,1
15520.1,0,3636,3774,283,469,469,1,1,1,1,0,NVM,819,1000,819,589,1000,589,555,1000,0,0,0,0,0,0,1
15530.1,0,3636,3774,283,469,469,1,1,1,1,0,NVM,819,1000,819,589,1000,589,555,1000,0,0,0,0,0,0,1
15540.1,0,3636,3774,283,469,469,1,1,1,1,0,NVM,819,1000,819,589,1000,589,555,1000,0,0,0,0,0,0,1
15550.1,0,3636,3774,283,469,469,1,1,1,1,0,NVM,819,1000,819,589,1000,589,555,1000,0,0,0,0,0,0,1
15560.1,0,3634,3765,288,469,469,1,1,1,1,0,NVM,817,1000,817,588,1000,588,554,1000,0,0,0,0,0,0,1
15570.1,0,3634,3765,288,469,469,1,1,1,1,0,NVM,817,1000,817,588,1000,588,554,1000,0,0,0,0,0,0,1
15580.1,0,3634,3765,288,469,469,1,1,1,1,0,NVM,817,1000,817,588,1000,588,554,1000,0,0,0,0,0,0,1
15590.1,0,3634,3765,288,469,469,1,1,1,1,0,NVM,817,1000,817,588,1000,588,554,1000,0,0,0,0,0,0,1
15600.1,0,3634,3765,288,469,469,1,1,1,1,0,NVM,817,1000,817,588,1000,588,554,1000,0,0,0,0,0,0,1
15610.1,0,3634,3765,288,469,469,1,1,1,1,0,NVM,817,1000,817,588,1000,588,554,1000,0,0,0,0,0,0,1
15620.1,0,3634,3765,288,469,469,1,1,1,1,0,NVM,817,1000,817,588,1000,588,554,1000,0,0,0,0,0,0,1
15630.1,0,3634,3765,288,469,469,1,1,1,1,0,NVM,817,1000,817,588,1000,588,554,1000,0,0,0,0,0,0,1
15640.1,0,3634,3765,288,469,469,1,1,1,1,0,NVM,817,1000,817,588,1000,588,554,1000,0,0,0,0,0,0,1
15650.1,0,3634,3765,288,469,469,1,1,1,1,0,NVM,817,1000,817,588,1000,588,554,1000,0,0,0,0,0,0,1
15660.1,0,3634,3765,278,469,469,1,1,1,1,0,NVM,820,1000,820,591,1000,591,557,1000,0,0,0,0,0,0,1
15670.1,0,3634,3765,278,469,469,1,1,1,1,0,NVM,820,1000,820,591,1000,591,557,1000,0,0,0,0,0,0,1
15680.1,0,3634,3765,278,469,469,1,1,1,1,0,NVM,820,1000,820,591,1000,591,557,1000,0,0,0,0,0,0,1
15690.1,0,3634,3765,278,469,469,1,1,1,1,0,NVM,820,1000,820,591,1000,591,557,1000,0,0,0,0,0,0,1
15700.1,0,3634,3765,278,469,469,1,1,1,1,0,NVM,820,1000,820,591,1000,591,557,1000,0,0,0,0,0,0,1
15710.1,0,3634,3765,278,469,469,1,1,1,1,0,NVM,820,1000,820,591,1000,591,557,1000,0,0,0,0,0,0,1
15720.3,0,3634,3765,278,469,469,1,1,1,1,0,NVM,820,1000,820,591,1000,591,557,1000,0,0,0,0,0,0,1
15730.2,0,3634,3765,278,469,469,1,1,1,1,0,NVM,820,1000,820,591,1000,591,557,1000,0,0,0,0,0,0,1
15740.3,0,3634,3765,278,469,469,1,1,1,1,0,NVM,820,1000,820,591,1000,591,557,1000,0,0,0,0,0,0,1
15750.1,0,3634,3765,278,469,469,1,1,1,1,0,NVM,820,1000,820,591,1000,591,557,1000,0,0,0,0,0,0,1
15760.1,0,3630,3765,279,469,469,1,1,1,1,0,NVM,820,1000,820,591,1000,591,557,1000,0,0,0,0,0,0,1
15770.1,0,3630,3765,279,469,469,1,1,1,1,0,NVM,820,1000,820,591,1000,591,557,1000,0,0,0,0,0,0,1
15780.1,0,3630,3765,279,469,469,1,1,1,1,0,NVM,820,1000,820,591,1000,591,557,1000,0,0,0,0,0,0,1
15790.1,0,3630,3765,279,469,469,1,1,1,1,0,NVM,820,1000,820,591,1000,591,557,1000,0,0,0,0,0,0,1
15800.1,0,3630,3765,279,469,469,1,1,1,1,0,NVM,820,1000,820,591,1000,591,557,1000,0,0,0,0,0,0,1
15810.1,0,3630,3765,279,469,469,1,1,1,1,0,NVM,820,1000,820,591,1000,591,557,1000,0,0,0,0,0,0,1
15820.1,0,3630,3765,279,469,469,1,1,1,1,0,NVM,820,1000,820,591,1000,591,557,1000,0,0,0,0,0,0,1
15830.1,0,3630,3765,279,469,469,1,1,1,1,0,NVM,820,1000,820,591,1000,591,557,1000,0,0,0,0,0,0,1
15840.1,0,3630,3765,279,469,469,1,1,1,1,0,NVM,820,1000,820,591,1000,591,557,1000,0,0,0,0,0,0,1
15850.1,0,3630,3765,279,469,469,1,1,1,1,0,NVM,820,1000,820,591,1000,591,557,1000,0,0,0,0,0,0,1
15860.1,0,3630,3765,281,469,469,1,1,1,1,0,NVM,819,1000,819,590,1000,590,556,1000,0,0,0,0,0,0,1
15870.1,0,3630,3765,281,469,469,1,1,1,1,0,NVM,819,1000,819,590,1000,590,556,1000,0,0,0,0,0,0,1
15880.1,0,3630,3765,281,469,469,1,1,1,1,0,NVM,819,1000,819,590,1000,590,556,1000,0,0,0,0,0,0,1
15890.1,0,3630,3765,281,469,469,1,1,1,1,0,NVM,819,1000,819,590,1000,590,556,1000,0,0,0,0,0,0,1
15900.1,0,3630,3765,281,469,469,1,1,1,1,0,NVM,819,1000,819,590,1000,590,556,1000,0,0,0,0,0,0,1
15910.1,0,3630,3765,281,469,469,1,1,1,1,0,NVM,819,1000,819,590,1000,590,556,1000,0,0,0,0,0,0,1
15920.1,0,3630,3765,281,469,469,1,1,1,1,0,NVM,819,1000,819,590,1000,590,556,1000,0,0,0,0,0,0,1
15930.1,0,3630,3765,281,469,469,1,1,1,1,0,NVM,819,1000,819,590,1000,590,556,1000,0,0,0,0,0,0,1
15940.1,0,3630,3765,281,469,469,1,1,1,1,0,NVM,819,1000,819,590,1000,590,556,1000,0,0,0,0,0,0,1
15950.1,0,3630,3765,281,469,469,1,1,1,1,0,NVM,819,1000,819,590,1000,590,556,1000,0,0,0,0,0,0,1
15960.1,0,3642,3769,283,469,469,1,1,1,1,0,NVM,819,1000,819,589,1000,589,555,1000,0,0,0,0,0,0,1
15970.1,0,3642,3769,283,469,469,1,1,1,1,0,NVM,819,1000,819,589,1000,589,555,1000,0,0,0,0,0,0,1
15980.1,0,3642,3769,283,469,469,1,1,1,1,0,NVM,819,1000,819,589,1000,589,555,1000,0,0,0,0,0,0,1
15990.1,0,3642,3769,283,469,469,1,1,1,1,0,NVM,819,1000,819,589,1000,589,555,1000,0,0,0,0,0,0,1
16000.1,0,3642,3769,283,469,469,1,1,1,1,0,NVM,819,1000,819,589,1000,589,555,1000,0,0,0,0,0,0,1
16010.1,0,3642,3769,283,469,469,1,1,1,1,0,NVM,819,1000,819,589,1000,589,555,1000,0,0,0,0,0,0,1
16020.1,0,3642,3769,283,469,469,1,1,1,1,0,NVM,819,1000,819,589,1000,589,555,1000,0,0,0,0,0,0,1
16030.1,0,3642,3769,283,469,469,1,1,1,1,0,NVM,819,1000,819,589,1000,589,555,1000,0,0,0,0,0,0,1
16040.1,0,3642,3769,283,469,469,1,1,1,1,0,NVM,819,1000,819,589,1000,589,555,1000,0,0,0,0,0,0,1
16050.1,0,3642,3769,283,469,469,1,1,1,1,0,NVM,819,1000,819,589,1000,589,555,1000,0,0,0,0,0,0,1
16060.1,0,3642,3769,281,469,469,1,1,1,1,0,NVM,819,1000,819,590,1000,590,556,1000,0,0,0,0,0,0,1
16070.1,0,3642,3769,281,469,469,1,1,1,1,0,NVM,819,1000,819,590,1000,590,556,1000,0,0,0,0,0,0,1
16080.1,0,3642,3769,281,469,469,1,1,1,1,0,NVM,819,1000,819,590,1000,590,556,1000,0,0,0,0,0,0,1
16090.1,0,3642,3769,281,469,469,1,1,1,1,0,NVM,819,1000,819,590,1000,590,556,1000,0,0,0,0,0,0,1
16100.1,0,3642,3769,281,469,469,1,1,1,1,0,NVM,819,1000,819,590,1000,590,556,1000,0,0,0,0,0,0,1
16110.1,0,3642,3769,281,469,469,1,1,1,1,0,NVM,819,1000,819,590,1000,590,556,1000,0,0,0,0,0,0,1
16120.1,0,3642,3769,281,469,469,1,1,1,1,0,NVM,819,1000,819,590,1000,590,556,1000,0,0,0,0,0,0,1
16130.1,0,3642,3769,281,469,469,1,1,1,1,0,NVM,819,1000,819,590,1000,590,556,1000,0,0,0,0,0,0,1
16140.1,0,3642,3769,281,469,469,1,1,1,1,0,NVM,819,1000,819,590,1000,590,556,1000,0,0,0,0,0,0,1
16150.1,0,3642,3769,281,469,469,1,1,1,1,0,NVM,819,1000,819,590,1000,590,556,1000,0,0,0,0,0,0,1
16160.1,0,3626,3758,282,469,469,1,1,1,1,0,NVM,819,1000,819,590,1000,590,556,1000,0,0,0,0,0,0,1
16170.1,0,3626,3758,282,469,469,1,1,1,1,0,NVM,819,1000,819,590,1000,590,556,1000,0,0,0,0,0,0,1
16180.1,0,3626,3758,282,469,469,1,1,1,1,0,NVM,819,1000,819,590,1000,590,556,1000,0,0,0,0,0,0,1
16190.1,0,3626,3758,282,469,469,1,1,1,1,0,NVM,819,1000,819,590,1000,590,556,1000,0,0,0,0,0,0,1
16200.1,0,3626,3758,282,469,469,1,1,1,1,0,NVM,819,1000,819,590,1000,590,556,1000,0,0,0,0,0,0,1
16210.1,0,3626,3758,282,469,469,1,1,1,1,0,NVM,819,1000,819,590,1000,590,556,1000,0,0,0,0,0,0,1
16220.1,0,3626,3758,282,469,469,1,1,1,1,0,NVM,819,1000,819,590,1000,590,556,1000,0,0,0,0,0,0,1
16230.1,0,3626,3758,282,469,469,1,1,1,1,0,NVM,819,1000,819,590,1000,590,556,1000,0,0,0,0,0,0,1
16240.1,0,3626,3758,282,469,469,1,1,1,1,0,NVM,819,1000,819,590,1000,590,556,1000,0,0,0,0,0,0,1
16250.1,0,3626,3758,282,469,469,1,1,1,1,0,NVM,819,1000,819,590,1000,590,556,1000,0,0,0,0,0,0,1
16260.1,0,3626,3758,286,469,469,1,1,1,1,0,NVM,818,1000,818,588,1000,588,554,1000,0,0,0,0,0,0,1
16270.1,0,3626,3758,286,469,469,1,1,1,1,0,NVM,818,1000,818,588,1000,588,554,1000,0,0,0,0,0,0,1
16280.1,0,3626,3758,286,469,469,1,1,1,1,0,NVM,818,1000,818,588,1000,588,554,1000,0,0,0,0,0,0,1
16290.1,0,3626,3758,286,469,469,1,1,1,1,0,NVM,818,1000,818,588,1000,588,554,1000,0,0,0,0,0,0,1
16300.1,0,3626,3758,286,469,469,1,1,1,1,0,NVM,818,1000,818,588,1000,588,554,1000,0,0,0,0,0,0,1
16310.1,0,3626,3758,286,469,469,1,1,1,1,0,NVM,818,1000,818,588,1000,588,554,1000,0,0,0,0,0,0,1
16320.1,0,3626,3758,286,469,469,1,1,1,1,0,NVM,818,1000,818,588,1000,588,554,1000,0,0,0,0,0,0,1
16330.1,0,3626,3758,286,469,469,1,1,1,1,0,NVM,818,1000,818,588,1000,588,554,1000,0,0,0,0,0,0,1
16340.1,0,3626,3758,286,469,469,1,1,1,1,0,NVM,818,1000,818,588,1000,588,554,1000,0,0,0,0,0,0,1
16350.1,0,3626,3758,286,469,469,1,1,1,1,0,NVM,818,1000,818,588,1000,588,554,1000,0,0,0,0,0,0,1
16360.1,0,3628,3747,282,469,469,1,1,1,1,0,NVM,819,1000,819,590,1000,590,556,1000,0,0,0,0,0,0,1
16370.1,0,3628,3747,282,469,469,1,1,1,1,0,NVM,819,1000,819,590,1000,590,556,1000,0,0,0,0,0,0,1
16380.1,0,3628,3747,282,469,469,1,1,1,1,0,NVM,819,1000,819,590,1000,590,556,1000,0,0,0,0,0,0,1
16390.1,0,3628,3747,282,469,469,1,1,1,1,0,NVM,819,1000,819,590,1000,590,556,1000,0,0,0,0,0,0,1
16400.1,0,3628,3747,282,469,469,1,1,1,1,0,NVM,819,1000,819,590,1000,590,556,1000,0,0,0,0,0,0,1
16410.1,0,3628,3747,282,469,469,1,1,1,1,0,NVM,819,1000,819,590,1000,590,556,1000,0,0,0,0,0,0,1
16420.1,0,3628,3747,282,469,469,1,1,1,1,0,NVM,819,1000,819,590,1000,590,556,1000,0,0,0,0,0,0,1
16430.1,0,3628,3747,282,469,469,1,1,1,1,0,NVM,819,1000,819,590,1000,590,556,1000,0,0,0,0,0,0,1
16440.1,0,3628,3747,282,469,469,1,1,1,1,0,NVM,819,1000,819,590,1000,590,556,1000,0,0,0,0,0,0,1
16450.1,0,3628,3747,282,469,469,1,1,1,1,0,NVM,819,1000,819,590,1000,590,556,1000,0,0,0,0,0,0,1
16460.1,0,3628,3747,282,469,469,1,1,1,1,0,NVM,819,1000,819,590,1000,590,556,1000,0,0,0,0,0,0,1
16470.1,0,3628,3747,282,469,469,1,1,1,1,0,NVM,819,1000,819,590,1000,590,556,1000,0,0,0,0,0,0,1
16480.1,0,3628,3747,282,469,469,1,1,1,1,0,NVM,819,1000,819,590,1000,590,556,1000,0,0,0,0,0,0,1
16490.1,0,3628,3747,282,469,469,1,1,1,1,0,NVM,819,1000,819,590,1000,590,556,1000,0,0,0,0,0,0,1
16500.1,0,3628,3747,282,469,469,1,1,1,1,0,NVM,819,1000,819,590,1000,590,556,1000,0,0,0,0,0,0,1
16510.1,0,3628,3747,282,469,469,1,1,1,1,0,NVM,819,1000,819,590,1000,590,556,1000,0,0,0,0,0,0,1
16520.1,0,3628,3747,282,469,469,1,1,1,1,0,NVM,819,1000,819,590,1000,590,556,1000,0,0,0,0,0,0,1
16530.1,0,3628,3747,282,469,469,1,1,1,1,0,NVM,819,1000,819,590,1000,590,556,1000,0,0,0,0,0,0,1
16540.1,0,3628,3747,282,469,469,1,1,1,1,0,NVM,819,1000,819,590,1000,590,556,1000,0,0,0,0,0,0,1
16550.1,0,3628,3747,282,469,469,1,1,1,1,0,NVM,819,1000,819,590,1000,590,556,1000,0,0,0,0,0,0,1
16560.1,0,3627,3762,282,469,469,1,1,1,1,0,NVM,819,1000,819,590,1000,590,556,1000,0,0,0,0,0,0,1
16570.1,0,3627,3762,282,469,469,1,1,1,1,0,NVM,819,1000,819,590,1000,590,556,1000,0,0,0,0,0,0,1
16580.1,0,3627,3762,282,469,469,1,1,1,1,0,NVM,819,1000,819,590,1000,590,556,1000,0,0,0,0,0,0,1
16590.1,0,3627,3762,282,469,469,1,1,1,1,0,NVM,819,1000,819,590,1000,590,556,1000,0,0,0,0,0,0,1
16600.1,0,3627,3762,282,469,469,1,1,1,1,0,NVM,819,1000,819,590,1000,590,556,1000,0,0,0,0,0,0,1
16610.1,0,3627,3762,282,469,469,1,1,1,1,0,NVM,819,1000,819,590,1000,590,556,1000,0,0,0,0,0,0,1
16620.1,0,3627,3762,282,469,469,1,1,1,1,0,NVM,819,1000,819,590,1000,590,556,1000,0,0,0,0,0,0,1
16630.1,0,3627,3762,282,469,469,1,1,1,1,0,NVM,819,1000,819,590,1000,590,556,1000,0,0,0,0,0,0,1
16640.1,0,3627,3762,282,469,469,1,1,1,1,0,NVM,819,1000,819,590,1000,590,556,1000,0,0,0,0,0,0,1
16650.1,0,3627,3762,282,469,469,1,1,1,1,0,NVM,819,1000,819,590,1000,590,556,1000,0,0,0,0,0,0,1
16660.1,0,3627,3762,277,469,469,1,1,1,1,0,NVM,820,1000,820,591,1000,591,557,1000,0,0,0,0,0,0,1
16670.1,0,3627,3762,277,469,469,1,1,1,1,0,NVM,820,1000,820,591,1000,591,557,1000,0,0,0,0,0,0,1
16680.1,0,3627,3762,277,469,469,1,1,1,1,0,NVM,820,1000,820,591,1000,591,557,1000,0,0,0,0,0,0,1
16690.1,0,3627,3762,277,469,469,1,1,1,1,0,NVM,820,1000,820,591,1000,591,557,1000,0,0,0,0,0,0,1
16700.1,0,3627,3762,277,469,469,1,1,1,1,0,NVM,820,1000,820,591,1000,591,557,1000,0,0,0,0,0,0,1
16710.1,0,3627,3762,277,469,469,1,1,1,1,0,NVM,820,1000,820,591,1000,591,557,1000,0,0,0,0,0,0,1
16720.1,0,3627,3762,277,469,469,1,1,1,1,0,NVM,820,1000,820,591,1000,591,557,1000,0,0,0,0,0,0,1
16730.1,0,3627,3762,277,469,469,1,1,1,1,0,NVM,820,1000,820,591,1000,591,557,1000,0,0,0,0,0,0,1
16740.1,0,3627,3762,277,469,469,1,1,1,1,0,NVM,820,1000,820,591,1000,591,557,1000,0,0,0,0,0,0,1
16750.1,0,3627,3762,277,469,469,1,1,1,1,0,NVM,820,1000,820,591,1000,591,557,1000,0,0,0,0,0,0,1
16760.1,0,3630,3773,284,469,469,1,1,1,1,0,NVM,818,1000,818,589,1000,589,555,1000,0,0,0,0,0,0,1
16770.1,0,3630,3773,284,469,469,1,1,1,1,0,NVM,818,1000,818,589,1000,589,555,1000,0,0,0,0,0,0,1
16780.1,0,3630,3773,284,469,469,1,1,1,1,0,NVM,818,1000,818,589,1000,589,555,1000,0,0,0,0,0,0,1
16790.1,0,3630,3773,284,469,469,1,1,1,1,0,NVM,818,1000,818,589,1000,589,555,1000,0,0,0,0,0,0,1
16800.1,0,3630,3773,284,469,469,1,1,1,1,0,NVM,818,1000,818,589,1000,589,555,1000,0,0,0,0,0,0,1
16810.1,0,3630,3773,284,469,469,1,1,1,1,0,NVM,818,1000,818,589,1000,589,555,1000,0,0,0,0,0,0,1
16820.1,0,3630,3773,284,469,469,1,1,1,1,0,NVM,818,1000,818,589,1000,589,555,1000,0,0,0,0,0,0,1
16830.1,0,3630,3773,284,469,469,1,1,1,1,0,NVM,818,1000,818,589,1000,589,555,1000,0,0,0,0,0,0,1
16840.1,0,3630,3773,284,469,469,1,1,1,1,0,NVM,818,1000,818,589,1000,589,555,1000,0,0,0,0,0,0,1
16850.1,0,3630,3773,284,469,469,1,1,1,1,0,NVM,818,1000,818,589,1000,589,555,1000,0,0,0,0,0,0,1
16860.1,0,3630,3773,282,469,469,1,1,1,1,0,NVM,819,1000,819,590,1000,590,556,1000,0,0,0,0,0,0,1
16870.1,0,3630,3773,282,469,469,1,1,1,1,0,NVM,819,1000,819,590,1000,590,556,1000,0,0,0,0,0,0,1
16880.1,0,3630,3773,282,469,469,1,1,1,1,0,NVM,819,1000,819,590,1000,590,556,1000,0,0,0,0,0,0,1
16890.1,0,3630,3773,282,469,469,1,1,1,1,0,NVM,819,1000,819,590,1000,590,556,1000,0,0,0,0,0,0,1
16900.1,0,3630,3773,282,469,469,1,1,1,1,0,NVM,819,1000,819,590,1000,590,556,1000,0,0,0,0,0,0,1
16910.1,0,3630,3773,282,469,469,1,1,1,1,0,NVM,819,1000,819,590,1000,590,556,1000,0,0,0,0,0,0,1
16920.1,0,3630,3773,282,469,469,1,1,1,1,0,NVM,819,1000,819,590,1000,590,556,1000,0,0,0,0,0,0,1
16930.1,0,3630,3773,282,469,469,1,1,1,1,0,NVM,819,1000,819,590,1000,590,556,1000,0,0,0,0,0,0,1
16940.1,0,3630,3773,282,469,469,1,1,1,1,0,NVM,819,1000,819,590,1000,590,556,1000,0,0,0,0,0,0,1
16950.1,0,3630,3773,282,469,469,1,1,1,1,0,NVM,819,1000,819,590,1000,590,556,1000,0,0,0,0,0,0,1
16960.1,0,3636,3752,282,469,469,1,1,1,1,0,NVM,819,1000,819,590,1000,590,556,1000,0,0,0,0,0,0,1
16970.1,0,3636,3752,282,469,469,1,1,1,1,0,NVM,819,1000,819,590,1000,590,556,1000,0,0,0,0,0,0,1
16980.1,0,3636,3752,282,469,469,1,1,1,1,0,NVM,819,1000,819,590,1000,590,556,1000,0,0,0,0,0,0,1
16990.1,0,3636,3752,282,469,469,1,1,1,1,0,NVM,819,1000,819,590,1000,590,556,1000,0,0,0,0,0,0,1
17000.1,0,3636,3752,282,469,469,1,1,1,1,0,NVM,819,1000,819,590,1000,590,556,1000,0,0,0,0,0,0,1
17010.1,0,3636,3752,282,469,469,1,1,1,1,0,NVM,819,1000,819,590,1000,590,556,1000,0,0,0,0,0,0,1
17020.1,0,3636,3752,282,469,469,1,1,1,1,0,NVM,819,1000,819,590,1000,590,556,1000,0,0,0,0,0,0,1
17030.1,0,3636,3752,282,469,469,1,1,1,1,0,NVM,819,1000,819,590,1000,590,556,1000,0,0,0,0,0,0,1
17040.1,0,3636,3752,282,469,469,1,1,1,1,0,NVM,819,1000,819,590,1000,590,556,1000,0,0,0,0,0,0,1
17050.1,0,3636,3752,282,469,469,1,1,1,1,0,NVM,819,1000,819,590,1000,590,556,1000,0,0,0,0,0,0,1
17060.1,0,3636,3752,282,469,469,1,1,1,1,0,NVM,819,1000,819,590,1000,590,556,1000,0,0,0,0,0,0,1
17070.1,0,3636,3752,282,469,469,1,1,1,1,0,NVM,819,1000,819,590,1000,590,556,1000,0,0,0,0,0,0,1
17080.1,0,3636,3752,282,469,469,1,1,1,1,0,NVM,819,1000,819,590,1000,590,556,1000,0,0,0,0,0,0,1
17090.1,0,3636,3752,282,469,469,1,1,1,1,0,NVM,819,1000,819,590,1000,590,556,1000,0,0,0,0,0,0,1
17100.1,0,3636,3752,282,469,469,1,1,1,1,0,NVM,819,1000,819,590,1000,590,556,1000,0,0,0,0,0,0,1
17110.1,0,3636,3752,282,469,469,1,1,1,1,0,NVM,819,1000,819,590,1000,590,556,1000,0,0,0,0,0,0,1
17120.1,0,3636,3752,282,469,469,1,1,1,1,0,NVM,819,1000,819,590,1000,590,556,1000,0,0,0,0,0,0,1
17130.1,0,3636,3752,282,469,469,1,1,1,1,0,NVM,819,1000,819,590,1000,590,556,1000,0,0,0,0,0,0,1
17140.1,0,3636,3752,282,469,469,1,1,1,1,0,NVM,819,1000,819,590,1000,590,556,1000,0,0,0,0,0,0,1
17150.1,0,3636,3752,282,469,469,1,1,1,1,0,NVM,819,1000,819,590,1000,590,556,1000,0,0,0,0,0,0,1
17160.1,0,3628,3770,284,469,469,1,1,1,1,0,NVM,818,1000,818,589,1000,589,555,1000,0,0,0,0,0,0,1
17170.1,0,3628,3770,284,469,469,1,1,1,1,0,NVM,818,1000,818,589,1000,589,555,1000,0,0,0,0,0,0,1
17180.1,0,3628,3770,284,469,469,1,1,1,1,0,NVM,818,1000,818,589,1000,589,555,1000,0,0,0,0,0,0,1
17190.1,0,3628,3770,284,469,469,1,1,1,1,0,NVM,818,1000,818,589,1000,589,555,1000,0,0,0,0,0,0,1
17200.1,0,3628,3770,284,469,469,1,1,1,1,0,NVM,818,1000,818,589,1000,589,555,1000,0,0,0,0,0,0,1
17210.1,0,3628,3770,284,469,469,1,1,1,1,0,NVM,818,1000,818,589,1000,589,555,1000,0,0,0,0,0,0,1
17220.1,0,3628,3770,284,469,469,1,1,1,1,0,NVM,818,1000,818,589,1000,589,555,1000,0,0,0,0,0,0,1
17230.1,0,3628,3770,284,469,469,1,1,1,1,0,NVM,818,1000,818,589,1000,589,555,1000,0,0,0,0,0,0,1
17240.1,0,3628,3770,284,469,469,1,1,1,1,0,NVM,818,1000,818,589,1000,589,555,1000,0,0,0,0,0,0,1
17250.1,0,3628,3770,284,469,469,1,1,1,1,0,NVM,818,1000,818,589,1000,589,555,1000,0,0,0,0,0,0,1
17260.1,0,3628,3770,282,469,469,1,1,1,1,0,NVM,819,1000,819,590,1000,590,556,1000,0,0,0,0,0,0,1
17270.1,0,3628,3770,282,469,469,1,1,1,1,0,NVM,819,1000,819,590,1000,590,556,1000,0,0,0,0,0,0,1
17280.1,0,3628,3770,282,469,469,1,1,1,1,0,NVM,819,1000,819,590,1000,590,556,1000,0,0,0,0,0,0,1
17290.1,0,3628,3770,282,469,469,1,1,1,1,0,NVM,819,1000,819,590,1000,590,556,1000,0,0,0,0,0,0,1
17300.1,0,3628,3770,282,469,469,1,1,1,1,0,NVM,819,1000,819,590,1000,590,556,1000,0,0,0,0,0,0,1
17310.1,0,3628,3770,282,469,469,1,1,1,1,0,NVM,819,1000,819,590,1000,590,556,1000,0,0,0,0,0,0,1
17320.1,0,3628,3770,282,469,469,1,1,1,1,0,NVM,819,1000,819,590,1000,590,556,1000,0,0,0,0,0,0,1
17330.1,0,3628,3770,282,469,469,1,1,1,1,0,NVM,819,1000,819,590,1000,590,556,1000,0,0,0,0,0,0,1
17340.1,0,3628,3770,282,469,469,1,1,1,1,0,NVM,819,1000,819,590,1000,590,556,1000,0,0,0,0,0,0,1
17350.1,0,3628,3770,282,469,469,1,1,1,1,0,NVM,819,1000,819,590,1000,590,556,1000,0,0,0,0,0,0,1
17360.1,0,3653,3774,281,469,469,1,1,1,1,0,NVM,819,1000,819,590,1000,590,556,1000,0,0,0,0,0,0,1
17370.1,0,3653,3774,281,469,469,1,1,1,1,0,NVM,819,1000,819,590,1000,590,556,1000,0,0,0,0,0,0,1
17380.1,0,3653,3774,281,469,469,1,1,1,1,0,NVM,819,1000,819,590,1000,590,556,1000,0,0,0,0,0,0,1
17390.1,0,3653,3774,281,469,469,1,1,1,1,0,NVM,819,1000,819,590,1000,590,556,1000,0,0,0,0,0,0,1
17400.1,0,3653,3774,281,469,469,1,1,1,1,0,NVM,819,1000,819,590,1000,590,556,1000,0,0,0,0,0,0,1
17410.1,0,3653,3774,281,469,469,1,1,1,1,0,NVM,819,1000,819,590,1000,590,556,1000,0,0,0,0,0,0,1
17420.1,0,3653,3774,281,469,469,1,1,1,1,0,NVM,819,1000,819,590,1000,590,556,1000,0,0,0,0,0,0,1
17430.1,0,3653,3774,281,469,469,1,1,1,1,0,NVM,819,1000,819,590,1000,590,556,1000,0,0,0,0,0,0,1
17440.1,0,3653,3774,281,469,469,1,1,1,1,0,NVM,819,1000,819,590,1000,590,556,1000,0,0,0,0,0,0,1
17450.1,0,3653,3774,281,469,469,1,1,1,1,0,NVM,819,1000,819,590,1000,590,556,1000,0,0,0,0,0,0,1
17460.1,0,3653,3774,282,469,469,1,1,1,1,0,NVM,819,1000,819,590,1000,590,556,1000,0,0,0,0,0,0,1
17470.1,0,3653,3774,282,469,469,1,1,1,1,0,NVM,819,1000,819,590,1000,590,556,1000,0,0,0,0,0,0,1
17480.1,0,3653,3774,282,469,469,1,1,1,1,0,NVM,819,1000,819,590,1000,590,556,1000,0,0,0,0,0,0,1
17490.1,0,3653,3774,282,469,469,1,1,1,1,0,NVM,819,1000,819,590,1000,590,556,1000,0,0,0,0,0,0,1
17500.1,0,3653,3774,282,469,469,1,1,1,1,0,NVM,819,1000,819,590,1000,590,556,1000,0,0,0,0,0,0,1
17510.1,0,3653,3774,282,469,469,1,1,1,1,0,NVM,819,1000,819,590,1000,590,556,1000,0,0,0,0,0,0,1
17520.1,0,3653,3774,282,469,469,1,1,1,1,0,NVM,819,1000,819,590,1000,590,556,1000,0,0,0,0,0,0,1
17530.1,0,3653,3774,282,469,469,1,1,1,1,0,NVM,819,1000,819,590,1000,590,556,1000,0,0,0,0,0,0,1
17540.1,0,3653,3774,282,469,469,1,1,1,1,0,NVM,819,1000,819,590,1000,590,556,1000,0,0,0,0,0,0,1
17550.1,0,3653,3774,282,469,469,1,1,1,1,0,NVM,819,1000,819,590,1000,590,556,1000,0,0,0,0,0,0,1
17560.1,0,3638,3768,287,469,469,1,1,1,1,0,NVM,818,1000,818,588,1000,588,554,1000,0,0,0,0,0,0,1
17570.1,0,3638,3768,287,469,469,1,1,1,1,0,NVM,818,1000,818,588,1000,588,554,1000,0,0,0,0,0,0,1
17580.1,0,3638,3768,287,469,469,1,1,1,1,0,NVM,818,1000,818,588,1000,588,554,1000,0,0,0,0,0,0,1
17590.1,0,3638,3768,287,469,469,1,1,1,1,0,NVM,818,1000,818,588,1000,588,554,1000,0,0,0,0,0,0,1
17600.1,0,3638,3768,287,469,469,1,1,1,1,0,NVM,818,1000,818,588,1000,588,554,1000,0,0,0,0,0,0,1
17610.1,0,3638,3768,287,469,469,1,1,1,1,0,NVM,818,1000,818,588,1000,588,554,1000,0,0,0,0,0,0,1
17620.1,0,3638,3768,287,469,469,1,1,1,1,0,NVM,818,1000,818,588,1000,588,554,1000,0,0,0,0,0,0,1
17630.1,0,3638,3768,287,469,469,1,1,1,1,0,NVM,818,1000,818,588,1000,588,554,1000,0,0,0,0,0,0,1
17640.1,0,3638,3768,287,469,469,1,1,1,1,0,NVM,818,1000,818,588,1000,588,554,1000,0,0,0,0,0,0,1
17650.1,0,3638,3768,287,469,469,1,1,1,1,0,NVM,818,1000,818,588,1000,588,554,1000,0,0,0,0,0,0,1
17660.1,0,3638,3768,281,469,469,1,1,1,1,0,NVM,819,1000,819,590,1000,590,556,1000,0,0,0,0,0,0,1
17670.1,0,3638,3768,281,469,469,1,1,1,1,0,NVM,819,1000,819,590,1000,590,556,1000,0,0,0,0,0,0,1
17680.1,0,3638,3768,281,469,469,1,1,1,1,0,NVM,819,1000,819,590,1000,590,556,1000,0,0,0,0,0,0,1
17690.1,0,3638,3768,281,469,469,1,1,1,1,0,NVM,819,1000,819,590,1000,590,556,1000,0,0,0,0,0,0,1
17700.1,0,3638,3768,281,469,469,1,1,1,1,0,NVM,819,1000,819,590,1000,590,556,1000,0,0,0,0,0,0,1
17710.1,0,3638,3768,281,469,469,1,1,1,1,0,NVM,819,1000,819,590,1000,590,556,1000,0,0,0,0,0,0,1
17720.1,0,3638,3768,281,469,469,1,1,1,1,0,NVM,819,1000,819,590,1000,590,556,1000,0,0,0,0,0,0,1
17730.1,0,3638,3768,281,469,469,1,1,1,1,0,NVM,819,1000,819,590,1000,590,556,1000,0,0,0,0,0,0,1
17740.1,0,3638,3768,281,469,469,1,1,1,1,0,NVM,819,1000,819,590,1000,590,556,1000,0,0,0,0,0,0,1
17750.1,0,3638,3768,281,469,469,1,1,1,1,0,NVM,819,1000,819,590,1000,590,556,1000,0,0,0,0,0,0,1
17760.1,0,3638,3772,281,469,469,1,1,1,1,0,NVM,819,1000,819,590,1000,590,556,1000,0,0,0,0,0,0,1
17770.1,0,3638,3772,281,469,469,1,1,1,1,0,NVM,819,1000,819,590,1000,590,556,1000,0,0,0,0,0,0,1
17780.1,0,3638,3772,281,469,469,1,1,1,1,0,NVM,819,1000,819,590,1000,590,556,1000,0,0,0,0,0,0,1
17790.1,0,3638,3772,281,469,469,1,1,1,1,0,NVM,819,1000,819,590,1000,590,556,1000,0,0,0,0,0,0,1
17800.1,0,3638,3772,281,469,469,1,1,1,1,0,NVM,819,1000,819,590,1000,590,556,1000,0,0,0,0,0,0,1
17810.1,0,3638,3772,281,469,469,1,1,1,1,0,NVM,819,1000,819,590,1000,590,556,1000,0,0,0,0,0,0,1
17820.1,0,3638,3772,281,469,469,1,1,1,1,0,NVM,819,1000,819,590,1000,590,556,1000,0,0,0,0,0,0,1
17830.1,0,3638,3772,281,469,469,1,1,1,1,0,NVM,819,1000,819,590,1000,590,556,1000,0,0,0,0,0,0,1
17840.1,0,3638,3772,281,469,469,1,1,1,1,0,NVM,819,1000,819,590,1000,590,556,1000,0,0,0,0,0,0,1
17850.1,0,3638,3772,281,469,469,1,1,1,1,0,NVM,819,1000,819,590,1000,590,556,1000,0,0,0,0,0,0,1
17860.1,0,3638,3772,282,469,469,1,1,1,1,0,NVM,819,1000,819,590,1000,590,556,1000,0,0,0,0,0,0,1
17870.1,0,3638,3772,282,469,469,1,1,1,1,0,NVM,819,1000,819,590,1000,590,556,1000,0,0,0,0,0,0,1
17880.1,0,3638,3772,282,469,469,1,1,1,1,0,NVM,819,1000,819,590,1000,590,556,1000,0,0,0,0,0,0,1
17890.1,0,3638,3772,282,469,469,1,1,1,1,0,NVM,819,1000,819,590,1000,590,556,1000,0,0,0,0,0,0,1
17900.1,0,3638,3772,282,469,469,1,1,1,1,0,NVM,819,1000,819,590,1000,590,556,1000,0,0,0,0,0,0,1
17910.1,0,3638,3772,282,469,469,1,1,1,1,0,NVM,819,1000,819,590,1000,590,556,1000,0,0,0,0,0,0,1
17920.1,0,3638,3772,282,469,469,1,1,1,1,0,NVM,819,1000,819,590,1000,590,556,1000,0,0,0,0,0,0,1
17930.1,0,3638,3772,282,469,469,1,1,1,1,0,NVM,819,1000,819,590,1000,590,556,1000,0,0,0,0,0,0,1
17940.1,0,3638,3772,282,469,469,1,1,1,1,0,NVM,819,1000,819,590,1000,590,556,1000,0,0,0,0,0,0,1
17950.1,0,3638,3772,282,469,469,1,1,1,1,0,NVM,819,1000,819,590,1000,590,556,1000,0,0,0,0,0,0,1
17960.1,0,3633,3756,282,469,469,1,1,1,1,0,NVM,819,1000,819,590,1000,590,556,1000,0,0,0,0,0,0,1
17970.1,0,3633,3756,282,469,469,1,1,1,1,0,NVM,819,1000,819,590,1000,590,556,1000,0,0,0,0,0,0,1
17980.1,0,3633,3756,282,469,469,1,1,1,1,0,NVM,819,1000,819,590,1000,590,556,1000,0,0,0,0,0,0,1
17990.1,0,3633,3756,282,469,469,1,1,1,1,0,NVM,819,1000,819,590,1000,590,556,1000,0,0,0,0,0,0,1
18000.1,0,3633,3756,282,469,469,1,1,1,1,0,NVM,819,1000,819,590,1000,590,556,1000,0,0,0,0,0,0,1
18010.1,0,3633,3756,282,469,469,1,1,1,1,0,NVM,819,1000,819,590,1000,590,556,1000,0,0,0,0,0,0,1
18020.1,0,3633,3756,282,469,469,1,1,1,1,0,NVM,819,1000,819,590,1000,590,556,1000,0,0,0,0,0,0,1
18030.1,0,3633,3756,282,469,469,1,1,1,1,0,NVM,819,1000,819,590,1000,590,556,1000,0,0,0,0,0,0,1
18040.1,0,3633,3756,282,469,469,1,1,1,1,0,NVM,819,1000,819,590,1000,590,556,1000,0,0,0,0,0,0,1
18050.1,0,3633,3756,282,469,469,1,1,1,1,0,NVM,819,1000,819,590,1000,590,556,1000,0,0,0,0,0,0,1
18060.1,0,3633,3756,286,469,469,1,1,1,1,0,NVM,818,1000,818,588,1000,588,554,1000,0,0,0,0,0,0,1
18070.1,0,3633,3756,286,469,469,1,1,1,1,0,NVM,818,1000,818,588,1000,588,554,1000,0,0,0,0,0,0,1
18080.1,0,3633,3756,286,469,469,1,1,1,1,0,NVM,818,1000,818,588,1000,588,554,1000,0,0,0,0,0,0,1
18090.1,0,3633,3756,286,469,469,1,1,1,1,0,NVM,818,1000,818,588,1000,588,554,1000,0,0,0,0,0,0,1
18100.1,0,3633,3756,286,469,469,1,1,1,1,0,NVM,818,1000,818,588,1000,588,554,1000,0,0,0,0,0,0,1
18110.1,0,3633,3756,286,469,469,1,1,1,1,0,NVM,818,1000,818,588,1000,588,554,1000,0,0,0,0,0,0,1
18120.1,0,3633,3756,286,469,469,1,1,1,1,0,NVM,818,1000,818,588,1000,588,554,1000,0,0,0,0,0,0,1
18130.1,0,3633,3756,286,469,469,1,1,1,1,0,NVM,818,1000,818,588,1000,588,554,1000,0,0,0,0,0,0,1
18140.1,0,3633,3756,286,469,469,1,1,1,1,0,NVM,818,1000,818,588,1000,588,554,1000,0,0,0,0,0,0,1
18150.1,0,3633,3756,286,469,469,1,1,1,1,0,NVM,818,1000,818,588,1000,588,554,1000,0,0,0,0,0,0,1
18160.1,0,3630,3726,287,469,469,1,1,1,1,0,NVM,818,1000,818,588,1000,588,554,1000,0,0,0,0,0,0,1
18170.1,0,3630,3726,287,469,469,1,1,1,1,0,NVM,818,1000,818,588,1000,588,554,1000,0,0,0,0,0,0,1
18180.1,0,3630,3726,287,469,469,1,1,1,1,0,NVM,818,1000,818,588,1000,588,554,1000,0,0,0,0,0,0,1
18190.1,0,3630,3726,287,469,469,1,1,1,1,0,NVM,818,1000,818,588,1000,588,554,1000,0,0,0,0,0,0,1
18200.1,0,3630,3726,287,469,469,1,1,1,1,0,NVM,818,1000,818,588,1000,588,554,1000,0,0,0,0,0,0,1
18210.1,0,3630,3726,287,469,469,1,1,1,1,0,NVM,818,1000,818,588,1000,588,554,1000,0,0,0,0,0,0,1
18220.1,0,3630,3726,287,469,469,1,1,1,1,0,NVM,818,1000,818,588,1000,588,554,1000,0,0,0,0,0,0,1
18230.1,0,3630,3726,287,469,469,1,1,1,1,0,NVM,818,1000,818,588,1000,588,554,1000,0,0,0,0,0,0,1
18240.1,0,3630,3726,287,469,469,1,1,1,1,0,NVM,818,1000,818,588,1000,588,554,1000,0,0,0,0,0,0,1
18250.1,0,3630,3726,287,469,469,1,1,1,1,0,NVM,818,1000,818,588,1000,588,554,1000,0,0,0,0,0,0,1
18260.1,0,3630,3726,282,469,469,1,1,1,1,0,NVM,819,1000,819,590,1000,590,556,1000,0,0,0,0,0,0,1
18270.1,0,3630,3726,282,469,469,1,1,1,1,0,NVM,819,1000,819,590,1000,590,556,1000,0,0,0,0,0,0,1
18280.1,0,3630,3726,282,469,469,1,1,1,1,0,NVM,819,1000,819,590,1000,590,556,1000,0,0,0,0,0,0,1
18290.1,0,3630,3726,282,469,469,1,1,1,1,0,NVM,819,1000,819,590,1000,590,556,1000,0,0,0,0,0,0,1
18300.1,0,3630,3726,282,469,469,1,1,1,1,0,NVM,819,1000,819,590,1000,590,556,1000,0,0,0,0,0,0,1
18310.1,0,3630,3726,282,469,469,1,1,1,1,0,NVM,819,1000,819,590,1000,590,556,1000,0,0,0,0,0,0,1
18320.1,0,3630,3726,282,469,469,1,1,1,1,0,NVM,819,1000,819,590,1000,590,556,1000,0,0,0,0,0,0,1
18330.1,0,3630,3726,282,469,469,1,1,1,1,0,NVM,819,1000,819,590,1000,590,556,1000,0,0,0,0,0,0,1
18340.1,0,3630,3726,282,469,469,1,1,1,1,0,NVM,819,1000,819,590,1000,590,556,1000,0,0,0,0,0,0,1
18350.1,0,3630,3726,282,469,469,1,1,1,1,0,NVM,819,1000,819,590,1000,590,556,1000,0,0,0,0,0,0,1
18360.1,0,3630,3762,281,469,469,1,1,1,1,0,NVM,819,1000,819,590,1000,590,556,1000,0,0,0,0,0,0,1
18370.1,0,3630,3762,281,469,469,1,1,1,1,0,NVM,819,1000,819,590,1000,590,556,1000,0,0,0,0,0,0,1
18380.1,0,3630,3762,281,469,469,1,1,1,1,0,NVM,819,1000,819,590,1000,590,556,1000,0,0,0,0,0,0,1
18390.1,0,3630,3762,281,469,469,1,1,1,1,0,NVM,819,1000,819,590,1000,590,556,1000,0,0,0,0,0,0,1
18400.1,0,3630,3762,281,469,469,1,1,1,1,0,NVM,819,1000,819,590,1000,590,556,1000,0,0,0,0,0,0,1
18410.1,0,3630,3762,281,469,469,1,1,1,1,0,NVM,819,1000,819,590,1000,590,556,1000,0,0,0,0,0,0,1
18420.1,0,3630,3762,281,469,469,1,1,1,1,0,NVM,819,1000,819,590,1000,590,556,1000,0,0,0,0,0,0,1
18430.1,0,3630,3762,281,469,469,1,1,1,1,0,NVM,819,1000,819,590,1000,590,556,1000,0,0,0,0,0,0,1
18440.1,0,3630,3762,281,469,469,1,1,1,1,0,NVM,819,1000,819,590,1000,590,556,1000,0,0,0,0,0,0,1
18450.1,0,3630,3762,281,469,469,1,1,1,1,0,NVM,819,1000,819,590,1000,590,556,1000,0,0,0,0,0,0,1
18460.1,0,3630,3762,285,469,469,1,1,1,1,0,NVM,818,1000,818,589,1000,589,555,1000,0,0,0,0,0,0,1
18470.1,0,3630,3762,285,469,469,1,1,1,1,0,NVM,818,1000,818,589,1000,589,555,1000,0,0,0,0,0,0,1
18480.1,0,3630,3762,285,469,469,1,1,1,1,0,NVM,818,1000,818,589,1000,589,555,1000,0,0,0,0,0,0,1
18490.1,0,3630,3762,285,469,469,1,1,1,1,0,NVM,818,1000,818,589,1000,589,555,1000,0,0,0,0,0,0,1
18500.1,0,3630,3762,285,469,469,1,1,1,1,0,NVM,818,1000,818,589,1000,589,555,1000,0,0,0,0,0,0,1
18510.1,0,3630,3762,285,469,469,1,1,1,1,0,NVM,818,1000,818,589,1000,589,555,1000,0,0,0,0,0,0,1
18520.1,0,3630,3762,285,469,469,1,1,1,1,0,NVM,818,1000,818,589,1000,589,555,1000,0,0,0,0,0,0,1
18530.1,0,3630,3762,285,469,469,1,1,1,1,0,NVM,818,1000,818,589,1000,589,555,1000,0,0,0,0,0,0,1
18540.1,0,3630,3762,285,469,469,1,1,1,1,0,NVM,818,1000,818,589,1000,589,555,1000,0,0,0,0,0,0,1
18550.1,0,3630,3762,285,469,469,1,1,1,1,0,NVM,818,1000,818,589,1000,589,555,1000,0,0,0,0,0,0,1
18560.1,0,3630,3765,278,469,469,1,1,1,1,0,NVM,820,1000,820,591,1000,591,557,1000,0,0,0,0,0,0,1
18570.1,0,3630,3765,278,469,469,1,1,1,1,0,NVM,820,1000,820,591,1000,591,557,1000,0,0,0,0,0,0,1
18580.1,0,3630,3765,278,469,469,1,1,1,1,0,NVM,820,1000,820,591,1000,591,557,1000,0,0,0,0,0,0,1
18590.1,0,3630,3765,278,469,469,1,1,1,1,0,NVM,820,1000,820,591,1000,591,557,1000,0,0,0,0,0,0,1
18600.1,0,3630,3765,278,469,469,1,1,1,1,0,NVM,820,1000,820,591,1000,591,557,1000,0,0,0,0,0,0,1
18610.1,0,3630,3765,278,469,469,1,1,1,1,0,NVM,820,1000,820,591,1000,591,557,1000,0,0,0,0,0,0,1
18620.1,0,3630,3765,278,469,469,1,1,1,1,0,NVM,820,1000,820,591,1000,591,557,1000,0,0,0,0,0,0,1
18630.1,0,3630,3765,278,469,469,1,1,1,1,0,NVM,820,1000,820,591,1000,591,557,1000,0,0,0,0,0,0,1
18640.1,0,3630,3765,278,469,469,1,1,1,1,0,NVM,820,1000,820,591,1000,591,557,1000,0,0,0,0,0,0,1
18650.1,0,3630,3765,278,469,469,1,1,1,1,0,NVM,820,1000,820,591,1000,591,557,1000,0,0,0,0,0,0,1
18660.1,0,3630,3765,278,469,469,1,1,1,1,0,NVM,820,1000,820,591,1000,591,557,1000,0,0,0,0,0,0,1
18670.1,0,3630,3765,278,469,469,1,1,1,1,0,NVM,820,1000,820,591,1000,591,557,1000,0,0,0,0,0,0,1
18680.1,0,3630,3765,278,469,469,1,1,1,1,0,NVM,820,1000,820,591,1000,591,557,1000,0,0,0,0,0,0,1
18690.1,0,3630,3765,278,469,469,1,1,1,1,0,NVM,820,1000,820,591,1000,591,557,1000,0,0,0,0,0,0,1
18700.1,0,3630,3765,278,469,469,1,1,1,1,0,NVM,820,1000,820,591,1000,591,557,1000,0,0,0,0,0,0,1
18710.1,0,3630,3765,278,469,469,1,1,1,1,0,NVM,820,1000,820,591,1000,591,557,1000,0,0,0,0,0,0,1
18720.1,0,3630,3765,278,469,469,1,1,1,1,0,NVM,820,1000,820,591,1000,591,557,1000,0,0,0,0,0,0,1
18730.1,0,3630,3765,278,469,469,1,1,1,1,0,NVM,820,1000,820,591,1000,591,557,1000,0,0,0,0,0,0,1
18740.1,0,3630,3765,278,469,469,1,1,1,1,0,NVM,820,1000,820,591,1000,591,557,1000,0,0,0,0,0,0,1
18750.1,0,3630,3765,278,469,469,1,1,1,1,0,NVM,820,1000,820,591,1000,591,557,1000,0,0,0,0,0,0,1
18760.1,0,3661,3773,283,469,469,1,1,1,1,0,NVM,819,1000,819,589,1000,589,555,1000,0,0,0,0,0,0,1
18770.1,0,3661,3773,283,469,469,1,1,1,1,0,NVM,819,1000,819,589,1000,589,555,1000,0,0,0,0,0,0,1
18780.1,0,3661,3773,283,469,469,1,1,1,1,0,NVM,819,1000,819,589,1000,589,555,1000,0,0,0,0,0,0,1
18790.1,0,3661,3773,283,469,469,1,1,1,1,0,NVM,819,1000,819,589,1000,589,555,1000,0,0,0,0,0,0,1
18800.1,0,3661,3773,283,469,469,1,1,1,1,0,NVM,819,1000,819,589,1000,589,555,1000,0,0,0,0,0,0,1
18810.1,0,3661,3773,283,469,469,1,1,1,1,0,NVM,819,1000,819,589,1000,589,555,1000,0,0,0,0,0,0,1
18820.1,0,3661,3773,283,469,469,1,1,1,1,0,NVM,819,1000,819,589,1000,589,555,1000,0,0,0,0,0,0,1
18830.1,0,3661,3773,283,469,469,1,1,1,1,0,NVM,819,1000,819,589,1000,589,555,1000,0,0,0,0,0,0,1
18840.1,0,3661,3773,283,469,469,1,1,1,1,0,NVM,819,1000,819,589,1000,589,555,1000,0,0,0,0,0,0,1
18850.1,0,3661,3773,283,469,469,1,1,1,1,0,NVM,819,1000,819,589,1000,589,555,1000,0,0,0,0,0,0,1
18860.1,0,3661,3773,279,469,469,1,1,1,1,0,NVM,820,1000,820,591,1000,591,557,1000,0,0,0,0,0,0,1
18870.1,0,3661,3773,279,469,469,1,1,1,1,0,NVM,820,1000,820,591,1000,591,557,1000,0,0,0,0,0,0,1
18880.1,0,3661,3773,279,469,469,1,1,1,1,0,NVM,820,1000,820,591,1000,591,557,1000,0,0,0,0,0,0,1
18890.1,0,3661,3773,279,469,469,1,1,1,1,0,NVM,820,1000,820,591,1000,591,557,1000,0,0,0,0,0,0,1
18900.1,0,3661,3773,279,469,469,1,1,1,1,0,NVM,820,1000,820,591,1000,591,557,1000,0,0,0,0,0,0,1
18910.1,0,3661,3773,279,469,469,1,1,1,1,0,NVM,820,1000,820,591,1000,591,557,1000,0,0,0,0,0,0,1
18920.1,0,3661,3773,279,469,469,1,1,1,1,0,NVM,820,1000,820,591,1000,591,557,1000,0,0,0,0,0,0,1
18930.1,0,3661,3773,279,469,469,1,1,1,1,0,NVM,820,1000,820,591,1000,591,557,1000,0,0,0,0,0,0,1
18940.1,0,3661,3773,279,469,469,1,1,1,1,0,NVM,820,1000,820,591,1000,591,557,1000,0,0,0,0,0,0,1
18950.1,0,3661,3773,279,469,469,1,1,1,1,0,NVM,820,1000,820,591,1000,591,557,1000,0,0,0,0,0,0,1
18960.1,0,3635,3773,283,469,469,1,1,1,1,0,NVM,819,1000,819,589,1000,589,555,1000,0,0,0,0,0,0,1
18970.1,0,3635,3773,283,469,469,1,1,1,1,0,NVM,819,1000,819,589,1000,589,555,1000,0,0,0,0,0,0,1
18980.1,0,3635,3773,283,469,469,1,1,1,1,0,NVM,819,1000,819,589,1000,589,555,1000,0,0,0,0,0,0,1
18990.1,0,3635,3773,283,469,469,1,1,1,1,0,NVM,819,1000,819,589,1000,589,555,1000,0,0,0,0,0,0,1
19000.1,0,3635,3773,283,469,469,1,1,1,1,0,NVM,819,1000,819,589,1000,589,555,1000,0,0,0,0,0,0,1
19010.1,0,3635,3773,283,469,469,1,1,1,1,0,NVM,819,1000,819,589,1000,589,555,1000,0,0,0,0,0,0,1
19020.1,0,3635,3773,283,469,469,1,1,1,1,0,NVM,819,1000,819,589,1000,589,555,1000,0,0,0,0,0,0,1
19030.1,0,3635,3773,283,469,469,1,1,1,1,0,NVM,819,1000,819,589,1000,589,555,1000,0,0,0,0,0,0,1
19040.1,0,3635,3773,283,469,469,1,1,1,1,0,NVM,819,1000,819,589,1000,589,555,1000,0,0,0,0,0,0,1
19050.1,0,3635,3773,283,469,469,1,1,1,1,0,NVM,819,1000,819,589,1000,589,555,1000,0,0,0,0,0,0,1
19060.1,0,3635,3773,286,469,469,1,1,1,1,0,NVM,818,1000,818,588,1000,588,554,1000,0,0,0,0,0,0,1
19070.1,0,3635,3773,286,469,469,1,1,1,1,0,NVM,818,1000,818,588,1000,588,554,1000,0,0,0,0,0,0,1
19080.1,0,3635,3773,286,469,469,1,1,1,1,0,NVM,818,1000,818,588,1000,588,554,1000,0,0,0,0,0,0,1
19090.1,0,3635,3773,286,469,469,1,1,1,1,0,NVM,818,1000,818,588,1000,588,554,1000,0,0,0,0,0,0,1
19100.1,0,3635,3773,286,469,469,1,1,1,1,0,NVM,818,1000,818,588,1000,588,554,1000,0,0,0,0,0,0,1
19110.1,0,3635,3773,286,469,469,1,1,1,1,0,NVM,818,1000,818,588,1000,588,554,1000,0,0,0,0,0,0,1
19120.1,0,3635,3773,286,469,469,1,1,1,1,0,NVM,818,1000,818,588,1000,588,554,1000,0,0,0,0,0,0,1
19130.1,0,3635,3773,286,469,469,1,1,1,1,0,NVM,818,1000,818,588,1000,588,554,1000,0,0,0,0,0,0,1
19140.1,0,3635,3773,286,469,469,1,1,1,1,0,NVM,818,1000,818,588,1000,588,554,1000,0,0,0,0,0,0,1
19150.1,0,3635,3773,286,469,469,1,1,1,1,0,NVM,818,1000,818,588,1000,588,554,1000,0,0,0,0,0,0,1
19160.1,0,3640,3772,279,469,469,1,1,1,1,0,NVM,820,1000,820,591,1000,591,557,1000,0,0,0,0,0,0,1
19170.1,0,3640,3772,279,469,469,1,1,1,1,0,NVM,820,1000,820,591,1000,591,557,1000,0,0,0,0,0,0,1
19180.1,0,3640,3772,279,469,469,1,1,1,1,0,NVM,820,1000,820,591,1000,591,557,1000,0,0,0,0,0,0,1
19190.1,0,3640,3772,279,469,469,1,1,1,1,0,NVM,820,1000,820,591,1000,591,557,1000,0,0,0,0,0,0,1
19200.1,0,3640,3772,279,469,469,1,1,1,1,0,NVM,820,1000,820,591,1000,591,557,1000,0,0,0,0,0,0,1
19210.1,0,3640,3772,279,469,469,1,1,1,1,0,NVM,820,1000,820,591,1000,591,557,1000,0,0,0,0,0,0,1
19220.1,0,3640,3772,279,469,469,1,1,1,1,0,NVM,820,1000,820,591,1000,591,557,1000,0,0,0,0,0,0,1
19230.1,0,3640,3772,279,469,469,1,1,1,1,0,NVM,820,1000,820,591,1000,591,557,1000,0,0,0,0,0,0,1
19240.1,0,3640,3772,279,469,469,1,1,1,1,0,NVM,820,1000,820,591,1000,591,557,1000,0,0,0,0,0,0,1
19250.1,0,3640,3772,279,469,469,1,1,1,1,0,NVM,820,1000,820,591,1000,591,557,1000,0,0,0,0,0,0,1
19260.1,0,3640,3772,283,469,469,1,1,1,1,0,NVM,819,1000,819,589,1000,589,555,1000,0,0,0,0,0,0,1
19270.1,0,3640,3772,283,469,469,1,1,1,1,0,NVM,819,1000,819,589,1000,589,555,1000,0,0,0,0,0,0,1
19280.1,0,3640,3772,283,469,469,1,1,1,1,0,NVM,819,1000,819,589,1000,589,555,1000,0,0,0,0,0,0,1
19290.1,0,3640,3772,283,469,469,1,1,1,1,0,NVM,819,1000,819,589,1000,589,555,1000,0,0,0,0,0,0,1
19300.1,0,3640,3772,283,469,469,1,1,1,1,0,NVM,819,1000,819,589,1000,589,555,1000,0,0,0,0,0,0,1
19310.1,0,3640,3772,283,469,469,1,1,1,1,0,NVM,819,1000,819,589,1000,589,555,1000,0,0,0,0,0,0,1
19320.1,0,3640,3772,283,469,469,1,1,1,1,0,NVM,819,1000,819,589,1000,589,555,1000,0,0,0,0,0,0,1
19330.1,0,3640,3772,283,469,469,1,1,1,1,0,NVM,819,1000,819,589,1000,589,555,1000,0,0,0,0,0,0,1
19340.1,0,3640,3772,283,469,469,1,1,1,1,0,NVM,819,1000,819,589,1000,589,555,1000,0,0,0,0,0,0,1
19350.1,0,3640,3772,283,469,469,1,1,1,1,0,NVM,819,1000,819,589,1000,589,555,1000,0,0,0,0,0,0,1
19360.1,0,3629,3755,280,469,469,1,1,1,1,0,NVM,819,1000,819,590,1000,590,556,1000,0,0,0,0,0,0,1
19370.1,0,3629,3755,280,469,469,1,1,1,1,0,NVM,819,1000,819,590,1000,590,556,1000,0,0,0,0,0,0,1
19380.1,0,3629,3755,280,469,469,1,1,1,1,0,NVM,819,1000,819,590,1000,590,556,1000,0,0,0,0,0,0,1
19390.1,0,3629,3755,280,469,469,1,1,1,1,0,NVM,819,1000,819,590,1000,590,556,1000,0,0,0,0,0,0,1
19400.1,0,3629,3755,280,469,469,1,1,1,1,0,NVM,819,1000,819,590,1000,590,556,1000,0,0,0,0,0,0,1
19410.1,0,3629,3755,280,469,469,1,1,1,1,0,NVM,819,1000,819,590,1000,590,556,1000,0,0,0,0,0,0,1
19420.1,0,3629,3755,280,469,469,1,1,1,1,0,NVM,819,1000,819,590,1000,590,556,1000,0,0,0,0,0,0,1
19430.1,0,3629,3755,280,469,469,1,1,1,1,0,NVM,819,1000,819,590,1000,590,556,1000,0,0,0,0,0,0,1
19440.1,0,3629,3755,280,469,469,1,1,1,1,0,NVM,819,1000,819,590,1000,590,556,1000,0,0,0,0,0,0,1
19450.1,0,3629,3755,280,469,469,1,1,1,1,0,NVM,819,1000,819,590,1000,590,556,1000,0,0,0,0,0,0,1
19460.1,0,3629,3755,278,469,469,1,1,1,1,0,NVM,820,1000,820,591,1000,591,557,1000,0,0,0,0,0,0,1
19470.1,0,3629,3755,278,469,469,1,1,1,1,0,NVM,820,1000,820,591,1000,591,557,1000,0,0,0,0,0,0,1
19480.1,0,3629,3755,278,469,469,1,1,1,1,0,NVM,820,1000,820,591,1000,591,557,1000,0,0,0,0,0,0,1
19490.2,0,3629,3755,278,469,469,1,1,1,1,0,NVM,820,1000,820,591,1000,591,557,1000,0,0,0,0,0,0,1
19500.1,0,3629,3755,278,469,469,1,1,1,1,0,NVM,820,1000,820,591,1000,591,557,1000,0,0,0,0,0,0,1
19510.1,0,3629,3755,278,469,469,1,1,1,1,0,NVM,820,1000,820,591,1000,591,557,1000,0,0,0,0,0,0,1
19520.1,0,3629,3755,278,469,469,1,1,1,1,0,NVM,820,1000,820,591,1000,591,557,1000,0,0,0,0,0,0,1
19530.1,0,3629,3755,278,469,469,1,1,1,1,0,NVM,820,1000,820,591,1000,591,557,1000,0,0,0,0,0,0,1
19540.1,0,3629,3755,278,469,469,1,1,1,1,0,NVM,820,1000,820,591,1000,591,557,1000,0,0,0,0,0,0,1
19550.1,0,3629,3755,278,469,469,1,1,1,1,0,NVM,820,1000,820,591,1000,591,557,1000,0,0,0,0,0,0,1
19560.1,0,3626,3771,278,469,469,1,1,1,1,0,NVM,820,1000,820,591,1000,591,557,1000,0,0,0,0,0,0,1
19570.1,0,3626,3771,278,469,469,1,1,1,1,0,NVM,820,1000,820,591,1000,591,557,1000,0,0,0,0,0,0,1
19580.1,0,3626,3771,278,469,469,1,1,1,1,0,NVM,820,1000,820,591,1000,591,557,1000,0,0,0,0,0,0,1
19590.1,0,3626,3771,278,469,469,1,1,1,1,0,NVM,820,1000,820,591,1000,591,557,1000,0,0,0,0,0,0,1
19600.2,0,3626,3771,278,469,469,1,1,1,1,0,NVM,820,1000,820,591,1000,591,557,1000,0,0,0,0,0,0,1
19610.1,0,3626,3771,278,469,469,1,1,1,1,0,NVM,820,1000,820,591,1000,591,557,1000,0,0,0,0,0,0,1
19620.1,0,3626,3771,278,469,469,1,1,1,1,0,NVM,820,1000,820,591,1000,591,557,1000,0,0,0,0,0,0,1
19630.1,0,3626,3771,278,469,469,1,1,1,1,0,NVM,820,1000,820,591,1000,591,557,1000,0,0,0,0,0,0,1
19640.1,0,3626,3771,278,469,469,1,1,1,1,0,NVM,820,1000,820,591,1000,591,557,1000,0,0,0,0,0,0,1
19650.1,0,3626,3771,278,469,469,1,1,1,1,0,NVM,820,1000,820,591,1000,591,557,1000,0,0,0,0,0,0,1
19660.1,0,3626,3771,278,469,469,1,1,1,1,0,NVM,820,1000,820,591,1000,591,557,1000,0,0,0,0,0,0,1
19670.1,0,3626,3771,278,469,469,1,1,1,1,0,NVM,820,1000,820,591,1000,591,557,1000,0,0,0,0,0,0,1
19680.1,0,3626,3771,278,469,469,1,1,1,1,0,NVM,820,1000,820,591,1000,591,557,1000,0,0,0,0,0,0,1
19690.1,0,3626,3771,278,469,469,1,1,1,1,0,NVM,820,1000,820,591,1000,591,557,1000,0,0,0,0,0,0,1
19700.1,0,3626,3771,278,469,469,1,1,1,1,0,NVM,820,1000,820,591,1000,591,557,1000,0,0,0,0,0,0,1
19710.1,0,3626,3771,278,469,469,1,1,1,1,0,NVM,820,1000,820,591,1000,591,557,1000,0,0,0,0,0,0,1
19720.1,0,3626,3771,278,469,469,1,1,1,1,0,NVM,820,1000,820,591,1000,591,557,1000,0,0,0,0,0,0,1
19730.1,0,3626,3771,278,469,469,1,1,1,1,0,NVM,820,1000,820,591,1000,591,557,1000,0,0,0,0,0,0,1
19740.1,0,3626,3771,278,469,469,1,1,1,1,0,NVM,820,1000,820,591,1000,591,557,1000,0,0,0,0,0,0,1
19750.1,0,3626,3771,278,469,469,1,1,1,1,0,NVM,820,1000,820,591,1000,591,557,1000,0,0,0,0,0,0,1
19760.1,0,3626,3771,282,469,469,1,1,1,1,0,NVM,819,1000,819,590,1000,590,556,1000,0,0,0,0,0,0,1
19770.1,0,3626,3771,282,469,469,1,1,1,1,0,NVM,819,1000,819,590,1000,590,556,1000,0,0,0,0,0,0,1
19780.1,0,3626,3771,282,469,469,1,1,1,1,0,NVM,819,1000,819,590,1000,590,556,1000,0,0,0,0,0,0,1
19790.1,0,3626,3771,282,469,469,1,1,1,1,0,NVM,819,1000,819,590,1000,590,556,1000,0,0,0,0,0,0,1
19800.1,0,3626,3771,282,469,469,1,1,1,1,0,NVM,819,1000,819,590,1000,590,556,1000,0,0,0,0,0,0,1
19810.1,0,3626,3771,282,469,469,1,1,1,1,0,NVM,819,1000,819,590,1000,590,556,1000,0,0,0,0,0,0,1
19820.1,0,3626,3771,282,469,469,1,1,1,1,0,NVM,819,1000,819,590,1000,590,556,1000,0,0,0,0,0,0,1
19830.1,0,3626,3771,282,469,469,1,1,1,1,0,NVM,819,1000,819,590,1000,590,556,1000,0,0,0,0,0,0,1
19840.1,0,3626,3771,282,469,469,1,1,1,1,0,NVM,819,1000,819,590,1000,590,556,1000,0,0,0,0,0,0,1
19850.1,0,3626,3771,282,469,469,1,1,1,1,0,NVM,819,1000,819,590,1000,590,556,1000,0,0,0,0,0,0,1
19860.1,0,3628,3765,283,469,469,1,1,1,1,0,NVM,819,1000,819,589,1000,589,555,1000,0,0,0,0,0,0,1
19870.1,0,3628,3765,283,469,469,1,1,1,1,0,NVM,819,1000,819,589,1000,589,555,1000,0,0,0,0,0,0,1
19880.1,0,3628,3765,283,469,469,1,1,1,1,0,NVM,819,1000,819,589,1000,589,555,1000,0,0,0,0,0,0,1
19890.1,0,3628,3765,283,469,469,1,1,1,1,0,NVM,819,1000,819,589,1000,589,555,1000,0,0,0,0,0,0,1
19900.1,0,3628,3765,283,469,469,1,1,1,1,0,NVM,819,1000,819,589,1000,589,555,1000,0,0,0,0,0,0,1
19910.1,0,3628,3765,283,469,469,1,1,1,1,0,NVM,819,1000,819,589,1000,589,555,1000,0,0,0,0,0,0,1
19920.1,0,3628,3765,283,469,469,1,1,1,1,0,NVM,819,1000,819,589,1000,589,555,1000,0,0,0,0,0,0,1
19930.1,0,3628,3765,283,469,469,1,1,1,1,0,NVM,819,1000,819,589,1000,589,555,1000,0,0,0,0,0,0,1
19940.1,0,3628,3765,283,469,469,1,1,1,1,0,NVM,819,1000,819,589,1000,589,555,1000,0,0,0,0,0,0,1
19950.1,0,3628,3765,283,469,469,1,1,1,1,0,NVM,819,1000,819,589,1000,589,555,1000,0,0,0,0,0,0,1
19960.1,0,3628,3765,283,469,469,1,1,1,1,0,NVM,819,1000,819,589,1000,589,555,1000,0,0,0,0,0,0,1
19970.1,0,3628,3765,283,469,469,1,1,1,1,0,NVM,819,1000,819,589,1000,589,555,1000,0,0,0,0,0,0,1
